{
	"credit": "Made with Blockbench",
	"texture_size": [32, 32],
	"textures": {
		"1": "item/lightsabers/green_saber",
		"2": "item/lightsabers/green_saber_beam",
		"3": "item/lightsabers/ahsokalong",
		"particle": "item/lightsabers/ahsokalong"
	},
	"elements": [
		{
			"from": [7.875, -3, 7.875],
			"to": [8.125, 0, 8.125],
			"rotation": {"angle": 0, "axis": "y", "origin": [7.5, 16, 7.475]},
			"faces": {
				"north": {"uv": [0, 2, 0.125, 3.5], "texture": "#3"},
				"east": {"uv": [2, 0, 2.125, 1.5], "texture": "#3"},
				"south": {"uv": [0.5, 2, 0.625, 3.5], "texture": "#3"},
				"west": {"uv": [1, 2, 1.125, 3.5], "texture": "#3"},
				"up": {"uv": [0.625, 8.125, 0.5, 8], "texture": "#3"},
				"down": {"uv": [8.125, 0.5, 8, 0.625], "texture": "#3"}
			}
		},
		{
			"from": [7.8, -0.1, 7.8],
			"to": [8.2, 0, 8.2],
			"rotation": {"angle": 0, "axis": "y", "origin": [7.5, 16, 7.475]},
			"faces": {
				"north": {"uv": [8.5, 0.5, 8.6875, 0.5625], "texture": "#3"},
				"east": {"uv": [1, 8.5, 1.1875, 8.5625], "texture": "#3"},
				"south": {"uv": [8.5, 1, 8.6875, 1.0625], "texture": "#3"},
				"west": {"uv": [1.5, 8.5, 1.6875, 8.5625], "texture": "#3"},
				"up": {"uv": [7.6875, 2.6875, 7.5, 2.5], "texture": "#3"},
				"down": {"uv": [7.6875, 3, 7.5, 3.1875], "texture": "#3"}
			}
		},
		{
			"from": [7.7, -0.15, 7.725],
			"to": [7.85, 0.175, 7.825],
			"rotation": {"angle": 45, "axis": "y", "origin": [7.775, 0.0125, 7.775]},
			"faces": {
				"north": {"uv": [1, 9, 1.0625, 9.1875], "texture": "#3"},
				"east": {"uv": [9, 1, 9.0625, 1.1875], "texture": "#3"},
				"south": {"uv": [1.5, 9, 1.5625, 9.1875], "texture": "#3"},
				"west": {"uv": [9, 1.5, 9.0625, 1.6875], "texture": "#3"},
				"up": {"uv": [0.0625, 10.0625, 0, 10], "texture": "#3"},
				"down": {"uv": [10.0625, 0, 10, 0.0625], "texture": "#3"}
			}
		},
		{
			"from": [7.7, -0.15, 8.375],
			"to": [7.85, 0.175, 8.475],
			"rotation": {"angle": 45, "axis": "y", "origin": [7.775, 0.0125, 7.775]},
			"faces": {
				"north": {"uv": [2, 9, 2.0625, 9.1875], "texture": "#3"},
				"east": {"uv": [9, 2, 9.0625, 2.1875], "texture": "#3"},
				"south": {"uv": [2.5, 9, 2.5625, 9.1875], "texture": "#3"},
				"west": {"uv": [9, 2.5, 9.0625, 2.6875], "texture": "#3"},
				"up": {"uv": [0.5625, 10.0625, 0.5, 10], "texture": "#3"},
				"down": {"uv": [10.0625, 0.5, 10, 0.5625], "texture": "#3"}
			}
		},
		{
			"from": [7.675, -0.775, 8.35],
			"to": [7.875, -0.525, 8.5],
			"rotation": {"angle": 45, "axis": "y", "origin": [7.775, 0.0125, 7.775]},
			"faces": {
				"north": {"uv": [8.5, 0, 8.625, 0.125], "texture": "#3"},
				"east": {"uv": [8, 9, 8.0625, 9.125], "texture": "#3"},
				"south": {"uv": [0.5, 8.5, 0.625, 8.625], "texture": "#3"},
				"west": {"uv": [9, 8, 9.0625, 8.125], "texture": "#3"},
				"up": {"uv": [8.625, 9.0625, 8.5, 9], "texture": "#3"},
				"down": {"uv": [9.125, 8.5, 9, 8.5625], "texture": "#3"}
			}
		},
		{
			"from": [7.725, -0.1, 8.475],
			"to": [7.825, 0.125, 8.7],
			"rotation": {"angle": 45, "axis": "y", "origin": [7.775, 0.0125, 7.775]},
			"faces": {
				"north": {"uv": [6, 9, 6.0625, 9.125], "texture": "#3"},
				"east": {"uv": [7.5, 8, 7.625, 8.125], "texture": "#3"},
				"south": {"uv": [9, 6, 9.0625, 6.125], "texture": "#3"},
				"west": {"uv": [8, 7.5, 8.125, 7.625], "texture": "#3"},
				"up": {"uv": [6.5625, 9.125, 6.5, 9], "texture": "#3"},
				"down": {"uv": [9.0625, 6.5, 9, 6.625], "texture": "#3"}
			}
		},
		{
			"from": [7.725, -0.1, 7.5],
			"to": [7.825, 0.125, 7.725],
			"rotation": {"angle": 45, "axis": "y", "origin": [7.775, 0.0125, 7.775]},
			"faces": {
				"north": {"uv": [7, 9, 7.0625, 9.125], "texture": "#3"},
				"east": {"uv": [8, 8, 8.125, 8.125], "texture": "#3"},
				"south": {"uv": [9, 7, 9.0625, 7.125], "texture": "#3"},
				"west": {"uv": [0, 8.5, 0.125, 8.625], "texture": "#3"},
				"up": {"uv": [7.5625, 9.125, 7.5, 9], "texture": "#3"},
				"down": {"uv": [9.0625, 7.5, 9, 7.625], "texture": "#3"}
			}
		},
		{
			"from": [7.7, -1.95, 7.675],
			"to": [7.85, -1.35, 7.825],
			"rotation": {"angle": 45, "axis": "y", "origin": [7.775, 0.0125, 7.775]},
			"faces": {
				"north": {"uv": [7.5, 7, 7.5625, 7.3125], "texture": "#3"},
				"east": {"uv": [7.5, 7.5, 7.5625, 7.8125], "texture": "#3"},
				"south": {"uv": [0, 8, 0.0625, 8.3125], "texture": "#3"},
				"west": {"uv": [8, 0, 8.0625, 0.3125], "texture": "#3"},
				"up": {"uv": [1.0625, 10.0625, 1, 10], "texture": "#3"},
				"down": {"uv": [10.0625, 1, 10, 1.0625], "texture": "#3"}
			}
		},
		{
			"from": [7.825, -3.75, 7.825],
			"to": [8.175, -0.1, 8.175],
			"rotation": {"angle": 0, "axis": "y", "origin": [7.5, 16, 7.475]},
			"faces": {
				"north": {"uv": [0, 0, 0.1875, 1.8125], "texture": "#3"},
				"east": {"uv": [0.5, 0, 0.6875, 1.8125], "texture": "#3"},
				"south": {"uv": [1, 0, 1.1875, 1.8125], "texture": "#3"},
				"west": {"uv": [1.5, 0, 1.6875, 1.8125], "texture": "#3"},
				"up": {"uv": [3.6875, 7.6875, 3.5, 7.5], "texture": "#3"},
				"down": {"uv": [7.6875, 3.5, 7.5, 3.6875], "texture": "#3"}
			}
		},
		{
			"from": [7.725, -2.5, 7.725],
			"to": [8.275, -2.425, 8.275],
			"rotation": {"angle": 0, "axis": "y", "origin": [7.5, 16, 7.475]},
			"faces": {
				"north": {"uv": [2.5, 8, 2.75, 8.0625], "texture": "#3"},
				"east": {"uv": [8, 2.5, 8.25, 2.5625], "texture": "#3"},
				"south": {"uv": [3, 8, 3.25, 8.0625], "texture": "#3"},
				"west": {"uv": [8, 3, 8.25, 3.0625], "texture": "#3"},
				"up": {"uv": [6.75, 6.25, 6.5, 6], "texture": "#3"},
				"down": {"uv": [6.75, 6.5, 6.5, 6.75], "texture": "#3"}
			}
		},
		{
			"from": [7.725, -3.325, 7.725],
			"to": [8.275, -3.25, 8.275],
			"rotation": {"angle": 0, "axis": "y", "origin": [7.5, 16, 7.475]},
			"faces": {
				"north": {"uv": [3.5, 8, 3.75, 8.0625], "texture": "#3"},
				"east": {"uv": [8, 3.5, 8.25, 3.5625], "texture": "#3"},
				"south": {"uv": [4, 8, 4.25, 8.0625], "texture": "#3"},
				"west": {"uv": [8, 4, 8.25, 4.0625], "texture": "#3"},
				"up": {"uv": [7.25, 0.25, 7, 0], "texture": "#3"},
				"down": {"uv": [7.25, 0.5, 7, 0.75], "texture": "#3"}
			}
		},
		{
			"from": [7.75, -3.4, 7.75],
			"to": [8.25, -3.325, 8.25],
			"rotation": {"angle": 0, "axis": "y", "origin": [7.5, 16, 7.475]},
			"faces": {
				"north": {"uv": [4.5, 8, 4.75, 8.0625], "texture": "#3"},
				"east": {"uv": [8, 4.5, 8.25, 4.5625], "texture": "#3"},
				"south": {"uv": [5, 8, 5.25, 8.0625], "texture": "#3"},
				"west": {"uv": [8, 5, 8.25, 5.0625], "texture": "#3"},
				"up": {"uv": [7.25, 1.25, 7, 1], "texture": "#3"},
				"down": {"uv": [7.25, 1.5, 7, 1.75], "texture": "#3"}
			}
		},
		{
			"from": [7.725, -3.475, 7.725],
			"to": [8.275, -3.4, 8.275],
			"rotation": {"angle": 0, "axis": "y", "origin": [7.5, 16, 7.475]},
			"faces": {
				"north": {"uv": [5.5, 8, 5.75, 8.0625], "texture": "#3"},
				"east": {"uv": [8, 5.5, 8.25, 5.5625], "texture": "#3"},
				"south": {"uv": [6, 8, 6.25, 8.0625], "texture": "#3"},
				"west": {"uv": [8, 6, 8.25, 6.0625], "texture": "#3"},
				"up": {"uv": [7.25, 2.25, 7, 2], "texture": "#3"},
				"down": {"uv": [7.25, 2.5, 7, 2.75], "texture": "#3"}
			}
		},
		{
			"from": [7.725, -3.775, 7.725],
			"to": [8.275, -3.7, 8.275],
			"rotation": {"angle": 0, "axis": "y", "origin": [7.5, 16, 7.475]},
			"faces": {
				"north": {"uv": [6.5, 8, 6.75, 8.0625], "texture": "#3"},
				"east": {"uv": [8, 6.5, 8.25, 6.5625], "texture": "#3"},
				"south": {"uv": [7, 8, 7.25, 8.0625], "texture": "#3"},
				"west": {"uv": [8, 7, 8.25, 7.0625], "texture": "#3"},
				"up": {"uv": [7.25, 3.25, 7, 3], "texture": "#3"},
				"down": {"uv": [7.25, 3.5, 7, 3.75], "texture": "#3"}
			}
		},
		{
			"from": [7.7, -3.25, 7.7],
			"to": [8.3, -2.5, 8.3],
			"rotation": {"angle": 0, "axis": "y", "origin": [7.5, 16, 7.475]},
			"faces": {
				"north": {"uv": [1.5, 2, 1.8125, 2.375], "texture": "#3"},
				"east": {"uv": [2, 1.5, 2.3125, 1.875], "texture": "#3"},
				"south": {"uv": [2, 2, 2.3125, 2.375], "texture": "#3"},
				"west": {"uv": [2.5, 0, 2.8125, 0.375], "texture": "#3"},
				"up": {"uv": [6.3125, 2.3125, 6, 2], "texture": "#3"},
				"down": {"uv": [6.3125, 2.5, 6, 2.8125], "texture": "#3"}
			}
		},
		{
			"from": [7.7, -3.7, 7.7],
			"to": [8.3, -3.475, 8.3],
			"rotation": {"angle": 0, "axis": "y", "origin": [7.5, 16, 7.475]},
			"faces": {
				"north": {"uv": [7, 6, 7.3125, 6.125], "texture": "#3"},
				"east": {"uv": [6.5, 7, 6.8125, 7.125], "texture": "#3"},
				"south": {"uv": [7, 6.5, 7.3125, 6.625], "texture": "#3"},
				"west": {"uv": [7, 7, 7.3125, 7.125], "texture": "#3"},
				"up": {"uv": [3.3125, 6.3125, 3, 6], "texture": "#3"},
				"down": {"uv": [6.3125, 3, 6, 3.3125], "texture": "#3"}
			}
		},
		{
			"from": [7.675, -3.7, 7.75],
			"to": [8.325, -3.475, 7.825],
			"rotation": {"angle": 0, "axis": "y", "origin": [7.5, 16, 7.475]},
			"faces": {
				"north": {"uv": [1, 7.5, 1.3125, 7.625], "texture": "#3"},
				"east": {"uv": [5, 9, 5.0625, 9.125], "texture": "#3"},
				"south": {"uv": [7.5, 1, 7.8125, 1.125], "texture": "#3"},
				"west": {"uv": [9, 5, 9.0625, 5.125], "texture": "#3"},
				"up": {"uv": [7.8125, 6.0625, 7.5, 6], "texture": "#3"},
				"down": {"uv": [6.8125, 7.5, 6.5, 7.5625], "texture": "#3"}
			}
		},
		{
			"from": [7.675, -3.7, 8.175],
			"to": [8.325, -3.475, 8.25],
			"rotation": {"angle": 0, "axis": "y", "origin": [7.5, 16, 7.475]},
			"faces": {
				"north": {"uv": [7.5, 1.5, 7.8125, 1.625], "texture": "#3"},
				"east": {"uv": [5.5, 9, 5.5625, 9.125], "texture": "#3"},
				"south": {"uv": [7.5, 2, 7.8125, 2.125], "texture": "#3"},
				"west": {"uv": [9, 5.5, 9.0625, 5.625], "texture": "#3"},
				"up": {"uv": [7.8125, 6.5625, 7.5, 6.5], "texture": "#3"},
				"down": {"uv": [7.3125, 7.5, 7, 7.5625], "texture": "#3"}
			}
		},
		{
			"from": [7.75, -3.7, 7.675],
			"to": [7.825, -3.475, 8.325],
			"rotation": {"angle": 0, "axis": "y", "origin": [7.5, 16, 7.475]},
			"faces": {
				"north": {"uv": [3, 9, 3.0625, 9.125], "texture": "#3"},
				"east": {"uv": [0, 7.5, 0.3125, 7.625], "texture": "#3"},
				"south": {"uv": [9, 3, 9.0625, 3.125], "texture": "#3"},
				"west": {"uv": [7.5, 0, 7.8125, 0.125], "texture": "#3"},
				"up": {"uv": [5.0625, 7.8125, 5, 7.5], "texture": "#3"},
				"down": {"uv": [7.5625, 5, 7.5, 5.3125], "texture": "#3"}
			}
		},
		{
			"from": [8.175, -3.7, 7.675],
			"to": [8.25, -3.475, 8.325],
			"rotation": {"angle": 0, "axis": "y", "origin": [7.5, 16, 7.475]},
			"faces": {
				"north": {"uv": [3.5, 9, 3.5625, 9.125], "texture": "#3"},
				"east": {"uv": [0.5, 7.5, 0.8125, 7.625], "texture": "#3"},
				"south": {"uv": [9, 3.5, 9.0625, 3.625], "texture": "#3"},
				"west": {"uv": [7.5, 0.5, 7.8125, 0.625], "texture": "#3"},
				"up": {"uv": [5.5625, 7.8125, 5.5, 7.5], "texture": "#3"},
				"down": {"uv": [7.5625, 5.5, 7.5, 5.8125], "texture": "#3"}
			}
		},
		{
			"from": [7.95, -3.7, 7.65],
			"to": [8.05, -3.475, 8.35],
			"rotation": {"angle": 0, "axis": "y", "origin": [7.5, 16, 7.475]},
			"faces": {
				"north": {"uv": [4, 9, 4.0625, 9.125], "texture": "#3"},
				"east": {"uv": [7, 4, 7.375, 4.125], "texture": "#3"},
				"south": {"uv": [9, 4, 9.0625, 4.125], "texture": "#3"},
				"west": {"uv": [7, 4.5, 7.375, 4.625], "texture": "#3"},
				"up": {"uv": [4.0625, 7.875, 4, 7.5], "texture": "#3"},
				"down": {"uv": [7.5625, 4, 7.5, 4.375], "texture": "#3"}
			}
		},
		{
			"from": [7.65, -3.7, 7.95],
			"to": [8.35, -3.475, 8.05],
			"rotation": {"angle": 0, "axis": "y", "origin": [8, -4.3375, 8]},
			"faces": {
				"north": {"uv": [7, 5, 7.375, 5.125], "texture": "#3"},
				"east": {"uv": [4.5, 9, 4.5625, 9.125], "texture": "#3"},
				"south": {"uv": [7, 5.5, 7.375, 5.625], "texture": "#3"},
				"west": {"uv": [9, 4.5, 9.0625, 4.625], "texture": "#3"},
				"up": {"uv": [4.875, 7.5625, 4.5, 7.5], "texture": "#3"},
				"down": {"uv": [7.875, 4.5, 7.5, 4.5625], "texture": "#3"}
			}
		},
		{
			"from": [7.75, -3.075, 7.8],
			"to": [7.8, 0.375, 7.875],
			"faces": {
				"north": {"uv": [2.5, 0.5, 2.5625, 2.25], "texture": "#3"},
				"east": {"uv": [1.5, 2.5, 1.5625, 4.25], "texture": "#3"},
				"south": {"uv": [2, 2.5, 2.0625, 4.25], "texture": "#3"},
				"west": {"uv": [2.5, 2.5, 2.5625, 4.25], "texture": "#3"},
				"up": {"uv": [9.0625, 9.0625, 9, 9], "texture": "#3"},
				"down": {"uv": [0.0625, 9.5, 0, 9.5625], "texture": "#3"}
			}
		},
		{
			"from": [7.75, -3.075, 7.875],
			"to": [7.8, 0.275, 7.975],
			"faces": {
				"north": {"uv": [4.5, 0, 4.5625, 1.6875], "texture": "#3"},
				"east": {"uv": [1.5, 4.5, 1.5625, 6.1875], "texture": "#3"},
				"south": {"uv": [2, 4.5, 2.0625, 6.1875], "texture": "#3"},
				"west": {"uv": [4.5, 2, 4.5625, 3.6875], "texture": "#3"},
				"up": {"uv": [9.5625, 0.0625, 9.5, 0], "texture": "#3"},
				"down": {"uv": [0.5625, 9.5, 0.5, 9.5625], "texture": "#3"}
			}
		},
		{
			"from": [7.75, -3.075, 7.75],
			"to": [7.875, 0.375, 7.8],
			"faces": {
				"north": {"uv": [3, 0, 3.0625, 1.75], "texture": "#3"},
				"east": {"uv": [3, 2, 3.0625, 3.75], "texture": "#3"},
				"south": {"uv": [0, 3.5, 0.0625, 5.25], "texture": "#3"},
				"west": {"uv": [3.5, 0, 3.5625, 1.75], "texture": "#3"},
				"up": {"uv": [9.5625, 0.5625, 9.5, 0.5], "texture": "#3"},
				"down": {"uv": [1.0625, 9.5, 1, 9.5625], "texture": "#3"}
			}
		},
		{
			"from": [7.875, -3.075, 7.75],
			"to": [7.975, 0.275, 7.8],
			"faces": {
				"north": {"uv": [2.5, 4.5, 2.5625, 6.1875], "texture": "#3"},
				"east": {"uv": [4.5, 4, 4.5625, 5.6875], "texture": "#3"},
				"south": {"uv": [5, 0, 5.0625, 1.6875], "texture": "#3"},
				"west": {"uv": [5, 2, 5.0625, 3.6875], "texture": "#3"},
				"up": {"uv": [9.5625, 1.0625, 9.5, 1], "texture": "#3"},
				"down": {"uv": [1.5625, 9.5, 1.5, 9.5625], "texture": "#3"}
			}
		},
		{
			"from": [7.975, -3.075, 7.75],
			"to": [8.075, -0.25, 7.8],
			"faces": {
				"north": {"uv": [5, 6, 5.0625, 7.4375], "texture": "#3"},
				"east": {"uv": [6, 5, 6.0625, 6.4375], "texture": "#3"},
				"south": {"uv": [5.5, 6, 5.5625, 7.4375], "texture": "#3"},
				"west": {"uv": [6.5, 0, 6.5625, 1.4375], "texture": "#3"},
				"up": {"uv": [9.5625, 4.0625, 9.5, 4], "texture": "#3"},
				"down": {"uv": [4.5625, 9.5, 4.5, 9.5625], "texture": "#3"}
			}
		},
		{
			"from": [8.075, -2.425, 7.75],
			"to": [8.15, -2.025, 7.8],
			"faces": {
				"north": {"uv": [8.5, 1.5, 8.5625, 1.6875], "texture": "#3"},
				"east": {"uv": [2, 8.5, 2.0625, 8.6875], "texture": "#3"},
				"south": {"uv": [8.5, 2, 8.5625, 2.1875], "texture": "#3"},
				"west": {"uv": [2.5, 8.5, 2.5625, 8.6875], "texture": "#3"},
				"up": {"uv": [9.5625, 5.5625, 9.5, 5.5], "texture": "#3"},
				"down": {"uv": [6.0625, 9.5, 6, 9.5625], "texture": "#3"}
			}
		},
		{
			"from": [8.15, -2.425, 7.75],
			"to": [8.2, -2.1, 7.8],
			"faces": {
				"north": {"uv": [8.5, 4.5, 8.5625, 4.6875], "texture": "#3"},
				"east": {"uv": [5, 8.5, 5.0625, 8.6875], "texture": "#3"},
				"south": {"uv": [8.5, 5, 8.5625, 5.1875], "texture": "#3"},
				"west": {"uv": [5.5, 8.5, 5.5625, 8.6875], "texture": "#3"},
				"up": {"uv": [9.5625, 7.0625, 9.5, 7], "texture": "#3"},
				"down": {"uv": [7.5625, 9.5, 7.5, 9.5625], "texture": "#3"}
			}
		},
		{
			"from": [7.925, -3.075, 8.2],
			"to": [8.025, -0.25, 8.25],
			"faces": {
				"north": {"uv": [1.5, 6.5, 1.5625, 7.9375], "texture": "#3"},
				"east": {"uv": [6.5, 1.5, 6.5625, 2.9375], "texture": "#3"},
				"south": {"uv": [2, 6.5, 2.0625, 7.9375], "texture": "#3"},
				"west": {"uv": [2.5, 6.5, 2.5625, 7.9375], "texture": "#3"},
				"up": {"uv": [9.5625, 4.5625, 9.5, 4.5], "texture": "#3"},
				"down": {"uv": [5.0625, 9.5, 5, 9.5625], "texture": "#3"}
			}
		},
		{
			"from": [8.2, -3.075, 8.125],
			"to": [8.25, 0.375, 8.25],
			"rotation": {"angle": 0, "axis": "y", "origin": [7.85, -0.775, 7.85]},
			"faces": {
				"north": {"uv": [4, 2, 4.0625, 3.75], "texture": "#3"},
				"east": {"uv": [3, 4, 3.0625, 5.75], "texture": "#3"},
				"south": {"uv": [3.5, 4, 3.5625, 5.75], "texture": "#3"},
				"west": {"uv": [4, 4, 4.0625, 5.75], "texture": "#3"},
				"up": {"uv": [9.5625, 3.0625, 9.5, 3], "texture": "#3"},
				"down": {"uv": [3.5625, 9.5, 3.5, 9.5625], "texture": "#3"}
			}
		},
		{
			"from": [8.125, -3.075, 8.2],
			"to": [8.2, 0.375, 8.25],
			"rotation": {"angle": 0, "axis": "y", "origin": [7.85, -0.775, 7.85]},
			"faces": {
				"north": {"uv": [0.5, 3.5, 0.5625, 5.25], "texture": "#3"},
				"east": {"uv": [1, 3.5, 1.0625, 5.25], "texture": "#3"},
				"south": {"uv": [3.5, 2, 3.5625, 3.75], "texture": "#3"},
				"west": {"uv": [4, 0, 4.0625, 1.75], "texture": "#3"},
				"up": {"uv": [9.5625, 2.5625, 9.5, 2.5], "texture": "#3"},
				"down": {"uv": [3.0625, 9.5, 3, 9.5625], "texture": "#3"}
			}
		},
		{
			"from": [8.025, -3.075, 8.2],
			"to": [8.125, 0.275, 8.25],
			"rotation": {"angle": 0, "axis": "y", "origin": [7.85, -0.775, 7.85]},
			"faces": {
				"north": {"uv": [1, 5.5, 1.0625, 7.1875], "texture": "#3"},
				"east": {"uv": [5.5, 2, 5.5625, 3.6875], "texture": "#3"},
				"south": {"uv": [5.5, 4, 5.5625, 5.6875], "texture": "#3"},
				"west": {"uv": [6, 0, 6.0625, 1.6875], "texture": "#3"},
				"up": {"uv": [9.5625, 2.0625, 9.5, 2], "texture": "#3"},
				"down": {"uv": [2.5625, 9.5, 2.5, 9.5625], "texture": "#3"}
			}
		},
		{
			"from": [8.2, -3.075, 8.025],
			"to": [8.25, 0.275, 8.125],
			"rotation": {"angle": 0, "axis": "y", "origin": [7.85, -0.775, 7.85]},
			"faces": {
				"north": {"uv": [5, 4, 5.0625, 5.6875], "texture": "#3"},
				"east": {"uv": [0, 5.5, 0.0625, 7.1875], "texture": "#3"},
				"south": {"uv": [5.5, 0, 5.5625, 1.6875], "texture": "#3"},
				"west": {"uv": [0.5, 5.5, 0.5625, 7.1875], "texture": "#3"},
				"up": {"uv": [9.5625, 1.5625, 9.5, 1.5], "texture": "#3"},
				"down": {"uv": [2.0625, 9.5, 2, 9.5625], "texture": "#3"}
			}
		},
		{
			"from": [8.2, -3.075, 7.925],
			"to": [8.25, -0.25, 8.025],
			"rotation": {"angle": 0, "axis": "y", "origin": [7.85, -0.775, 7.85]},
			"faces": {
				"north": {"uv": [3.5, 6, 3.5625, 7.4375], "texture": "#3"},
				"east": {"uv": [6, 3.5, 6.0625, 4.9375], "texture": "#3"},
				"south": {"uv": [4, 6, 4.0625, 7.4375], "texture": "#3"},
				"west": {"uv": [4.5, 6, 4.5625, 7.4375], "texture": "#3"},
				"up": {"uv": [9.5625, 3.5625, 9.5, 3.5], "texture": "#3"},
				"down": {"uv": [4.0625, 9.5, 4, 9.5625], "texture": "#3"}
			}
		},
		{
			"from": [8.2, -2.425, 7.85],
			"to": [8.25, -2.025, 7.925],
			"rotation": {"angle": 0, "axis": "y", "origin": [7.85, -0.775, 7.85]},
			"faces": {
				"north": {"uv": [8.5, 2.5, 8.5625, 2.6875], "texture": "#3"},
				"east": {"uv": [3, 8.5, 3.0625, 8.6875], "texture": "#3"},
				"south": {"uv": [8.5, 3, 8.5625, 3.1875], "texture": "#3"},
				"west": {"uv": [3.5, 8.5, 3.5625, 8.6875], "texture": "#3"},
				"up": {"uv": [9.5625, 6.0625, 9.5, 6], "texture": "#3"},
				"down": {"uv": [6.5625, 9.5, 6.5, 9.5625], "texture": "#3"}
			}
		},
		{
			"from": [8.2, -2.425, 7.75],
			"to": [8.25, -2.1, 7.85],
			"rotation": {"angle": 0, "axis": "y", "origin": [7.85, -0.775, 7.85]},
			"faces": {
				"north": {"uv": [8.5, 3.5, 8.5625, 3.6875], "texture": "#3"},
				"east": {"uv": [4, 8.5, 4.0625, 8.6875], "texture": "#3"},
				"south": {"uv": [8.5, 4, 8.5625, 4.1875], "texture": "#3"},
				"west": {"uv": [4.5, 8.5, 4.5625, 8.6875], "texture": "#3"},
				"up": {"uv": [9.5625, 6.5625, 9.5, 6.5], "texture": "#3"},
				"down": {"uv": [7.0625, 9.5, 7, 9.5625], "texture": "#3"}
			}
		},
		{
			"from": [7.75, -2.425, 8.075],
			"to": [7.8, -2.025, 8.15],
			"rotation": {"angle": 0, "axis": "y", "origin": [8.1875, -2.63125, 7.8125]},
			"faces": {
				"north": {"uv": [0, 9, 0.0625, 9.1875], "texture": "#3"},
				"east": {"uv": [9, 0, 9.0625, 0.1875], "texture": "#3"},
				"south": {"uv": [0.5, 9, 0.5625, 9.1875], "texture": "#3"},
				"west": {"uv": [9, 0.5, 9.0625, 0.6875], "texture": "#3"},
				"up": {"uv": [9.5625, 9.0625, 9.5, 9], "texture": "#3"},
				"down": {"uv": [9.5625, 9.5, 9.5, 9.5625], "texture": "#3"}
			}
		},
		{
			"from": [7.75, -2.425, 8.15],
			"to": [7.8, -2.1, 8.25],
			"rotation": {"angle": 0, "axis": "y", "origin": [8.1875, -2.63125, 7.8125]},
			"faces": {
				"north": {"uv": [8.5, 7.5, 8.5625, 7.6875], "texture": "#3"},
				"east": {"uv": [8, 8.5, 8.0625, 8.6875], "texture": "#3"},
				"south": {"uv": [8.5, 8, 8.5625, 8.1875], "texture": "#3"},
				"west": {"uv": [8.5, 8.5, 8.5625, 8.6875], "texture": "#3"},
				"up": {"uv": [9.5625, 8.5625, 9.5, 8.5], "texture": "#3"},
				"down": {"uv": [9.0625, 9.5, 9, 9.5625], "texture": "#3"}
			}
		},
		{
			"from": [7.8, -2.425, 8.2],
			"to": [7.85, -2.1, 8.25],
			"rotation": {"angle": 0, "axis": "y", "origin": [8.1875, -2.63125, 7.8125]},
			"faces": {
				"north": {"uv": [8.5, 6.5, 8.5625, 6.6875], "texture": "#3"},
				"east": {"uv": [7, 8.5, 7.0625, 8.6875], "texture": "#3"},
				"south": {"uv": [8.5, 7, 8.5625, 7.1875], "texture": "#3"},
				"west": {"uv": [7.5, 8.5, 7.5625, 8.6875], "texture": "#3"},
				"up": {"uv": [9.5625, 8.0625, 9.5, 8], "texture": "#3"},
				"down": {"uv": [8.5625, 9.5, 8.5, 9.5625], "texture": "#3"}
			}
		},
		{
			"from": [7.85, -2.425, 8.2],
			"to": [7.925, -2.025, 8.25],
			"rotation": {"angle": 0, "axis": "y", "origin": [8.1875, -2.63125, 7.8125]},
			"faces": {
				"north": {"uv": [8.5, 5.5, 8.5625, 5.6875], "texture": "#3"},
				"east": {"uv": [6, 8.5, 6.0625, 8.6875], "texture": "#3"},
				"south": {"uv": [8.5, 6, 8.5625, 6.1875], "texture": "#3"},
				"west": {"uv": [6.5, 8.5, 6.5625, 8.6875], "texture": "#3"},
				"up": {"uv": [9.5625, 7.5625, 9.5, 7.5], "texture": "#3"},
				"down": {"uv": [8.0625, 9.5, 8, 9.5625], "texture": "#3"}
			}
		},
		{
			"from": [7.75, -3.075, 7.975],
			"to": [7.8, -0.25, 8.075],
			"rotation": {"angle": 0, "axis": "y", "origin": [7.85, -0.775, 7.85]},
			"faces": {
				"north": {"uv": [3, 6.5, 3.0625, 7.9375], "texture": "#3"},
				"east": {"uv": [6.5, 3, 6.5625, 4.4375], "texture": "#3"},
				"south": {"uv": [6.5, 4.5, 6.5625, 5.9375], "texture": "#3"},
				"west": {"uv": [6, 6.5, 6.0625, 7.9375], "texture": "#3"},
				"up": {"uv": [9.5625, 5.0625, 9.5, 5], "texture": "#3"},
				"down": {"uv": [5.5625, 9.5, 5.5, 9.5625], "texture": "#3"}
			}
		},
		{
			"name": "blade",
			"from": [7.825, 0, 7.825],
			"to": [8.175, 8.875, 8.175],
			"rotation": {"angle": 0, "axis": "y", "origin": [8, 8, 8]},
			"faces": {
				"north": {"uv": [7.875, 1.125, 8.125, 8.875], "texture": "#1"},
				"east": {"uv": [7.75, 1.125, 8, 8.875], "texture": "#1"},
				"south": {"uv": [7.875, 1.125, 8.125, 8.875], "texture": "#1"},
				"west": {"uv": [7.75, 1.125, 8, 8.875], "texture": "#1"},
				"up": {"uv": [3, 1.5, 2.875, 1.375], "texture": "#1"},
				"down": {"uv": [2.125, 6.5, 2, 6.625], "texture": "#1"}
			}
		},
		{
			"from": [8.15, 0, 7.95],
			"to": [8.15, 9.45, 8.775],
			"rotation": {"angle": 45, "axis": "y", "origin": [7.625, 13.3625, 8.375]},
			"faces": {
				"north": {"uv": [0, 0, 0, 5.175], "texture": "#2"},
				"east": {"uv": [2.69218, 0.89688, 3.19844, 7.88438], "texture": "#2"},
				"south": {"uv": [0, 0, 0, 5.175], "texture": "#2"},
				"west": {"uv": [2.67656, 0.89688, 3.18281, 7.88438], "texture": "#2"},
				"up": {"uv": [0, 0, 0, 0.3], "texture": "#2"},
				"down": {"uv": [0, 0, 0, 0.3], "texture": "#2"}
			}
		},
		{
			"from": [7.85, 8.725, 7.85],
			"to": [8.15, 8.925, 8.15],
			"faces": {
				"north": {"uv": [7.875, 1.125, 8, 1.25], "texture": "#1"},
				"east": {"uv": [7.875, 1.125, 8, 1.25], "texture": "#1"},
				"south": {"uv": [7.875, 1.125, 8, 1.25], "texture": "#1"},
				"west": {"uv": [7.875, 1.125, 8, 1.25], "texture": "#1"},
				"up": {"uv": [7.875, 1.125, 8, 1.25], "texture": "#1"},
				"down": {"uv": [7.875, 1.125, 8, 1.25], "texture": "#1"}
			}
		}
	],
	"display": {
		"thirdperson_righthand": {
			"rotation": [0, -45, 0],
			"translation": [0, 26.25, 0],
			"scale": [3, 3, 3]
		},
		"thirdperson_lefthand": {
			"rotation": [0, 45, 0],
			"translation": [0, 26.25, 0],
			"scale": [3, 3, 3]
		},
		"firstperson_righthand": {
			"rotation": [-11, 0, 0],
			"translation": [0.75, 14.25, -1],
			"scale": [1.5, 1.5, 1.5]
		},
		"firstperson_lefthand": {
			"rotation": [-11, 88, 0],
			"translation": [0.75, 14.25, -1],
			"scale": [1.5, 1.5, 1.5]
		},
		"ground": {
			"translation": [0, 34, 0],
			"scale": [3, 3, 3]
		},
		"gui": {
			"rotation": [0, 0, -45],
			"translation": [7.75, 8, 0],
			"scale": [2, 2, 2]
		},
		"fixed": {
			"rotation": [0, 0, 45],
			"translation": [-7.75, 7.75, 0],
			"scale": [2, 2, 2]
		}
	}
}