{
	"credit": "Made with Blockbench",
	"texture_size": [32, 32],
	"textures": {
		"1": "item/lightsabers/lightgreen_saber",
		"2": "item/lightsabers/lightgreen_saber_beam",
		"3": "item/lightsabers/ahsokashort",
		"particle": "item/lightsabers/ahsokashort"
	},
	"elements": [
		{
			"from": [7.875, -2.925, 7.875],
			"to": [8.125, 0, 8.125],
			"rotation": {"angle": 0, "axis": "y", "origin": [7.5, 16, 7.475]},
			"faces": {
				"north": {"uv": [1.5, 0, 1.625, 1.4375], "texture": "#3"},
				"east": {"uv": [0.5, 1.5, 0.625, 2.9375], "texture": "#3"},
				"south": {"uv": [1, 1.5, 1.125, 2.9375], "texture": "#3"},
				"west": {"uv": [1.5, 1.5, 1.625, 2.9375], "texture": "#3"},
				"up": {"uv": [7.625, 5.125, 7.5, 5], "texture": "#3"},
				"down": {"uv": [5.625, 7.5, 5.5, 7.625], "texture": "#3"}
			}
		},
		{
			"from": [7.8, -0.1, 7.8],
			"to": [8.2, 0, 8.2],
			"rotation": {"angle": 0, "axis": "y", "origin": [7.5, 16, 7.475]},
			"faces": {
				"north": {"uv": [5, 8, 5.1875, 8.0625], "texture": "#3"},
				"east": {"uv": [8, 5, 8.1875, 5.0625], "texture": "#3"},
				"south": {"uv": [5.5, 8, 5.6875, 8.0625], "texture": "#3"},
				"west": {"uv": [8, 5.5, 8.1875, 5.5625], "texture": "#3"},
				"up": {"uv": [6.6875, 5.6875, 6.5, 5.5], "texture": "#3"},
				"down": {"uv": [6.1875, 6.5, 6, 6.6875], "texture": "#3"}
			}
		},
		{
			"from": [7.675, -0.7, 8.35],
			"to": [7.875, -0.45, 8.5],
			"rotation": {"angle": 45, "axis": "y", "origin": [7.775, 0.0125, 7.775]},
			"faces": {
				"north": {"uv": [1, 8, 1.125, 8.125], "texture": "#3"},
				"east": {"uv": [8.5, 0.5, 8.5625, 0.625], "texture": "#3"},
				"south": {"uv": [8, 1, 8.125, 1.125], "texture": "#3"},
				"west": {"uv": [1, 8.5, 1.0625, 8.625], "texture": "#3"},
				"up": {"uv": [8.625, 1.0625, 8.5, 1], "texture": "#3"},
				"down": {"uv": [1.625, 8.5, 1.5, 8.5625], "texture": "#3"}
			}
		},
		{
			"from": [7.675, -1.175, 7.7],
			"to": [7.875, -0.925, 7.85],
			"rotation": {"angle": 45, "axis": "y", "origin": [7.775, 0.0125, 7.775]},
			"faces": {
				"north": {"uv": [4.5, 8, 4.625, 8.125], "texture": "#3"},
				"east": {"uv": [8.5, 1.5, 8.5625, 1.625], "texture": "#3"},
				"south": {"uv": [8, 4.5, 8.125, 4.625], "texture": "#3"},
				"west": {"uv": [2, 8.5, 2.0625, 8.625], "texture": "#3"},
				"up": {"uv": [8.625, 2.0625, 8.5, 2], "texture": "#3"},
				"down": {"uv": [2.625, 8.5, 2.5, 8.5625], "texture": "#3"}
			}
		},
		{
			"from": [7.825, -2.925, 7.825],
			"to": [8.175, -0.1, 8.175],
			"rotation": {"angle": 0, "axis": "y", "origin": [7.5, 16, 7.475]},
			"faces": {
				"north": {"uv": [0, 0, 0.1875, 1.4375], "texture": "#3"},
				"east": {"uv": [0.5, 0, 0.6875, 1.4375], "texture": "#3"},
				"south": {"uv": [1, 0, 1.1875, 1.4375], "texture": "#3"},
				"west": {"uv": [0, 1.5, 0.1875, 2.9375], "texture": "#3"},
				"up": {"uv": [6.6875, 6.1875, 6.5, 6], "texture": "#3"},
				"down": {"uv": [6.6875, 6.5, 6.5, 6.6875], "texture": "#3"}
			}
		},
		{
			"from": [7.75, -2.55, 7.75],
			"to": [8.25, -2.475, 8.25],
			"rotation": {"angle": 0, "axis": "y", "origin": [7.5, 16, 7.475]},
			"faces": {
				"north": {"uv": [7.5, 5.5, 7.75, 5.5625], "texture": "#3"},
				"east": {"uv": [6, 7.5, 6.25, 7.5625], "texture": "#3"},
				"south": {"uv": [7.5, 6, 7.75, 6.0625], "texture": "#3"},
				"west": {"uv": [6.5, 7.5, 6.75, 7.5625], "texture": "#3"},
				"up": {"uv": [6.25, 3.25, 6, 3], "texture": "#3"},
				"down": {"uv": [3.75, 6, 3.5, 6.25], "texture": "#3"}
			}
		},
		{
			"from": [7.75, -2.95, 7.75],
			"to": [8.25, -2.875, 8.25],
			"rotation": {"angle": 0, "axis": "y", "origin": [7.5, 16, 7.475]},
			"faces": {
				"north": {"uv": [3.5, 8, 3.75, 8.0625], "texture": "#3"},
				"east": {"uv": [8, 3.5, 8.25, 3.5625], "texture": "#3"},
				"south": {"uv": [4, 8, 4.25, 8.0625], "texture": "#3"},
				"west": {"uv": [8, 4, 8.25, 4.0625], "texture": "#3"},
				"up": {"uv": [6.25, 5.75, 6, 5.5], "texture": "#3"},
				"down": {"uv": [6.25, 6, 6, 6.25], "texture": "#3"}
			}
		},
		{
			"from": [7.775, -2.475, 7.775],
			"to": [8.225, -2.4, 8.225],
			"rotation": {"angle": 0, "axis": "y", "origin": [7.5, 16, 7.475]},
			"faces": {
				"north": {"uv": [2.5, 8, 2.75, 8.0625], "texture": "#3"},
				"east": {"uv": [8, 2.5, 8.25, 2.5625], "texture": "#3"},
				"south": {"uv": [3, 8, 3.25, 8.0625], "texture": "#3"},
				"west": {"uv": [8, 3, 8.25, 3.0625], "texture": "#3"},
				"up": {"uv": [6.25, 5.25, 6, 5], "texture": "#3"},
				"down": {"uv": [5.75, 6, 5.5, 6.25], "texture": "#3"}
			}
		},
		{
			"from": [7.75, -2.4, 7.75],
			"to": [8.25, -2.325, 8.25],
			"rotation": {"angle": 0, "axis": "y", "origin": [7.5, 16, 7.475]},
			"faces": {
				"north": {"uv": [1.5, 8, 1.75, 8.0625], "texture": "#3"},
				"east": {"uv": [8, 1.5, 8.25, 1.5625], "texture": "#3"},
				"south": {"uv": [2, 8, 2.25, 8.0625], "texture": "#3"},
				"west": {"uv": [8, 2, 8.25, 2.0625], "texture": "#3"},
				"up": {"uv": [6.25, 4.75, 6, 4.5], "texture": "#3"},
				"down": {"uv": [5.25, 6, 5, 6.25], "texture": "#3"}
			}
		},
		{
			"from": [7.725, -2.625, 7.725],
			"to": [8.275, -2.55, 8.275],
			"rotation": {"angle": 0, "axis": "y", "origin": [7.5, 16, 7.475]},
			"faces": {
				"north": {"uv": [7.5, 6.5, 7.75, 6.5625], "texture": "#3"},
				"east": {"uv": [7, 7.5, 7.25, 7.5625], "texture": "#3"},
				"south": {"uv": [7.5, 7, 7.75, 7.0625], "texture": "#3"},
				"west": {"uv": [7.5, 7.5, 7.75, 7.5625], "texture": "#3"},
				"up": {"uv": [6.25, 3.75, 6, 3.5], "texture": "#3"},
				"down": {"uv": [4.25, 6, 4, 6.25], "texture": "#3"}
			}
		},
		{
			"from": [7.725, -2.925, 7.725],
			"to": [8.275, -2.85, 8.275],
			"rotation": {"angle": 0, "axis": "y", "origin": [7.5, 16, 7.475]},
			"faces": {
				"north": {"uv": [0, 8, 0.25, 8.0625], "texture": "#3"},
				"east": {"uv": [8, 0, 8.25, 0.0625], "texture": "#3"},
				"south": {"uv": [0.5, 8, 0.75, 8.0625], "texture": "#3"},
				"west": {"uv": [8, 0.5, 8.25, 0.5625], "texture": "#3"},
				"up": {"uv": [6.25, 4.25, 6, 4], "texture": "#3"},
				"down": {"uv": [4.75, 6, 4.5, 6.25], "texture": "#3"}
			}
		},
		{
			"from": [7.7, -2.85, 7.7],
			"to": [8.3, -2.625, 8.3],
			"rotation": {"angle": 0, "axis": "y", "origin": [7.5, 16, 7.475]},
			"faces": {
				"north": {"uv": [6.5, 2, 6.8125, 2.125], "texture": "#3"},
				"east": {"uv": [6.5, 2.5, 6.8125, 2.625], "texture": "#3"},
				"south": {"uv": [6.5, 3, 6.8125, 3.125], "texture": "#3"},
				"west": {"uv": [3.5, 6.5, 3.8125, 6.625], "texture": "#3"},
				"up": {"uv": [2.3125, 0.3125, 2, 0], "texture": "#3"},
				"down": {"uv": [2.3125, 0.5, 2, 0.8125], "texture": "#3"}
			}
		},
		{
			"from": [7.675, -2.85, 7.75],
			"to": [8.325, -2.625, 7.825],
			"rotation": {"angle": 0, "axis": "y", "origin": [7.5, 16, 7.475]},
			"faces": {
				"north": {"uv": [6.5, 4.5, 6.8125, 4.625], "texture": "#3"},
				"east": {"uv": [8, 8, 8.0625, 8.125], "texture": "#3"},
				"south": {"uv": [5, 6.5, 5.3125, 6.625], "texture": "#3"},
				"west": {"uv": [0, 8.5, 0.0625, 8.625], "texture": "#3"},
				"up": {"uv": [7.8125, 4.0625, 7.5, 4], "texture": "#3"},
				"down": {"uv": [4.8125, 7.5, 4.5, 7.5625], "texture": "#3"}
			}
		},
		{
			"from": [7.675, -2.85, 8.175],
			"to": [8.325, -2.625, 8.25],
			"rotation": {"angle": 0, "axis": "y", "origin": [7.5, 16, 7.475]},
			"faces": {
				"north": {"uv": [6.5, 5, 6.8125, 5.125], "texture": "#3"},
				"east": {"uv": [8.5, 0, 8.5625, 0.125], "texture": "#3"},
				"south": {"uv": [5.5, 6.5, 5.8125, 6.625], "texture": "#3"},
				"west": {"uv": [0.5, 8.5, 0.5625, 8.625], "texture": "#3"},
				"up": {"uv": [7.8125, 4.5625, 7.5, 4.5], "texture": "#3"},
				"down": {"uv": [5.3125, 7.5, 5, 7.5625], "texture": "#3"}
			}
		},
		{
			"from": [7.75, -2.85, 7.675],
			"to": [7.825, -2.625, 8.325],
			"rotation": {"angle": 0, "axis": "y", "origin": [7.5, 16, 7.475]},
			"faces": {
				"north": {"uv": [6, 8, 6.0625, 8.125], "texture": "#3"},
				"east": {"uv": [6.5, 3.5, 6.8125, 3.625], "texture": "#3"},
				"south": {"uv": [8, 6, 8.0625, 6.125], "texture": "#3"},
				"west": {"uv": [4, 6.5, 4.3125, 6.625], "texture": "#3"},
				"up": {"uv": [7.5625, 3.3125, 7.5, 3], "texture": "#3"},
				"down": {"uv": [3.5625, 7.5, 3.5, 7.8125], "texture": "#3"}
			}
		},
		{
			"from": [8.175, -2.85, 7.675],
			"to": [8.25, -2.625, 8.325],
			"rotation": {"angle": 0, "axis": "y", "origin": [7.5, 16, 7.475]},
			"faces": {
				"north": {"uv": [6.5, 8, 6.5625, 8.125], "texture": "#3"},
				"east": {"uv": [6.5, 4, 6.8125, 4.125], "texture": "#3"},
				"south": {"uv": [8, 6.5, 8.0625, 6.625], "texture": "#3"},
				"west": {"uv": [4.5, 6.5, 4.8125, 6.625], "texture": "#3"},
				"up": {"uv": [7.5625, 3.8125, 7.5, 3.5], "texture": "#3"},
				"down": {"uv": [4.0625, 7.5, 4, 7.8125], "texture": "#3"}
			}
		},
		{
			"from": [7.95, -2.85, 7.65],
			"to": [8.05, -2.625, 8.35],
			"rotation": {"angle": 0, "axis": "y", "origin": [7.5, 16, 7.475]},
			"faces": {
				"north": {"uv": [7, 8, 7.0625, 8.125], "texture": "#3"},
				"east": {"uv": [6.5, 0, 6.875, 0.125], "texture": "#3"},
				"south": {"uv": [8, 7, 8.0625, 7.125], "texture": "#3"},
				"west": {"uv": [6.5, 0.5, 6.875, 0.625], "texture": "#3"},
				"up": {"uv": [7.5625, 2.375, 7.5, 2], "texture": "#3"},
				"down": {"uv": [2.5625, 7.5, 2.5, 7.875], "texture": "#3"}
			}
		},
		{
			"from": [7.65, -2.85, 7.95],
			"to": [8.35, -2.625, 8.05],
			"rotation": {"angle": 0, "axis": "y", "origin": [8, -4.3375, 8]},
			"faces": {
				"north": {"uv": [6.5, 1, 6.875, 1.125], "texture": "#3"},
				"east": {"uv": [7.5, 8, 7.5625, 8.125], "texture": "#3"},
				"south": {"uv": [6.5, 1.5, 6.875, 1.625], "texture": "#3"},
				"west": {"uv": [8, 7.5, 8.0625, 7.625], "texture": "#3"},
				"up": {"uv": [7.875, 2.5625, 7.5, 2.5], "texture": "#3"},
				"down": {"uv": [3.375, 7.5, 3, 7.5625], "texture": "#3"}
			}
		},
		{
			"from": [7.75, -2.325, 7.8],
			"to": [7.8, 0.375, 7.875],
			"faces": {
				"north": {"uv": [2, 1, 2.0625, 2.375], "texture": "#3"},
				"east": {"uv": [2.5, 0, 2.5625, 1.375], "texture": "#3"},
				"south": {"uv": [2.5, 1.5, 2.5625, 2.875], "texture": "#3"},
				"west": {"uv": [2, 2.5, 2.0625, 3.875], "texture": "#3"},
				"up": {"uv": [8.5625, 3.0625, 8.5, 3], "texture": "#3"},
				"down": {"uv": [3.5625, 8.5, 3.5, 8.5625], "texture": "#3"}
			}
		},
		{
			"from": [7.75, -2.325, 7.875],
			"to": [7.8, 0.275, 7.975],
			"faces": {
				"north": {"uv": [4, 1.5, 4.0625, 2.8125], "texture": "#3"},
				"east": {"uv": [2, 4, 2.0625, 5.3125], "texture": "#3"},
				"south": {"uv": [4, 3, 4.0625, 4.3125], "texture": "#3"},
				"west": {"uv": [0, 4.5, 0.0625, 5.8125], "texture": "#3"},
				"up": {"uv": [8.5625, 3.5625, 8.5, 3.5], "texture": "#3"},
				"down": {"uv": [4.0625, 8.5, 4, 8.5625], "texture": "#3"}
			}
		},
		{
			"from": [7.75, -2.325, 7.75],
			"to": [7.875, 0.375, 7.8],
			"faces": {
				"north": {"uv": [0, 3, 0.0625, 4.375], "texture": "#3"},
				"east": {"uv": [3, 0, 3.0625, 1.375], "texture": "#3"},
				"south": {"uv": [0.5, 3, 0.5625, 4.375], "texture": "#3"},
				"west": {"uv": [1, 3, 1.0625, 4.375], "texture": "#3"},
				"up": {"uv": [8.5625, 4.0625, 8.5, 4], "texture": "#3"},
				"down": {"uv": [4.5625, 8.5, 4.5, 8.5625], "texture": "#3"}
			}
		},
		{
			"from": [7.875, -2.325, 7.75],
			"to": [7.975, 0.275, 7.8],
			"faces": {
				"north": {"uv": [4.5, 0, 4.5625, 1.3125], "texture": "#3"},
				"east": {"uv": [0.5, 4.5, 0.5625, 5.8125], "texture": "#3"},
				"south": {"uv": [1, 4.5, 1.0625, 5.8125], "texture": "#3"},
				"west": {"uv": [1.5, 4.5, 1.5625, 5.8125], "texture": "#3"},
				"up": {"uv": [8.5625, 4.5625, 8.5, 4.5], "texture": "#3"},
				"down": {"uv": [5.0625, 8.5, 5, 8.5625], "texture": "#3"}
			}
		},
		{
			"from": [7.975, -2.325, 7.75],
			"to": [8.075, -0.25, 7.8],
			"faces": {
				"north": {"uv": [0, 6, 0.0625, 7.0625], "texture": "#3"},
				"east": {"uv": [6, 0, 6.0625, 1.0625], "texture": "#3"},
				"south": {"uv": [0.5, 6, 0.5625, 7.0625], "texture": "#3"},
				"west": {"uv": [1, 6, 1.0625, 7.0625], "texture": "#3"},
				"up": {"uv": [8.5625, 7.5625, 8.5, 7.5], "texture": "#3"},
				"down": {"uv": [8.0625, 8.5, 8, 8.5625], "texture": "#3"}
			}
		},
		{
			"from": [8.075, -2.325, 7.75],
			"to": [8.15, -1.55, 7.8],
			"faces": {
				"north": {"uv": [7, 0, 7.0625, 0.375], "texture": "#3"},
				"east": {"uv": [7, 0.5, 7.0625, 0.875], "texture": "#3"},
				"south": {"uv": [7, 1, 7.0625, 1.375], "texture": "#3"},
				"west": {"uv": [7, 1.5, 7.0625, 1.875], "texture": "#3"},
				"up": {"uv": [0.0625, 9.0625, 0, 9], "texture": "#3"},
				"down": {"uv": [9.0625, 0, 9, 0.0625], "texture": "#3"}
			}
		},
		{
			"from": [8.15, -2.325, 7.75],
			"to": [8.2, -1.625, 7.8],
			"faces": {
				"north": {"uv": [4.5, 7, 4.5625, 7.375], "texture": "#3"},
				"east": {"uv": [7, 4.5, 7.0625, 4.875], "texture": "#3"},
				"south": {"uv": [5, 7, 5.0625, 7.375], "texture": "#3"},
				"west": {"uv": [7, 5, 7.0625, 5.375], "texture": "#3"},
				"up": {"uv": [1.5625, 9.0625, 1.5, 9], "texture": "#3"},
				"down": {"uv": [9.0625, 1.5, 9, 1.5625], "texture": "#3"}
			}
		},
		{
			"from": [7.925, -2.325, 8.2],
			"to": [8.025, -0.25, 8.25],
			"faces": {
				"north": {"uv": [1.5, 6, 1.5625, 7.0625], "texture": "#3"},
				"east": {"uv": [6, 1.5, 6.0625, 2.5625], "texture": "#3"},
				"south": {"uv": [2.5, 6, 2.5625, 7.0625], "texture": "#3"},
				"west": {"uv": [3, 6, 3.0625, 7.0625], "texture": "#3"},
				"up": {"uv": [8.5625, 8.0625, 8.5, 8], "texture": "#3"},
				"down": {"uv": [8.5625, 8.5, 8.5, 8.5625], "texture": "#3"}
			}
		},
		{
			"from": [8.2, -2.325, 8.125],
			"to": [8.25, 0.375, 8.25],
			"rotation": {"angle": 0, "axis": "y", "origin": [7.85, -0.775, 7.85]},
			"faces": {
				"north": {"uv": [3.5, 0, 3.5625, 1.375], "texture": "#3"},
				"east": {"uv": [3.5, 1.5, 3.5625, 2.875], "texture": "#3"},
				"south": {"uv": [3.5, 3, 3.5625, 4.375], "texture": "#3"},
				"west": {"uv": [4, 0, 4.0625, 1.375], "texture": "#3"},
				"up": {"uv": [8.5625, 6.5625, 8.5, 6.5], "texture": "#3"},
				"down": {"uv": [7.0625, 8.5, 7, 8.5625], "texture": "#3"}
			}
		},
		{
			"from": [8.125, -2.325, 8.2],
			"to": [8.2, 0.375, 8.25],
			"rotation": {"angle": 0, "axis": "y", "origin": [7.85, -0.775, 7.85]},
			"faces": {
				"north": {"uv": [1.5, 3, 1.5625, 4.375], "texture": "#3"},
				"east": {"uv": [3, 1.5, 3.0625, 2.875], "texture": "#3"},
				"south": {"uv": [2.5, 3, 2.5625, 4.375], "texture": "#3"},
				"west": {"uv": [3, 3, 3.0625, 4.375], "texture": "#3"},
				"up": {"uv": [8.5625, 6.0625, 8.5, 6], "texture": "#3"},
				"down": {"uv": [6.5625, 8.5, 6.5, 8.5625], "texture": "#3"}
			}
		},
		{
			"from": [8.025, -2.325, 8.2],
			"to": [8.125, 0.275, 8.25],
			"rotation": {"angle": 0, "axis": "y", "origin": [7.85, -0.775, 7.85]},
			"faces": {
				"north": {"uv": [3.5, 4.5, 3.5625, 5.8125], "texture": "#3"},
				"east": {"uv": [4, 4.5, 4.0625, 5.8125], "texture": "#3"},
				"south": {"uv": [4.5, 4.5, 4.5625, 5.8125], "texture": "#3"},
				"west": {"uv": [5, 0, 5.0625, 1.3125], "texture": "#3"},
				"up": {"uv": [8.5625, 5.5625, 8.5, 5.5], "texture": "#3"},
				"down": {"uv": [6.0625, 8.5, 6, 8.5625], "texture": "#3"}
			}
		},
		{
			"from": [8.2, -2.325, 8.025],
			"to": [8.25, 0.275, 8.125],
			"rotation": {"angle": 0, "axis": "y", "origin": [7.85, -0.775, 7.85]},
			"faces": {
				"north": {"uv": [4.5, 1.5, 4.5625, 2.8125], "texture": "#3"},
				"east": {"uv": [2.5, 4.5, 2.5625, 5.8125], "texture": "#3"},
				"south": {"uv": [3, 4.5, 3.0625, 5.8125], "texture": "#3"},
				"west": {"uv": [4.5, 3, 4.5625, 4.3125], "texture": "#3"},
				"up": {"uv": [8.5625, 5.0625, 8.5, 5], "texture": "#3"},
				"down": {"uv": [5.5625, 8.5, 5.5, 8.5625], "texture": "#3"}
			}
		},
		{
			"from": [8.2, -2.325, 7.925],
			"to": [8.25, -0.25, 8.025],
			"rotation": {"angle": 0, "axis": "y", "origin": [7.85, -0.775, 7.85]},
			"faces": {
				"north": {"uv": [5.5, 1.5, 5.5625, 2.5625], "texture": "#3"},
				"east": {"uv": [2, 5.5, 2.0625, 6.5625], "texture": "#3"},
				"south": {"uv": [5.5, 3, 5.5625, 4.0625], "texture": "#3"},
				"west": {"uv": [5.5, 4.5, 5.5625, 5.5625], "texture": "#3"},
				"up": {"uv": [8.5625, 7.0625, 8.5, 7], "texture": "#3"},
				"down": {"uv": [7.5625, 8.5, 7.5, 8.5625], "texture": "#3"}
			}
		},
		{
			"from": [8.2, -2.325, 7.85],
			"to": [8.25, -1.55, 7.925],
			"rotation": {"angle": 0, "axis": "y", "origin": [7.85, -0.775, 7.85]},
			"faces": {
				"north": {"uv": [2, 7, 2.0625, 7.375], "texture": "#3"},
				"east": {"uv": [7, 2, 7.0625, 2.375], "texture": "#3"},
				"south": {"uv": [7, 2.5, 7.0625, 2.875], "texture": "#3"},
				"west": {"uv": [7, 3, 7.0625, 3.375], "texture": "#3"},
				"up": {"uv": [0.5625, 9.0625, 0.5, 9], "texture": "#3"},
				"down": {"uv": [9.0625, 0.5, 9, 0.5625], "texture": "#3"}
			}
		},
		{
			"from": [8.2, -2.325, 7.75],
			"to": [8.25, -1.625, 7.85],
			"rotation": {"angle": 0, "axis": "y", "origin": [7.85, -0.775, 7.85]},
			"faces": {
				"north": {"uv": [3.5, 7, 3.5625, 7.375], "texture": "#3"},
				"east": {"uv": [7, 3.5, 7.0625, 3.875], "texture": "#3"},
				"south": {"uv": [4, 7, 4.0625, 7.375], "texture": "#3"},
				"west": {"uv": [7, 4, 7.0625, 4.375], "texture": "#3"},
				"up": {"uv": [1.0625, 9.0625, 1, 9], "texture": "#3"},
				"down": {"uv": [9.0625, 1, 9, 1.0625], "texture": "#3"}
			}
		},
		{
			"from": [7.75, -2.325, 8.075],
			"to": [7.8, -1.55, 8.15],
			"rotation": {"angle": 0, "axis": "y", "origin": [8.1875, -2.63125, 7.8125]},
			"faces": {
				"north": {"uv": [7.5, 1, 7.5625, 1.375], "texture": "#3"},
				"east": {"uv": [1.5, 7.5, 1.5625, 7.875], "texture": "#3"},
				"south": {"uv": [7.5, 1.5, 7.5625, 1.875], "texture": "#3"},
				"west": {"uv": [2, 7.5, 2.0625, 7.875], "texture": "#3"},
				"up": {"uv": [3.5625, 9.0625, 3.5, 9], "texture": "#3"},
				"down": {"uv": [9.0625, 3.5, 9, 3.5625], "texture": "#3"}
			}
		},
		{
			"from": [7.75, -2.325, 8.15],
			"to": [7.8, -1.625, 8.25],
			"rotation": {"angle": 0, "axis": "y", "origin": [8.1875, -2.63125, 7.8125]},
			"faces": {
				"north": {"uv": [7.5, 0, 7.5625, 0.375], "texture": "#3"},
				"east": {"uv": [0.5, 7.5, 0.5625, 7.875], "texture": "#3"},
				"south": {"uv": [7.5, 0.5, 7.5625, 0.875], "texture": "#3"},
				"west": {"uv": [1, 7.5, 1.0625, 7.875], "texture": "#3"},
				"up": {"uv": [3.0625, 9.0625, 3, 9], "texture": "#3"},
				"down": {"uv": [9.0625, 3, 9, 3.0625], "texture": "#3"}
			}
		},
		{
			"from": [7.8, -2.325, 8.2],
			"to": [7.85, -1.625, 8.25],
			"rotation": {"angle": 0, "axis": "y", "origin": [8.1875, -2.63125, 7.8125]},
			"faces": {
				"north": {"uv": [6.5, 7, 6.5625, 7.375], "texture": "#3"},
				"east": {"uv": [7, 6.5, 7.0625, 6.875], "texture": "#3"},
				"south": {"uv": [7, 7, 7.0625, 7.375], "texture": "#3"},
				"west": {"uv": [0, 7.5, 0.0625, 7.875], "texture": "#3"},
				"up": {"uv": [2.5625, 9.0625, 2.5, 9], "texture": "#3"},
				"down": {"uv": [9.0625, 2.5, 9, 2.5625], "texture": "#3"}
			}
		},
		{
			"from": [7.85, -2.325, 8.2],
			"to": [7.925, -1.55, 8.25],
			"rotation": {"angle": 0, "axis": "y", "origin": [8.1875, -2.63125, 7.8125]},
			"faces": {
				"north": {"uv": [5.5, 7, 5.5625, 7.375], "texture": "#3"},
				"east": {"uv": [7, 5.5, 7.0625, 5.875], "texture": "#3"},
				"south": {"uv": [6, 7, 6.0625, 7.375], "texture": "#3"},
				"west": {"uv": [7, 6, 7.0625, 6.375], "texture": "#3"},
				"up": {"uv": [2.0625, 9.0625, 2, 9], "texture": "#3"},
				"down": {"uv": [9.0625, 2, 9, 2.0625], "texture": "#3"}
			}
		},
		{
			"from": [7.75, -2.325, 7.975],
			"to": [7.8, -0.25, 8.075],
			"rotation": {"angle": 0, "axis": "y", "origin": [7.85, -0.775, 7.85]},
			"faces": {
				"north": {"uv": [5, 1.5, 5.0625, 2.5625], "texture": "#3"},
				"east": {"uv": [5, 3, 5.0625, 4.0625], "texture": "#3"},
				"south": {"uv": [5, 4.5, 5.0625, 5.5625], "texture": "#3"},
				"west": {"uv": [5.5, 0, 5.5625, 1.0625], "texture": "#3"},
				"up": {"uv": [8.5625, 2.5625, 8.5, 2.5], "texture": "#3"},
				"down": {"uv": [3.0625, 8.5, 3, 8.5625], "texture": "#3"}
			}
		},
		{
			"name": "blade",
			"from": [7.825, 0, 7.825],
			"to": [8.175, 6.4, 8.175],
			"rotation": {"angle": 0, "axis": "y", "origin": [8, 8, 8]},
			"faces": {
				"north": {"uv": [7.875, 1.125, 8.125, 7], "texture": "#1"},
				"east": {"uv": [7.75, 1.125, 8, 7], "texture": "#1"},
				"south": {"uv": [7.875, 1.125, 8.125, 7], "texture": "#1"},
				"west": {"uv": [7.75, 1.125, 8, 7], "texture": "#1"},
				"up": {"uv": [3, 1.5, 2.875, 1.375], "texture": "#1"},
				"down": {"uv": [2.125, 6.5, 2, 6.625], "texture": "#1"}
			}
		},
		{
			"from": [8.15, 0, 7.95],
			"to": [8.15, 6.85, 8.775],
			"rotation": {"angle": 45, "axis": "y", "origin": [7.625, 13.3625, 8.375]},
			"faces": {
				"north": {"uv": [0, 0, 0, 5.175], "texture": "#2"},
				"east": {"uv": [2.69218, 0.89688, 3.19844, 7.88438], "texture": "#2"},
				"south": {"uv": [0, 0, 0, 5.175], "texture": "#2"},
				"west": {"uv": [2.67656, 0.89688, 3.18281, 7.88438], "texture": "#2"},
				"up": {"uv": [0, 0, 0, 0.3], "texture": "#2"},
				"down": {"uv": [0, 0, 0, 0.3], "texture": "#2"}
			}
		},
		{
			"from": [7.85, 6.225, 7.85],
			"to": [8.15, 6.425, 8.15],
			"faces": {
				"north": {"uv": [7.875, 1.125, 8, 1.25], "texture": "#1"},
				"east": {"uv": [7.875, 1.125, 8, 1.25], "texture": "#1"},
				"south": {"uv": [7.875, 1.125, 8, 1.25], "texture": "#1"},
				"west": {"uv": [7.875, 1.125, 8, 1.25], "texture": "#1"},
				"up": {"uv": [7.875, 1.125, 8, 1.25], "texture": "#1"},
				"down": {"uv": [7.875, 1.125, 8, 1.25], "texture": "#1"}
			}
		}
	],
	"display": {
		"thirdperson_righthand": {
			"rotation": [0, -45, 0],
			"translation": [0, 26.5, 0],
			"scale": [3, 3, 3]
		},
		"thirdperson_lefthand": {
			"rotation": [0, 45, 0],
			"translation": [0, 26.5, 0],
			"scale": [3, 3, 3]
		},
		"firstperson_righthand": {
			"rotation": [-11, 0, 0],
			"translation": [0.75, 14.25, -1],
			"scale": [1.5, 1.5, 1.5]
		},
		"firstperson_lefthand": {
			"rotation": [-11, 88, 0],
			"translation": [0.75, 14.25, -1],
			"scale": [1.5, 1.5, 1.5]
		},
		"ground": {
			"translation": [0, 34, 0],
			"scale": [3, 3, 3]
		},
		"gui": {
			"rotation": [0, 0, -45],
			"translation": [7.75, 8, 0],
			"scale": [2, 2, 2]
		},
		"fixed": {
			"rotation": [0, 0, 45],
			"translation": [-7.75, 7.75, 0],
			"scale": [2, 2, 2]
		}
	}
}