{
	"credit": "Made with Blockbench",
	"texture_size": [32, 32],
	"textures": {
		"1": "item/lightsabers/blue_saber",
		"2": "item/lightsabers/blue_saber_beam",
		"3": "item/lightsabers/calkestis",
		"particle": "item/lightsabers/calkestis"
	},
	"elements": [
		{
			"from": [7.875, -1, 7.875],
			"to": [8.125, 2, 8.125],
			"rotation": {"angle": 0, "axis": "y", "origin": [7.5, 18, 7.475]},
			"faces": {
				"north": {"uv": [2, 0, 2.125, 1.5], "texture": "#3"},
				"east": {"uv": [2, 1.5, 2.125, 3], "texture": "#3"},
				"south": {"uv": [2.5, 0, 2.625, 1.5], "texture": "#3"},
				"west": {"uv": [2.5, 1.5, 2.625, 3], "texture": "#3"},
				"up": {"uv": [6.625, 3.125, 6.5, 3], "texture": "#3"},
				"down": {"uv": [3.625, 6.5, 3.5, 6.625], "texture": "#3"}
			}
		},
		{
			"from": [7.8, 1.9, 7.8],
			"to": [8.2, 2, 8.2],
			"rotation": {"angle": 0, "axis": "y", "origin": [7.5, 18, 7.475]},
			"faces": {
				"north": {"uv": [0.5, 7, 0.75, 7.0625], "texture": "#3"},
				"east": {"uv": [6.9375, 0.5, 7.1875, 0.5625], "texture": "#3"},
				"south": {"uv": [0.9375, 7, 1.1875, 7.0625], "texture": "#3"},
				"west": {"uv": [6.9375, 1, 7.1875, 1.0625], "texture": "#3"},
				"up": {"uv": [3.6875, 5.1875, 3.5, 5], "texture": "#3"},
				"down": {"uv": [5.1875, 3.5, 5, 3.6875], "texture": "#3"}
			}
		},
		{
			"from": [7.8, 1.325, 7.8],
			"to": [8.2, 1.85, 8.2],
			"rotation": {"angle": 0, "axis": "y", "origin": [7.5, 18, 7.475]},
			"faces": {
				"north": {"uv": [5, 2, 5.25, 2.25], "texture": "#3"},
				"east": {"uv": [2.4375, 5, 2.6875, 5.25], "texture": "#3"},
				"south": {"uv": [5, 2.5, 5.25, 2.75], "texture": "#3"},
				"west": {"uv": [4.9375, 3, 5.1875, 3.25], "texture": "#3"},
				"up": {"uv": [4.6875, 5.1875, 4.5, 5], "texture": "#3"},
				"down": {"uv": [5.1875, 4.5, 5, 4.6875], "texture": "#3"}
			}
		},
		{
			"from": [7.8, 1.2, 7.8],
			"to": [8.2, 1.275, 8.2],
			"rotation": {"angle": 0, "axis": "y", "origin": [7.5, 18, 7.475]},
			"faces": {
				"north": {"uv": [1.5, 7, 1.75, 7.0625], "texture": "#3"},
				"east": {"uv": [6.9375, 1.5, 7.1875, 1.5625], "texture": "#3"},
				"south": {"uv": [2, 7, 2.25, 7.0625], "texture": "#3"},
				"west": {"uv": [6.9375, 2, 7.1875, 2.0625], "texture": "#3"},
				"up": {"uv": [5.1875, 5.1875, 5, 5], "texture": "#3"},
				"down": {"uv": [0.1875, 5.5, 0, 5.6875], "texture": "#3"}
			}
		},
		{
			"from": [7.825, 1, 7.825],
			"to": [8.175, 1.9, 8.175],
			"rotation": {"angle": 0, "axis": "y", "origin": [7.5, 18, 7.475]},
			"faces": {
				"north": {"uv": [1, 3, 1.1875, 3.4375], "texture": "#3"},
				"east": {"uv": [3, 1, 3.1875, 1.4375], "texture": "#3"},
				"south": {"uv": [1.5, 3, 1.6875, 3.4375], "texture": "#3"},
				"west": {"uv": [3, 1.5, 3.1875, 1.9375], "texture": "#3"},
				"up": {"uv": [4.1875, 5.1875, 4, 5], "texture": "#3"},
				"down": {"uv": [5.1875, 4, 5, 4.1875], "texture": "#3"}
			}
		},
		{
			"from": [7.825, 0.4, 7.825],
			"to": [8.175, 0.725, 8.175],
			"rotation": {"angle": 0, "axis": "y", "origin": [7.5, 18, 7.475]},
			"faces": {
				"north": {"uv": [5.5, 0, 5.6875, 0.1875], "texture": "#3"},
				"east": {"uv": [0.5, 5.5, 0.6875, 5.6875], "texture": "#3"},
				"south": {"uv": [5.5, 0.5, 5.6875, 0.6875], "texture": "#3"},
				"west": {"uv": [1, 5.5, 1.1875, 5.6875], "texture": "#3"},
				"up": {"uv": [5.6875, 1.1875, 5.5, 1], "texture": "#3"},
				"down": {"uv": [1.6875, 5.5, 1.5, 5.6875], "texture": "#3"}
			}
		},
		{
			"from": [7.8, -2.625, 7.8],
			"to": [8.2, -0.425, 8.2],
			"rotation": {"angle": 0, "axis": "y", "origin": [7.5, 18, 7.475]},
			"faces": {
				"north": {"uv": [1.5, 0, 1.6875, 1.125], "texture": "#3"},
				"east": {"uv": [0.5, 1.5, 0.6875, 2.625], "texture": "#3"},
				"south": {"uv": [1, 1.5, 1.1875, 2.625], "texture": "#3"},
				"west": {"uv": [1.5, 1.5, 1.6875, 2.625], "texture": "#3"},
				"up": {"uv": [5.6875, 2.6875, 5.5, 2.5], "texture": "#3"},
				"down": {"uv": [3.1875, 5.5, 3, 5.6875], "texture": "#3"}
			}
		},
		{
			"from": [7.8, 0.4, 7.8],
			"to": [8.2, 0.45, 8.2],
			"rotation": {"angle": 0, "axis": "y", "origin": [7.5, 18, 7.475]},
			"faces": {
				"north": {"uv": [2.5, 7, 2.6875, 7.0625], "texture": "#3"},
				"east": {"uv": [7, 2.5, 7.1875, 2.5625], "texture": "#3"},
				"south": {"uv": [3, 7, 3.1875, 7.0625], "texture": "#3"},
				"west": {"uv": [7, 3, 7.1875, 3.0625], "texture": "#3"},
				"up": {"uv": [5.6875, 2.1875, 5.5, 2], "texture": "#3"},
				"down": {"uv": [2.6875, 5.5, 2.5, 5.6875], "texture": "#3"}
			}
		},
		{
			"from": [7.85, 0.725, 7.85],
			"to": [8.15, 0.775, 8.15],
			"rotation": {"angle": 0, "axis": "y", "origin": [7.5, 18, 7.475]},
			"faces": {
				"north": {"uv": [7.5, 4, 7.625, 4.0625], "texture": "#3"},
				"east": {"uv": [4.5, 7.5, 4.625, 7.5625], "texture": "#3"},
				"south": {"uv": [7.5, 4.5, 7.625, 4.5625], "texture": "#3"},
				"west": {"uv": [5, 7.5, 5.125, 7.5625], "texture": "#3"},
				"up": {"uv": [6.625, 3.625, 6.5, 3.5], "texture": "#3"},
				"down": {"uv": [4.125, 6.5, 4, 6.625], "texture": "#3"}
			}
		},
		{
			"from": [7.775, -0.425, 7.775],
			"to": [8.225, 0.4, 8.225],
			"rotation": {"angle": 0, "axis": "y", "origin": [7.5, 18, 7.475]},
			"faces": {
				"north": {"uv": [0, 3, 0.25, 3.5], "texture": "#3"},
				"east": {"uv": [3, 0, 3.25, 0.5], "texture": "#3"},
				"south": {"uv": [0.5, 3, 0.75, 3.5], "texture": "#3"},
				"west": {"uv": [3, 0.5, 3.25, 1], "texture": "#3"},
				"up": {"uv": [2.25, 3.25, 2, 3], "texture": "#3"},
				"down": {"uv": [3.25, 2, 3, 2.25], "texture": "#3"}
			}
		},
		{
			"from": [7.75, 0.825, 7.8],
			"to": [7.8, 2.6, 7.875],
			"rotation": {"angle": 0, "axis": "y", "origin": [0, 2, 0]},
			"faces": {
				"north": {"uv": [2.5, 3, 2.5625, 3.875], "texture": "#3"},
				"east": {"uv": [3, 2.5, 3.0625, 3.375], "texture": "#3"},
				"south": {"uv": [0, 3.5, 0.0625, 4.375], "texture": "#3"},
				"west": {"uv": [3.5, 0, 3.5625, 0.875], "texture": "#3"},
				"up": {"uv": [3.5625, 9.0625, 3.5, 9], "texture": "#3"},
				"down": {"uv": [9.0625, 3.5, 9, 3.5625], "texture": "#3"}
			}
		},
		{
			"from": [7.75, 0.925, 7.875],
			"to": [7.8, 2.5, 7.975],
			"rotation": {"angle": 0, "axis": "y", "origin": [0, 2, 0]},
			"faces": {
				"north": {"uv": [4, 3, 4.0625, 3.8125], "texture": "#3"},
				"east": {"uv": [3.5, 4, 3.5625, 4.8125], "texture": "#3"},
				"south": {"uv": [4, 4, 4.0625, 4.8125], "texture": "#3"},
				"west": {"uv": [0, 4.5, 0.0625, 5.3125], "texture": "#3"},
				"up": {"uv": [4.0625, 9.0625, 4, 9], "texture": "#3"},
				"down": {"uv": [9.0625, 4, 9, 4.0625], "texture": "#3"}
			}
		},
		{
			"from": [7.75, 0.825, 7.75],
			"to": [7.875, 2.6, 7.8],
			"rotation": {"angle": 0, "axis": "y", "origin": [0, 2, 0]},
			"faces": {
				"north": {"uv": [0.5, 3.5, 0.5625, 4.375], "texture": "#3"},
				"east": {"uv": [1, 3.5, 1.0625, 4.375], "texture": "#3"},
				"south": {"uv": [3.5, 1, 3.5625, 1.875], "texture": "#3"},
				"west": {"uv": [1.5, 3.5, 1.5625, 4.375], "texture": "#3"},
				"up": {"uv": [4.5625, 9.0625, 4.5, 9], "texture": "#3"},
				"down": {"uv": [9.0625, 4.5, 9, 4.5625], "texture": "#3"}
			}
		},
		{
			"from": [7.875, 0.925, 7.75],
			"to": [7.975, 2.5, 7.8],
			"rotation": {"angle": 0, "axis": "y", "origin": [0, 2, 0]},
			"faces": {
				"north": {"uv": [4.5, 0, 4.5625, 0.8125], "texture": "#3"},
				"east": {"uv": [0.5, 4.5, 0.5625, 5.3125], "texture": "#3"},
				"south": {"uv": [1, 4.5, 1.0625, 5.3125], "texture": "#3"},
				"west": {"uv": [4.5, 1, 4.5625, 1.8125], "texture": "#3"},
				"up": {"uv": [5.0625, 9.0625, 5, 9], "texture": "#3"},
				"down": {"uv": [9.0625, 5, 9, 5.0625], "texture": "#3"}
			}
		},
		{
			"from": [7.975, 1.2, 7.75],
			"to": [8.075, 1.975, 7.8],
			"rotation": {"angle": 0, "axis": "y", "origin": [0, 2, 0]},
			"faces": {
				"north": {"uv": [5.5, 3, 5.5625, 3.375], "texture": "#3"},
				"east": {"uv": [3.5, 5.5, 3.5625, 5.875], "texture": "#3"},
				"south": {"uv": [5.5, 3.5, 5.5625, 3.875], "texture": "#3"},
				"west": {"uv": [4, 5.5, 4.0625, 5.875], "texture": "#3"},
				"up": {"uv": [5.5625, 9.0625, 5.5, 9], "texture": "#3"},
				"down": {"uv": [9.0625, 5.5, 9, 5.5625], "texture": "#3"}
			}
		},
		{
			"from": [7.925, 1.2, 8.2],
			"to": [8.025, 1.975, 8.25],
			"rotation": {"angle": 0, "axis": "y", "origin": [0, 2, 0]},
			"faces": {
				"north": {"uv": [5.5, 4, 5.5625, 4.375], "texture": "#3"},
				"east": {"uv": [4.5, 5.5, 4.5625, 5.875], "texture": "#3"},
				"south": {"uv": [5.5, 4.5, 5.5625, 4.875], "texture": "#3"},
				"west": {"uv": [5, 5.5, 5.0625, 5.875], "texture": "#3"},
				"up": {"uv": [6.0625, 9.0625, 6, 9], "texture": "#3"},
				"down": {"uv": [9.0625, 6, 9, 6.0625], "texture": "#3"}
			}
		},
		{
			"from": [8.2, 0.825, 8.125],
			"to": [8.25, 2.6, 8.25],
			"rotation": {"angle": 0, "axis": "y", "origin": [7.85, 1.225, 7.85]},
			"faces": {
				"north": {"uv": [2, 3.5, 2.0625, 4.375], "texture": "#3"},
				"east": {"uv": [3.5, 2, 3.5625, 2.875], "texture": "#3"},
				"south": {"uv": [3, 3.5, 3.0625, 4.375], "texture": "#3"},
				"west": {"uv": [3.5, 3, 3.5625, 3.875], "texture": "#3"},
				"up": {"uv": [6.5625, 9.0625, 6.5, 9], "texture": "#3"},
				"down": {"uv": [9.0625, 6.5, 9, 6.5625], "texture": "#3"}
			}
		},
		{
			"from": [8.125, 0.825, 8.2],
			"to": [8.2, 2.6, 8.25],
			"rotation": {"angle": 0, "axis": "y", "origin": [7.85, 1.225, 7.85]},
			"faces": {
				"north": {"uv": [4, 0, 4.0625, 0.875], "texture": "#3"},
				"east": {"uv": [4, 1, 4.0625, 1.875], "texture": "#3"},
				"south": {"uv": [4, 2, 4.0625, 2.875], "texture": "#3"},
				"west": {"uv": [2.5, 4, 2.5625, 4.875], "texture": "#3"},
				"up": {"uv": [7.0625, 9.0625, 7, 9], "texture": "#3"},
				"down": {"uv": [9.0625, 7, 9, 7.0625], "texture": "#3"}
			}
		},
		{
			"from": [8.025, 0.925, 8.2],
			"to": [8.125, 2.5, 8.25],
			"rotation": {"angle": 0, "axis": "y", "origin": [7.85, 1.225, 7.85]},
			"faces": {
				"north": {"uv": [1.5, 4.5, 1.5625, 5.3125], "texture": "#3"},
				"east": {"uv": [2, 4.5, 2.0625, 5.3125], "texture": "#3"},
				"south": {"uv": [4.5, 2, 4.5625, 2.8125], "texture": "#3"},
				"west": {"uv": [3, 4.5, 3.0625, 5.3125], "texture": "#3"},
				"up": {"uv": [7.5625, 9.0625, 7.5, 9], "texture": "#3"},
				"down": {"uv": [9.0625, 7.5, 9, 7.5625], "texture": "#3"}
			}
		},
		{
			"from": [8.2, 0.925, 8.025],
			"to": [8.25, 2.5, 8.125],
			"rotation": {"angle": 0, "axis": "y", "origin": [7.85, 1.225, 7.85]},
			"faces": {
				"north": {"uv": [4.5, 3, 4.5625, 3.8125], "texture": "#3"},
				"east": {"uv": [4.5, 4, 4.5625, 4.8125], "texture": "#3"},
				"south": {"uv": [5, 0, 5.0625, 0.8125], "texture": "#3"},
				"west": {"uv": [5, 1, 5.0625, 1.8125], "texture": "#3"},
				"up": {"uv": [8.0625, 9.0625, 8, 9], "texture": "#3"},
				"down": {"uv": [9.0625, 8, 9, 8.0625], "texture": "#3"}
			}
		},
		{
			"from": [8.2, 1.2, 7.925],
			"to": [8.25, 1.975, 8.025],
			"rotation": {"angle": 0, "axis": "y", "origin": [7.85, 1.225, 7.85]},
			"faces": {
				"north": {"uv": [5.5, 5, 5.5625, 5.375], "texture": "#3"},
				"east": {"uv": [5.5, 5.5, 5.5625, 5.875], "texture": "#3"},
				"south": {"uv": [0, 6, 0.0625, 6.375], "texture": "#3"},
				"west": {"uv": [6, 0, 6.0625, 0.375], "texture": "#3"},
				"up": {"uv": [8.5625, 9.0625, 8.5, 9], "texture": "#3"},
				"down": {"uv": [9.0625, 8.5, 9, 8.5625], "texture": "#3"}
			}
		},
		{
			"from": [7.75, 1.2, 7.975],
			"to": [7.8, 1.975, 8.075],
			"rotation": {"angle": 0, "axis": "y", "origin": [7.85, 1.225, 7.85]},
			"faces": {
				"north": {"uv": [0.5, 6, 0.5625, 6.375], "texture": "#3"},
				"east": {"uv": [6, 0.5, 6.0625, 0.875], "texture": "#3"},
				"south": {"uv": [1, 6, 1.0625, 6.375], "texture": "#3"},
				"west": {"uv": [6, 1, 6.0625, 1.375], "texture": "#3"},
				"up": {"uv": [9.0625, 9.0625, 9, 9], "texture": "#3"},
				"down": {"uv": [0.0625, 9.5, 0, 9.5625], "texture": "#3"}
			}
		},
		{
			"name": "blade",
			"from": [7.825, 2, 7.825],
			"to": [8.175, 9.075, 8.175],
			"rotation": {"angle": 0, "axis": "y", "origin": [8, 10, 8]},
			"faces": {
				"north": {"uv": [7.875, 1.125, 8.125, 8.875], "texture": "#1"},
				"east": {"uv": [7.75, 1.125, 8, 8.875], "texture": "#1"},
				"south": {"uv": [7.875, 1.125, 8.125, 8.875], "texture": "#1"},
				"west": {"uv": [7.75, 1.125, 8, 8.875], "texture": "#1"},
				"up": {"uv": [3, 1.5, 2.875, 1.375], "texture": "#1"},
				"down": {"uv": [2.125, 6.5, 2, 6.625], "texture": "#1"}
			}
		},
		{
			"from": [8.15, 2, 7.95],
			"to": [8.15, 9.65, 8.775],
			"rotation": {"angle": 45, "axis": "y", "origin": [7.625, 15.3625, 8.375]},
			"faces": {
				"north": {"uv": [0, 0, 0, 5.175], "texture": "#2"},
				"east": {"uv": [2.69218, 0.89688, 3.19844, 7.88438], "texture": "#2"},
				"south": {"uv": [0, 0, 0, 5.175], "texture": "#2"},
				"west": {"uv": [2.67656, 0.89688, 3.18281, 7.88438], "texture": "#2"},
				"up": {"uv": [0, 0, 0, 0.3], "texture": "#2"},
				"down": {"uv": [0, 0, 0, 0.3], "texture": "#2"}
			}
		},
		{
			"from": [7.85, 8.9, 7.85],
			"to": [8.15, 9.1, 8.15],
			"rotation": {"angle": 0, "axis": "y", "origin": [0, 2, 0]},
			"faces": {
				"north": {"uv": [7.875, 1.125, 8, 1.25], "texture": "#1"},
				"east": {"uv": [7.875, 1.125, 8, 1.25], "texture": "#1"},
				"south": {"uv": [7.875, 1.125, 8, 1.25], "texture": "#1"},
				"west": {"uv": [7.875, 1.125, 8, 1.25], "texture": "#1"},
				"up": {"uv": [7.875, 1.125, 8, 1.25], "texture": "#1"},
				"down": {"uv": [7.875, 1.125, 8, 1.25], "texture": "#1"}
			}
		},
		{
			"from": [7.775, -2.8625, 7.775],
			"to": [8.225, -2.0375, 8.225],
			"rotation": {"angle": 0, "axis": "y", "origin": [8, 3.98125, 8]},
			"faces": {
				"north": {"uv": [3, 0.5, 3.25, 1], "rotation": 180, "texture": "#3"},
				"east": {"uv": [0.5, 3, 0.75, 3.5], "rotation": 180, "texture": "#3"},
				"south": {"uv": [3, 0, 3.25, 0.5], "rotation": 180, "texture": "#3"},
				"west": {"uv": [0, 3, 0.25, 3.5], "rotation": 180, "texture": "#3"},
				"up": {"uv": [3.25, 2, 3, 2.25], "rotation": 90, "texture": "#3"},
				"down": {"uv": [2.25, 3.25, 2, 3], "rotation": 270, "texture": "#3"}
			}
		},
		{
			"from": [7.8, -2.9125, 7.8],
			"to": [8.2, -2.8625, 8.2],
			"rotation": {"angle": 0, "axis": "y", "origin": [8, 3.98125, 8]},
			"faces": {
				"north": {"uv": [7, 3, 7.1875, 3.0625], "rotation": 180, "texture": "#3"},
				"east": {"uv": [3, 7, 3.1875, 7.0625], "rotation": 180, "texture": "#3"},
				"south": {"uv": [7, 2.5, 7.1875, 2.5625], "rotation": 180, "texture": "#3"},
				"west": {"uv": [2.5, 7, 2.6875, 7.0625], "rotation": 180, "texture": "#3"},
				"up": {"uv": [2.6875, 5.5, 2.5, 5.6875], "rotation": 90, "texture": "#3"},
				"down": {"uv": [5.6875, 2.1875, 5.5, 2], "rotation": 270, "texture": "#3"}
			}
		},
		{
			"from": [7.825, -3.1875, 7.825],
			"to": [8.175, -2.8625, 8.175],
			"rotation": {"angle": 0, "axis": "y", "origin": [8, 3.98125, 8]},
			"faces": {
				"north": {"uv": [1, 5.5, 1.1875, 5.6875], "rotation": 180, "texture": "#3"},
				"east": {"uv": [5.5, 0.5, 5.6875, 0.6875], "rotation": 180, "texture": "#3"},
				"south": {"uv": [0.5, 5.5, 0.6875, 5.6875], "rotation": 180, "texture": "#3"},
				"west": {"uv": [5.5, 0, 5.6875, 0.1875], "rotation": 180, "texture": "#3"},
				"up": {"uv": [1.6875, 5.5, 1.5, 5.6875], "rotation": 90, "texture": "#3"},
				"down": {"uv": [5.6875, 1.1875, 5.5, 1], "rotation": 270, "texture": "#3"}
			}
		},
		{
			"from": [7.85, -3.2375, 7.85],
			"to": [8.15, -3.1875, 8.15],
			"rotation": {"angle": 0, "axis": "y", "origin": [8, 3.98125, 8]},
			"faces": {
				"north": {"uv": [5, 7.5, 5.125, 7.5625], "rotation": 180, "texture": "#3"},
				"east": {"uv": [7.5, 4.5, 7.625, 4.5625], "rotation": 180, "texture": "#3"},
				"south": {"uv": [4.5, 7.5, 4.625, 7.5625], "rotation": 180, "texture": "#3"},
				"west": {"uv": [7.5, 4, 7.625, 4.0625], "rotation": 180, "texture": "#3"},
				"up": {"uv": [4.125, 6.5, 4, 6.625], "rotation": 90, "texture": "#3"},
				"down": {"uv": [6.625, 3.625, 6.5, 3.5], "rotation": 270, "texture": "#3"}
			}
		},
		{
			"from": [7.875, -4.4625, 7.875],
			"to": [8.125, -1.4625, 8.125],
			"rotation": {"angle": 0, "axis": "y", "origin": [8, 3.98125, 8]},
			"faces": {
				"north": {"uv": [2.5, 1.5, 2.625, 3], "rotation": 180, "texture": "#3"},
				"east": {"uv": [2.5, 0, 2.625, 1.5], "rotation": 180, "texture": "#3"},
				"south": {"uv": [2, 1.5, 2.125, 3], "rotation": 180, "texture": "#3"},
				"west": {"uv": [2, 0, 2.125, 1.5], "rotation": 180, "texture": "#3"},
				"up": {"uv": [3.625, 6.5, 3.5, 6.625], "rotation": 90, "texture": "#3"},
				"down": {"uv": [6.625, 3.125, 6.5, 3], "rotation": 270, "texture": "#3"}
			}
		},
		{
			"from": [7.825, -4.3625, 7.825],
			"to": [8.175, -3.4625, 8.175],
			"rotation": {"angle": 0, "axis": "y", "origin": [8, 3.98125, 8]},
			"faces": {
				"north": {"uv": [3, 1.5, 3.1875, 1.9375], "rotation": 180, "texture": "#3"},
				"east": {"uv": [1.5, 3, 1.6875, 3.4375], "rotation": 180, "texture": "#3"},
				"south": {"uv": [3, 1, 3.1875, 1.4375], "rotation": 180, "texture": "#3"},
				"west": {"uv": [1, 3, 1.1875, 3.4375], "rotation": 180, "texture": "#3"},
				"up": {"uv": [5.1875, 4, 5, 4.1875], "rotation": 90, "texture": "#3"},
				"down": {"uv": [4.1875, 5.1875, 4, 5], "rotation": 270, "texture": "#3"}
			}
		},
		{
			"from": [7.8, -4.3125, 7.8],
			"to": [8.2, -3.7875, 8.2],
			"rotation": {"angle": 0, "axis": "y", "origin": [8, 3.98125, 8]},
			"faces": {
				"north": {"uv": [4.9375, 3, 5.1875, 3.25], "rotation": 180, "texture": "#3"},
				"east": {"uv": [5, 2.5, 5.25, 2.75], "rotation": 180, "texture": "#3"},
				"south": {"uv": [2.4375, 5, 2.6875, 5.25], "rotation": 180, "texture": "#3"},
				"west": {"uv": [5, 2, 5.25, 2.25], "rotation": 180, "texture": "#3"},
				"up": {"uv": [5.1875, 4.5, 5, 4.6875], "rotation": 90, "texture": "#3"},
				"down": {"uv": [4.6875, 5.1875, 4.5, 5], "rotation": 270, "texture": "#3"}
			}
		},
		{
			"from": [7.8, -4.4625, 7.8],
			"to": [8.2, -4.3625, 8.2],
			"rotation": {"angle": 0, "axis": "y", "origin": [8, 3.98125, 8]},
			"faces": {
				"north": {"uv": [6.9375, 1, 7.1875, 1.0625], "rotation": 180, "texture": "#3"},
				"east": {"uv": [0.9375, 7, 1.1875, 7.0625], "rotation": 180, "texture": "#3"},
				"south": {"uv": [6.9375, 0.5, 7.1875, 0.5625], "rotation": 180, "texture": "#3"},
				"west": {"uv": [0.5, 7, 0.75, 7.0625], "rotation": 180, "texture": "#3"},
				"up": {"uv": [5.1875, 3.5, 5, 3.6875], "rotation": 90, "texture": "#3"},
				"down": {"uv": [3.6875, 5.1875, 3.5, 5], "rotation": 270, "texture": "#3"}
			}
		},
		{
			"from": [8.125, -5.0625, 8.2],
			"to": [8.25, -3.2875, 8.25],
			"rotation": {"angle": 0, "axis": "y", "origin": [8, 3.98125, 8]},
			"faces": {
				"north": {"uv": [3.5, 3, 3.5625, 3.875], "rotation": 180, "texture": "#3"},
				"east": {"uv": [3, 3.5, 3.0625, 4.375], "rotation": 180, "texture": "#3"},
				"south": {"uv": [3.5, 2, 3.5625, 2.875], "rotation": 180, "texture": "#3"},
				"west": {"uv": [2, 3.5, 2.0625, 4.375], "rotation": 180, "texture": "#3"},
				"up": {"uv": [9.0625, 6.5, 9, 6.5625], "rotation": 90, "texture": "#3"},
				"down": {"uv": [6.5625, 9.0625, 6.5, 9], "rotation": 270, "texture": "#3"}
			}
		},
		{
			"from": [8.025, -4.9625, 8.2],
			"to": [8.125, -3.3875, 8.25],
			"rotation": {"angle": 0, "axis": "y", "origin": [8, 3.98125, 8]},
			"faces": {
				"north": {"uv": [5, 1, 5.0625, 1.8125], "rotation": 180, "texture": "#3"},
				"east": {"uv": [5, 0, 5.0625, 0.8125], "rotation": 180, "texture": "#3"},
				"south": {"uv": [4.5, 4, 4.5625, 4.8125], "rotation": 180, "texture": "#3"},
				"west": {"uv": [4.5, 3, 4.5625, 3.8125], "rotation": 180, "texture": "#3"},
				"up": {"uv": [9.0625, 8, 9, 8.0625], "rotation": 90, "texture": "#3"},
				"down": {"uv": [8.0625, 9.0625, 8, 9], "rotation": 270, "texture": "#3"}
			}
		},
		{
			"from": [7.925, -4.4375, 8.2],
			"to": [8.025, -3.6625, 8.25],
			"rotation": {"angle": 0, "axis": "y", "origin": [8, 3.98125, 8]},
			"faces": {
				"north": {"uv": [6, 0, 6.0625, 0.375], "rotation": 180, "texture": "#3"},
				"east": {"uv": [0, 6, 0.0625, 6.375], "rotation": 180, "texture": "#3"},
				"south": {"uv": [5.5, 5.5, 5.5625, 5.875], "rotation": 180, "texture": "#3"},
				"west": {"uv": [5.5, 5, 5.5625, 5.375], "rotation": 180, "texture": "#3"},
				"up": {"uv": [9.0625, 8.5, 9, 8.5625], "rotation": 90, "texture": "#3"},
				"down": {"uv": [8.5625, 9.0625, 8.5, 9], "rotation": 270, "texture": "#3"}
			}
		},
		{
			"from": [7.75, -4.4375, 7.975],
			"to": [7.8, -3.6625, 8.075],
			"rotation": {"angle": 0, "axis": "y", "origin": [8, 3.98125, 8]},
			"faces": {
				"north": {"uv": [4, 5.5, 4.0625, 5.875], "rotation": 180, "texture": "#3"},
				"east": {"uv": [5.5, 3.5, 5.5625, 3.875], "rotation": 180, "texture": "#3"},
				"south": {"uv": [3.5, 5.5, 3.5625, 5.875], "rotation": 180, "texture": "#3"},
				"west": {"uv": [5.5, 3, 5.5625, 3.375], "rotation": 180, "texture": "#3"},
				"up": {"uv": [9.0625, 5.5, 9, 5.5625], "rotation": 90, "texture": "#3"},
				"down": {"uv": [5.5625, 9.0625, 5.5, 9], "rotation": 270, "texture": "#3"}
			}
		},
		{
			"from": [7.75, -4.9625, 7.875],
			"to": [7.8, -3.3875, 7.975],
			"rotation": {"angle": 0, "axis": "y", "origin": [8, 3.98125, 8]},
			"faces": {
				"north": {"uv": [4.5, 1, 4.5625, 1.8125], "rotation": 180, "texture": "#3"},
				"east": {"uv": [1, 4.5, 1.0625, 5.3125], "rotation": 180, "texture": "#3"},
				"south": {"uv": [0.5, 4.5, 0.5625, 5.3125], "rotation": 180, "texture": "#3"},
				"west": {"uv": [4.5, 0, 4.5625, 0.8125], "rotation": 180, "texture": "#3"},
				"up": {"uv": [9.0625, 5, 9, 5.0625], "rotation": 90, "texture": "#3"},
				"down": {"uv": [5.0625, 9.0625, 5, 9], "rotation": 270, "texture": "#3"}
			}
		},
		{
			"from": [7.75, -5.0625, 7.75],
			"to": [7.8, -3.2875, 7.875],
			"rotation": {"angle": 0, "axis": "y", "origin": [8, 3.98125, 8]},
			"faces": {
				"north": {"uv": [1.5, 3.5, 1.5625, 4.375], "rotation": 180, "texture": "#3"},
				"east": {"uv": [3.5, 1, 3.5625, 1.875], "rotation": 180, "texture": "#3"},
				"south": {"uv": [1, 3.5, 1.0625, 4.375], "rotation": 180, "texture": "#3"},
				"west": {"uv": [0.5, 3.5, 0.5625, 4.375], "rotation": 180, "texture": "#3"},
				"up": {"uv": [9.0625, 4.5, 9, 4.5625], "rotation": 90, "texture": "#3"},
				"down": {"uv": [4.5625, 9.0625, 4.5, 9], "rotation": 270, "texture": "#3"}
			}
		},
		{
			"from": [7.8, -5.0625, 7.75],
			"to": [7.875, -3.2875, 7.8],
			"rotation": {"angle": 0, "axis": "y", "origin": [8, 3.98125, 8]},
			"faces": {
				"north": {"uv": [3.5, 0, 3.5625, 0.875], "rotation": 180, "texture": "#3"},
				"east": {"uv": [0, 3.5, 0.0625, 4.375], "rotation": 180, "texture": "#3"},
				"south": {"uv": [3, 2.5, 3.0625, 3.375], "rotation": 180, "texture": "#3"},
				"west": {"uv": [2.5, 3, 2.5625, 3.875], "rotation": 180, "texture": "#3"},
				"up": {"uv": [9.0625, 3.5, 9, 3.5625], "rotation": 90, "texture": "#3"},
				"down": {"uv": [3.5625, 9.0625, 3.5, 9], "rotation": 270, "texture": "#3"}
			}
		},
		{
			"from": [7.875, -4.9625, 7.75],
			"to": [7.975, -3.3875, 7.8],
			"rotation": {"angle": 0, "axis": "y", "origin": [8, 3.98125, 8]},
			"faces": {
				"north": {"uv": [0, 4.5, 0.0625, 5.3125], "rotation": 180, "texture": "#3"},
				"east": {"uv": [4, 4, 4.0625, 4.8125], "rotation": 180, "texture": "#3"},
				"south": {"uv": [3.5, 4, 3.5625, 4.8125], "rotation": 180, "texture": "#3"},
				"west": {"uv": [4, 3, 4.0625, 3.8125], "rotation": 180, "texture": "#3"},
				"up": {"uv": [9.0625, 4, 9, 4.0625], "rotation": 90, "texture": "#3"},
				"down": {"uv": [4.0625, 9.0625, 4, 9], "rotation": 270, "texture": "#3"}
			}
		},
		{
			"from": [7.975, -4.4375, 7.75],
			"to": [8.075, -3.6625, 7.8],
			"rotation": {"angle": 0, "axis": "y", "origin": [8, 3.98125, 8]},
			"faces": {
				"north": {"uv": [6, 1, 6.0625, 1.375], "rotation": 180, "texture": "#3"},
				"east": {"uv": [1, 6, 1.0625, 6.375], "rotation": 180, "texture": "#3"},
				"south": {"uv": [6, 0.5, 6.0625, 0.875], "rotation": 180, "texture": "#3"},
				"west": {"uv": [0.5, 6, 0.5625, 6.375], "rotation": 180, "texture": "#3"},
				"up": {"uv": [0.0625, 9.5, 0, 9.5625], "rotation": 90, "texture": "#3"},
				"down": {"uv": [9.0625, 9.0625, 9, 9], "rotation": 270, "texture": "#3"}
			}
		},
		{
			"from": [8.2, -4.4375, 7.925],
			"to": [8.25, -3.6625, 8.025],
			"rotation": {"angle": 0, "axis": "y", "origin": [8, 3.98125, 8]},
			"faces": {
				"north": {"uv": [5, 5.5, 5.0625, 5.875], "rotation": 180, "texture": "#3"},
				"east": {"uv": [5.5, 4.5, 5.5625, 4.875], "rotation": 180, "texture": "#3"},
				"south": {"uv": [4.5, 5.5, 4.5625, 5.875], "rotation": 180, "texture": "#3"},
				"west": {"uv": [5.5, 4, 5.5625, 4.375], "rotation": 180, "texture": "#3"},
				"up": {"uv": [9.0625, 6, 9, 6.0625], "rotation": 90, "texture": "#3"},
				"down": {"uv": [6.0625, 9.0625, 6, 9], "rotation": 270, "texture": "#3"}
			}
		},
		{
			"from": [8.2, -4.9625, 8.025],
			"to": [8.25, -3.3875, 8.125],
			"rotation": {"angle": 0, "axis": "y", "origin": [8, 3.98125, 8]},
			"faces": {
				"north": {"uv": [3, 4.5, 3.0625, 5.3125], "rotation": 180, "texture": "#3"},
				"east": {"uv": [4.5, 2, 4.5625, 2.8125], "rotation": 180, "texture": "#3"},
				"south": {"uv": [2, 4.5, 2.0625, 5.3125], "rotation": 180, "texture": "#3"},
				"west": {"uv": [1.5, 4.5, 1.5625, 5.3125], "rotation": 180, "texture": "#3"},
				"up": {"uv": [9.0625, 7.5, 9, 7.5625], "rotation": 90, "texture": "#3"},
				"down": {"uv": [7.5625, 9.0625, 7.5, 9], "rotation": 270, "texture": "#3"}
			}
		},
		{
			"from": [8.2, -5.0625, 8.125],
			"to": [8.25, -3.2875, 8.2],
			"rotation": {"angle": 0, "axis": "y", "origin": [8, 3.98125, 8]},
			"faces": {
				"north": {"uv": [2.5, 4, 2.5625, 4.875], "rotation": 180, "texture": "#3"},
				"east": {"uv": [4, 2, 4.0625, 2.875], "rotation": 180, "texture": "#3"},
				"south": {"uv": [4, 1, 4.0625, 1.875], "rotation": 180, "texture": "#3"},
				"west": {"uv": [4, 0, 4.0625, 0.875], "rotation": 180, "texture": "#3"},
				"up": {"uv": [9.0625, 7, 9, 7.0625], "rotation": 90, "texture": "#3"},
				"down": {"uv": [7.0625, 9.0625, 7, 9], "rotation": 270, "texture": "#3"}
			}
		},
		{
			"name": "blade",
			"from": [7.825, -10.9875, 7.825],
			"to": [8.175, -4.4625, 8.175],
			"rotation": {"angle": 0, "axis": "y", "origin": [8, 3.98125, 8]},
			"faces": {
				"north": {"uv": [7.75, 1.125, 8, 8.875], "rotation": 180, "texture": "#1"},
				"east": {"uv": [7.875, 1.125, 8.125, 8.875], "rotation": 180, "texture": "#1"},
				"south": {"uv": [7.75, 1.125, 8, 8.875], "rotation": 180, "texture": "#1"},
				"west": {"uv": [7.875, 1.125, 8.125, 8.875], "rotation": 180, "texture": "#1"},
				"up": {"uv": [2.125, 6.5, 2, 6.625], "rotation": 90, "texture": "#1"},
				"down": {"uv": [3, 1.5, 2.875, 1.375], "rotation": 270, "texture": "#1"}
			}
		},
		{
			"from": [7.575, -11.5625, 7.99467],
			"to": [8.4, -4.4625, 7.99467],
			"rotation": {"angle": -45, "axis": "y", "origin": [8, 3.98125, 8]},
			"faces": {
				"north": {"uv": [2.67656, 0.89688, 3.18281, 7.88438], "rotation": 180, "texture": "#2"},
				"east": {"uv": [0, 0, 0, 5.175], "rotation": 180, "texture": "#2"},
				"south": {"uv": [2.69218, 0.89688, 3.19844, 7.88438], "rotation": 180, "texture": "#2"},
				"west": {"uv": [0, 0, 0, 5.175], "rotation": 180, "texture": "#2"},
				"up": {"uv": [0, 0, 0, 0.3], "rotation": 90, "texture": "#2"},
				"down": {"uv": [0, 0, 0, 0.3], "rotation": 270, "texture": "#2"}
			}
		},
		{
			"from": [7.85, -11.0125, 7.85],
			"to": [8.15, -10.8125, 8.15],
			"rotation": {"angle": 0, "axis": "y", "origin": [8, 3.98125, 8]},
			"faces": {
				"north": {"uv": [7.875, 1.125, 8, 1.25], "rotation": 180, "texture": "#1"},
				"east": {"uv": [7.875, 1.125, 8, 1.25], "rotation": 180, "texture": "#1"},
				"south": {"uv": [7.875, 1.125, 8, 1.25], "rotation": 180, "texture": "#1"},
				"west": {"uv": [7.875, 1.125, 8, 1.25], "rotation": 180, "texture": "#1"},
				"up": {"uv": [7.875, 1.125, 8, 1.25], "rotation": 90, "texture": "#1"},
				"down": {"uv": [7.875, 1.125, 8, 1.25], "rotation": 270, "texture": "#1"}
			}
		}
	],
	"display": {
		"thirdperson_righthand": {
			"rotation": [0, -45, 0],
			"translation": [0, 25.75, 0],
			"scale": [3, 3, 3]
		},
		"thirdperson_lefthand": {
			"rotation": [0, -135, 0],
			"translation": [0, 30.25, 0],
			"scale": [3, 3, 3]
		},
		"firstperson_righthand": {
			"rotation": [-11, 0, 0],
			"translation": [0.75, 14.5, -1],
			"scale": [1.5, 1.5, 1.5]
		},
		"firstperson_lefthand": {
			"rotation": [-11, 88, 0],
			"translation": [0.75, 14.5, -1],
			"scale": [1.5, 1.5, 1.5]
		},
		"ground": {
			"translation": [0, 52.25, 0],
			"scale": [3, 3, 3]
		},
		"gui": {
			"rotation": [0, 0, -45],
			"translation": [10.25, 9.5, 0],
			"scale": [1.5, 1.5, 1.5]
		},
		"head": {
			"translation": [0, 14.25, 0]
		},
		"fixed": {
			"rotation": [0, 0, 45],
			"translation": [-9.5, 9.25, 0],
			"scale": [1.5, 1.5, 1.5]
		}
	},
	"groups": [
		0,
		1,
		2,
		3,
		4,
		5,
		6,
		7,
		8,
		9,
		10,
		11,
		12,
		13,
		14,
		15,
		16,
		17,
		18,
		19,
		20,
		21,
		22,
		23,
		24,
		{
			"name": "group",
			"origin": [8, 3.40625, 8],
			"color": 0,
			"children": [25, 26, 27, 28, 29, 30, 31, 32, 33, 34, 35, 36, 37, 38, 39, 40, 41, 42, 43, 44, 45, 46, 47]
		}
	]
}