{
	"credit": "Made with Blockbench",
	"texture_size": [32, 32],
	"textures": {
		"1": "item/lightsabers/blue_saber",
		"2": "item/lightsabers/blue_saber_beam",
		"3": "item/lightsabers/calkestis",
		"particle": "item/lightsabers/calkestis"
	},
	"elements": [
		{
			"from": [7.875, -3, 7.875],
			"to": [8.125, 0, 8.125],
			"rotation": {"angle": 0, "axis": "y", "origin": [7.5, 16, 7.475]},
			"faces": {
				"north": {"uv": [2, 0, 2.125, 1.5], "texture": "#3"},
				"east": {"uv": [2, 1.5, 2.125, 3], "texture": "#3"},
				"south": {"uv": [2.5, 0, 2.625, 1.5], "texture": "#3"},
				"west": {"uv": [2.5, 1.5, 2.625, 3], "texture": "#3"},
				"up": {"uv": [6.625, 3.125, 6.5, 3], "texture": "#3"},
				"down": {"uv": [3.625, 6.5, 3.5, 6.625], "texture": "#3"}
			}
		},
		{
			"from": [7.8, -0.1, 7.8],
			"to": [8.2, 0, 8.2],
			"rotation": {"angle": 0, "axis": "y", "origin": [7.5, 16, 7.475]},
			"faces": {
				"north": {"uv": [0.5, 7, 0.75, 7.0625], "texture": "#3"},
				"east": {"uv": [6.9375, 0.5, 7.1875, 0.5625], "texture": "#3"},
				"south": {"uv": [0.9375, 7, 1.1875, 7.0625], "texture": "#3"},
				"west": {"uv": [6.9375, 1, 7.1875, 1.0625], "texture": "#3"},
				"up": {"uv": [3.6875, 5.1875, 3.5, 5], "texture": "#3"},
				"down": {"uv": [5.1875, 3.5, 5, 3.6875], "texture": "#3"}
			}
		},
		{
			"from": [7.8, -0.675, 7.8],
			"to": [8.2, -0.15, 8.2],
			"rotation": {"angle": 0, "axis": "y", "origin": [7.5, 16, 7.475]},
			"faces": {
				"north": {"uv": [5, 2, 5.25, 2.25], "texture": "#3"},
				"east": {"uv": [2.4375, 5, 2.6875, 5.25], "texture": "#3"},
				"south": {"uv": [5, 2.5, 5.25, 2.75], "texture": "#3"},
				"west": {"uv": [4.9375, 3, 5.1875, 3.25], "texture": "#3"},
				"up": {"uv": [4.6875, 5.1875, 4.5, 5], "texture": "#3"},
				"down": {"uv": [5.1875, 4.5, 5, 4.6875], "texture": "#3"}
			}
		},
		{
			"from": [7.8, -0.8, 7.8],
			"to": [8.2, -0.725, 8.2],
			"rotation": {"angle": 0, "axis": "y", "origin": [7.5, 16, 7.475]},
			"faces": {
				"north": {"uv": [1.5, 7, 1.75, 7.0625], "texture": "#3"},
				"east": {"uv": [6.9375, 1.5, 7.1875, 1.5625], "texture": "#3"},
				"south": {"uv": [2, 7, 2.25, 7.0625], "texture": "#3"},
				"west": {"uv": [6.9375, 2, 7.1875, 2.0625], "texture": "#3"},
				"up": {"uv": [5.1875, 5.1875, 5, 5], "texture": "#3"},
				"down": {"uv": [0.1875, 5.5, 0, 5.6875], "texture": "#3"}
			}
		},
		{
			"from": [7.825, -1, 7.825],
			"to": [8.175, -0.1, 8.175],
			"rotation": {"angle": 0, "axis": "y", "origin": [7.5, 16, 7.475]},
			"faces": {
				"north": {"uv": [1, 3, 1.1875, 3.4375], "texture": "#3"},
				"east": {"uv": [3, 1, 3.1875, 1.4375], "texture": "#3"},
				"south": {"uv": [1.5, 3, 1.6875, 3.4375], "texture": "#3"},
				"west": {"uv": [3, 1.5, 3.1875, 1.9375], "texture": "#3"},
				"up": {"uv": [4.1875, 5.1875, 4, 5], "texture": "#3"},
				"down": {"uv": [5.1875, 4, 5, 4.1875], "texture": "#3"}
			}
		},
		{
			"from": [7.825, -1.6, 7.825],
			"to": [8.175, -1.275, 8.175],
			"rotation": {"angle": 0, "axis": "y", "origin": [7.5, 16, 7.475]},
			"faces": {
				"north": {"uv": [5.5, 0, 5.6875, 0.1875], "texture": "#3"},
				"east": {"uv": [0.5, 5.5, 0.6875, 5.6875], "texture": "#3"},
				"south": {"uv": [5.5, 0.5, 5.6875, 0.6875], "texture": "#3"},
				"west": {"uv": [1, 5.5, 1.1875, 5.6875], "texture": "#3"},
				"up": {"uv": [5.6875, 1.1875, 5.5, 1], "texture": "#3"},
				"down": {"uv": [1.6875, 5.5, 1.5, 5.6875], "texture": "#3"}
			}
		},
		{
			"from": [7.825, -4.825, 7.825],
			"to": [8.175, -2.475, 8.175],
			"rotation": {"angle": 0, "axis": "y", "origin": [7.5, 16, 7.475]},
			"faces": {
				"north": {"uv": [0, 0, 0.1875, 1.1875], "texture": "#3"},
				"east": {"uv": [0.5, 0, 0.6875, 1.1875], "texture": "#3"},
				"south": {"uv": [1, 0, 1.1875, 1.1875], "texture": "#3"},
				"west": {"uv": [0, 1.5, 0.1875, 2.6875], "texture": "#3"},
				"up": {"uv": [5.6875, 1.6875, 5.5, 1.5], "texture": "#3"},
				"down": {"uv": [2.1875, 5.5, 2, 5.6875], "texture": "#3"}
			}
		},
		{
			"from": [7.85, -5.175, 7.85],
			"to": [8.15, -4.825, 8.15],
			"rotation": {"angle": 0, "axis": "y", "origin": [7.5, 16, 7.475]},
			"faces": {
				"north": {"uv": [1.5, 6, 1.625, 6.1875], "texture": "#3"},
				"east": {"uv": [6, 1.5, 6.125, 1.6875], "texture": "#3"},
				"south": {"uv": [2, 6, 2.125, 6.1875], "texture": "#3"},
				"west": {"uv": [6, 2, 6.125, 2.1875], "texture": "#3"},
				"up": {"uv": [6.625, 4.125, 6.5, 4], "texture": "#3"},
				"down": {"uv": [4.625, 6.5, 4.5, 6.625], "texture": "#3"}
			}
		},
		{
			"from": [7.9, -5.5, 7.9],
			"to": [8.1, -5.175, 8.1],
			"rotation": {"angle": 0, "axis": "y", "origin": [7.5, 16, 7.475]},
			"faces": {
				"north": {"uv": [2.5, 6, 2.625, 6.1875], "texture": "#3"},
				"east": {"uv": [6, 2.5, 6.125, 2.6875], "texture": "#3"},
				"south": {"uv": [3, 6, 3.125, 6.1875], "texture": "#3"},
				"west": {"uv": [6, 3, 6.125, 3.1875], "texture": "#3"},
				"up": {"uv": [6.625, 4.625, 6.5, 4.5], "texture": "#3"},
				"down": {"uv": [5.125, 6.5, 5, 6.625], "texture": "#3"}
			}
		},
		{
			"from": [7.925, -5.575, 7.925],
			"to": [8.075, -5.5, 8.075],
			"rotation": {"angle": 0, "axis": "y", "origin": [7.5, 16, 7.475]},
			"faces": {
				"north": {"uv": [10.5, 10, 10.5625, 10.0625], "texture": "#3"},
				"east": {"uv": [10.5, 10.5, 10.5625, 10.5625], "texture": "#3"},
				"south": {"uv": [0, 11, 0.0625, 11.0625], "texture": "#3"},
				"west": {"uv": [11, 0, 11.0625, 0.0625], "texture": "#3"},
				"up": {"uv": [0.5625, 11.0625, 0.5, 11], "texture": "#3"},
				"down": {"uv": [11.0625, 0.5, 11, 0.5625], "texture": "#3"}
			}
		},
		{
			"from": [7.875, -5.475, 7.975],
			"to": [8.125, -5.175, 8.025],
			"rotation": {"angle": 0, "axis": "y", "origin": [8, -5.3375, 8]},
			"faces": {
				"north": {"uv": [6.5, 5, 6.625, 5.125], "texture": "#3"},
				"east": {"uv": [8.5, 2, 8.5625, 2.125], "texture": "#3"},
				"south": {"uv": [5.5, 6.5, 5.625, 6.625], "texture": "#3"},
				"west": {"uv": [2.5, 8.5, 2.5625, 8.625], "texture": "#3"},
				"up": {"uv": [8.625, 2.5625, 8.5, 2.5], "texture": "#3"},
				"down": {"uv": [3.125, 8.5, 3, 8.5625], "texture": "#3"}
			}
		},
		{
			"from": [7.875, -5.475, 8.05],
			"to": [8.125, -5.1, 8.075],
			"rotation": {"angle": 0, "axis": "y", "origin": [8, -5.3375, 8]},
			"faces": {
				"north": {"uv": [3.5, 6, 3.625, 6.1875], "texture": "#3"},
				"east": {"uv": [5.5, 7, 5.5625, 7.1875], "texture": "#3"},
				"south": {"uv": [6, 3.5, 6.125, 3.6875], "texture": "#3"},
				"west": {"uv": [7, 5.5, 7.0625, 5.6875], "texture": "#3"},
				"up": {"uv": [8.625, 4.0625, 8.5, 4], "texture": "#3"},
				"down": {"uv": [4.625, 8.5, 4.5, 8.5625], "texture": "#3"}
			}
		},
		{
			"from": [7.875, -5.475, 7.925],
			"to": [8.125, -5.1, 7.95],
			"rotation": {"angle": 0, "axis": "y", "origin": [8, -5.3375, 8]},
			"faces": {
				"north": {"uv": [4, 6, 4.125, 6.1875], "texture": "#3"},
				"east": {"uv": [6, 7, 6.0625, 7.1875], "texture": "#3"},
				"south": {"uv": [6, 4, 6.125, 4.1875], "texture": "#3"},
				"west": {"uv": [7, 6, 7.0625, 6.1875], "texture": "#3"},
				"up": {"uv": [8.625, 4.5625, 8.5, 4.5], "texture": "#3"},
				"down": {"uv": [5.125, 8.5, 5, 8.5625], "texture": "#3"}
			}
		},
		{
			"from": [7.825, -5.125, 7.925],
			"to": [8.175, -4.825, 7.95],
			"rotation": {"angle": 0, "axis": "y", "origin": [8, -5.3375, 8]},
			"faces": {
				"north": {"uv": [5.5, 6, 5.6875, 6.125], "texture": "#3"},
				"east": {"uv": [8.5, 8, 8.5625, 8.125], "texture": "#3"},
				"south": {"uv": [6, 5.5, 6.1875, 5.625], "texture": "#3"},
				"west": {"uv": [8.5, 8.5, 8.5625, 8.625], "texture": "#3"},
				"up": {"uv": [7.6875, 0.0625, 7.5, 0], "texture": "#3"},
				"down": {"uv": [0.6875, 7.5, 0.5, 7.5625], "texture": "#3"}
			}
		},
		{
			"from": [7.825, -5.125, 7.875],
			"to": [8.175, -4.825, 7.9],
			"rotation": {"angle": 0, "axis": "y", "origin": [8, -5.3375, 8]},
			"faces": {
				"north": {"uv": [6.5, 2.5, 6.6875, 2.625], "texture": "#3"},
				"east": {"uv": [3, 9, 3.0625, 9.125], "texture": "#3"},
				"south": {"uv": [3, 6.5, 3.1875, 6.625], "texture": "#3"},
				"west": {"uv": [9, 3, 9.0625, 3.125], "texture": "#3"},
				"up": {"uv": [7.6875, 3.5625, 7.5, 3.5], "texture": "#3"},
				"down": {"uv": [4.1875, 7.5, 4, 7.5625], "texture": "#3"}
			}
		},
		{
			"from": [7.825, -5.125, 7.975],
			"to": [8.175, -4.825, 8.025],
			"rotation": {"angle": 0, "axis": "y", "origin": [8, -5.3375, 8]},
			"faces": {
				"north": {"uv": [5, 6, 5.1875, 6.125], "texture": "#3"},
				"east": {"uv": [8.5, 7.5, 8.5625, 7.625], "texture": "#3"},
				"south": {"uv": [6, 5, 6.1875, 5.125], "texture": "#3"},
				"west": {"uv": [8, 8.5, 8.0625, 8.625], "texture": "#3"},
				"up": {"uv": [7.1875, 7.0625, 7, 7], "texture": "#3"},
				"down": {"uv": [0.1875, 7.5, 0, 7.5625], "texture": "#3"}
			}
		},
		{
			"from": [7.825, -5.125, 8.05],
			"to": [8.175, -4.825, 8.075],
			"rotation": {"angle": 0, "axis": "y", "origin": [8, -5.3375, 8]},
			"faces": {
				"north": {"uv": [4.5, 6, 4.6875, 6.125], "texture": "#3"},
				"east": {"uv": [8.5, 7, 8.5625, 7.125], "texture": "#3"},
				"south": {"uv": [6, 4.5, 6.1875, 4.625], "texture": "#3"},
				"west": {"uv": [7.5, 8.5, 7.5625, 8.625], "texture": "#3"},
				"up": {"uv": [6.6875, 7.0625, 6.5, 7], "texture": "#3"},
				"down": {"uv": [7.1875, 6.5, 7, 6.5625], "texture": "#3"}
			}
		},
		{
			"from": [7.825, -5.125, 8.1],
			"to": [8.175, -4.825, 8.125],
			"rotation": {"angle": 0, "axis": "y", "origin": [8, -5.3375, 8]},
			"faces": {
				"north": {"uv": [6.5, 2, 6.6875, 2.125], "texture": "#3"},
				"east": {"uv": [2.5, 9, 2.5625, 9.125], "texture": "#3"},
				"south": {"uv": [2.5, 6.5, 2.6875, 6.625], "texture": "#3"},
				"west": {"uv": [9, 2.5, 9.0625, 2.625], "texture": "#3"},
				"up": {"uv": [7.6875, 3.0625, 7.5, 3], "texture": "#3"},
				"down": {"uv": [3.6875, 7.5, 3.5, 7.5625], "texture": "#3"}
			}
		},
		{
			"from": [7.925, -5.125, 7.825],
			"to": [7.95, -4.825, 8.175],
			"rotation": {"angle": 0, "axis": "y", "origin": [8, -5, 8]},
			"faces": {
				"north": {"uv": [1, 9, 1.0625, 9.125], "texture": "#3"},
				"east": {"uv": [6.5, 0.5, 6.6875, 0.625], "texture": "#3"},
				"south": {"uv": [9, 1, 9.0625, 1.125], "texture": "#3"},
				"west": {"uv": [1, 6.5, 1.1875, 6.625], "texture": "#3"},
				"up": {"uv": [7.5625, 1.6875, 7.5, 1.5], "texture": "#3"},
				"down": {"uv": [2.0625, 7.5, 2, 7.6875], "texture": "#3"}
			}
		},
		{
			"from": [7.875, -5.125, 7.825],
			"to": [7.9, -4.825, 8.175],
			"rotation": {"angle": 0, "axis": "y", "origin": [8, -5, 8]},
			"faces": {
				"north": {"uv": [1.5, 9, 1.5625, 9.125], "texture": "#3"},
				"east": {"uv": [6.5, 1, 6.6875, 1.125], "texture": "#3"},
				"south": {"uv": [9, 1.5, 9.0625, 1.625], "texture": "#3"},
				"west": {"uv": [1.5, 6.5, 1.6875, 6.625], "texture": "#3"},
				"up": {"uv": [7.5625, 2.1875, 7.5, 2], "texture": "#3"},
				"down": {"uv": [2.5625, 7.5, 2.5, 7.6875], "texture": "#3"}
			}
		},
		{
			"from": [8.1, -5.125, 7.825],
			"to": [8.125, -4.825, 8.175],
			"rotation": {"angle": 0, "axis": "y", "origin": [8, -5, 8]},
			"faces": {
				"north": {"uv": [2, 9, 2.0625, 9.125], "texture": "#3"},
				"east": {"uv": [6.5, 1.5, 6.6875, 1.625], "texture": "#3"},
				"south": {"uv": [9, 2, 9.0625, 2.125], "texture": "#3"},
				"west": {"uv": [2, 6.5, 2.1875, 6.625], "texture": "#3"},
				"up": {"uv": [7.5625, 2.6875, 7.5, 2.5], "texture": "#3"},
				"down": {"uv": [3.0625, 7.5, 3, 7.6875], "texture": "#3"}
			}
		},
		{
			"from": [7.975, -5.125, 7.825],
			"to": [8.025, -4.825, 8.175],
			"rotation": {"angle": 0, "axis": "y", "origin": [8, -5, 8]},
			"faces": {
				"north": {"uv": [0.5, 9, 0.5625, 9.125], "texture": "#3"},
				"east": {"uv": [6.5, 0, 6.6875, 0.125], "texture": "#3"},
				"south": {"uv": [9, 0.5, 9.0625, 0.625], "texture": "#3"},
				"west": {"uv": [0.5, 6.5, 0.6875, 6.625], "texture": "#3"},
				"up": {"uv": [7.5625, 1.1875, 7.5, 1], "texture": "#3"},
				"down": {"uv": [1.5625, 7.5, 1.5, 7.6875], "texture": "#3"}
			}
		},
		{
			"from": [8.05, -5.125, 7.825],
			"to": [8.075, -4.825, 8.175],
			"rotation": {"angle": 0, "axis": "y", "origin": [8, -5, 8]},
			"faces": {
				"north": {"uv": [0, 9, 0.0625, 9.125], "texture": "#3"},
				"east": {"uv": [6, 6, 6.1875, 6.125], "texture": "#3"},
				"south": {"uv": [9, 0, 9.0625, 0.125], "texture": "#3"},
				"west": {"uv": [0, 6.5, 0.1875, 6.625], "texture": "#3"},
				"up": {"uv": [7.5625, 0.6875, 7.5, 0.5], "texture": "#3"},
				"down": {"uv": [1.0625, 7.5, 1, 7.6875], "texture": "#3"}
			}
		},
		{
			"from": [7.975, -5.475, 7.875],
			"to": [8.025, -5.175, 8.125],
			"rotation": {"angle": 0, "axis": "y", "origin": [8, -5.3375, 8]},
			"faces": {
				"north": {"uv": [8.5, 3, 8.5625, 3.125], "texture": "#3"},
				"east": {"uv": [6.5, 5.5, 6.625, 5.625], "texture": "#3"},
				"south": {"uv": [3.5, 8.5, 3.5625, 8.625], "texture": "#3"},
				"west": {"uv": [6, 6.5, 6.125, 6.625], "texture": "#3"},
				"up": {"uv": [8.5625, 3.625, 8.5, 3.5], "texture": "#3"},
				"down": {"uv": [4.0625, 8.5, 4, 8.625], "texture": "#3"}
			}
		},
		{
			"from": [8.05, -5.475, 7.875],
			"to": [8.075, -5.175, 8.125],
			"rotation": {"angle": 0, "axis": "y", "origin": [8, -5.3375, 8]},
			"faces": {
				"north": {"uv": [8.5, 5, 8.5625, 5.125], "texture": "#3"},
				"east": {"uv": [6.5, 6, 6.625, 6.125], "texture": "#3"},
				"south": {"uv": [5.5, 8.5, 5.5625, 8.625], "texture": "#3"},
				"west": {"uv": [6.5, 6.5, 6.625, 6.625], "texture": "#3"},
				"up": {"uv": [8.5625, 5.625, 8.5, 5.5], "texture": "#3"},
				"down": {"uv": [6.0625, 8.5, 6, 8.625], "texture": "#3"}
			}
		},
		{
			"from": [7.925, -5.475, 7.875],
			"to": [7.95, -5.175, 8.125],
			"rotation": {"angle": 0, "axis": "y", "origin": [8, -5.3375, 8]},
			"faces": {
				"north": {"uv": [8.5, 6, 8.5625, 6.125], "texture": "#3"},
				"east": {"uv": [0, 7, 0.125, 7.125], "texture": "#3"},
				"south": {"uv": [6.5, 8.5, 6.5625, 8.625], "texture": "#3"},
				"west": {"uv": [7, 0, 7.125, 0.125], "texture": "#3"},
				"up": {"uv": [8.5625, 6.625, 8.5, 6.5], "texture": "#3"},
				"down": {"uv": [7.0625, 8.5, 7, 8.625], "texture": "#3"}
			}
		},
		{
			"from": [7.8, -4.625, 7.8],
			"to": [8.2, -2.425, 8.2],
			"rotation": {"angle": 0, "axis": "y", "origin": [7.5, 16, 7.475]},
			"faces": {
				"north": {"uv": [1.5, 0, 1.6875, 1.125], "texture": "#3"},
				"east": {"uv": [0.5, 1.5, 0.6875, 2.625], "texture": "#3"},
				"south": {"uv": [1, 1.5, 1.1875, 2.625], "texture": "#3"},
				"west": {"uv": [1.5, 1.5, 1.6875, 2.625], "texture": "#3"},
				"up": {"uv": [5.6875, 2.6875, 5.5, 2.5], "texture": "#3"},
				"down": {"uv": [3.1875, 5.5, 3, 5.6875], "texture": "#3"}
			}
		},
		{
			"from": [7.8, -1.6, 7.8],
			"to": [8.2, -1.55, 8.2],
			"rotation": {"angle": 0, "axis": "y", "origin": [7.5, 16, 7.475]},
			"faces": {
				"north": {"uv": [2.5, 7, 2.6875, 7.0625], "texture": "#3"},
				"east": {"uv": [7, 2.5, 7.1875, 2.5625], "texture": "#3"},
				"south": {"uv": [3, 7, 3.1875, 7.0625], "texture": "#3"},
				"west": {"uv": [7, 3, 7.1875, 3.0625], "texture": "#3"},
				"up": {"uv": [5.6875, 2.1875, 5.5, 2], "texture": "#3"},
				"down": {"uv": [2.6875, 5.5, 2.5, 5.6875], "texture": "#3"}
			}
		},
		{
			"from": [7.85, -1.275, 7.85],
			"to": [8.15, -1.225, 8.15],
			"rotation": {"angle": 0, "axis": "y", "origin": [7.5, 16, 7.475]},
			"faces": {
				"north": {"uv": [7.5, 4, 7.625, 4.0625], "texture": "#3"},
				"east": {"uv": [4.5, 7.5, 4.625, 7.5625], "texture": "#3"},
				"south": {"uv": [7.5, 4.5, 7.625, 4.5625], "texture": "#3"},
				"west": {"uv": [5, 7.5, 5.125, 7.5625], "texture": "#3"},
				"up": {"uv": [6.625, 3.625, 6.5, 3.5], "texture": "#3"},
				"down": {"uv": [4.125, 6.5, 4, 6.625], "texture": "#3"}
			}
		},
		{
			"from": [7.775, -2.425, 7.775],
			"to": [8.225, -1.6, 8.225],
			"rotation": {"angle": 0, "axis": "y", "origin": [7.5, 16, 7.475]},
			"faces": {
				"north": {"uv": [0, 3, 0.25, 3.5], "texture": "#3"},
				"east": {"uv": [3, 0, 3.25, 0.5], "texture": "#3"},
				"south": {"uv": [0.5, 3, 0.75, 3.5], "texture": "#3"},
				"west": {"uv": [3, 0.5, 3.25, 1], "texture": "#3"},
				"up": {"uv": [2.25, 3.25, 2, 3], "texture": "#3"},
				"down": {"uv": [3.25, 2, 3, 2.25], "texture": "#3"}
			}
		},
		{
			"from": [7.75, -1.175, 7.8],
			"to": [7.8, 0.6, 7.875],
			"faces": {
				"north": {"uv": [2.5, 3, 2.5625, 3.875], "texture": "#3"},
				"east": {"uv": [3, 2.5, 3.0625, 3.375], "texture": "#3"},
				"south": {"uv": [0, 3.5, 0.0625, 4.375], "texture": "#3"},
				"west": {"uv": [3.5, 0, 3.5625, 0.875], "texture": "#3"},
				"up": {"uv": [3.5625, 9.0625, 3.5, 9], "texture": "#3"},
				"down": {"uv": [9.0625, 3.5, 9, 3.5625], "texture": "#3"}
			}
		},
		{
			"from": [7.75, -1.075, 7.875],
			"to": [7.8, 0.5, 7.975],
			"faces": {
				"north": {"uv": [4, 3, 4.0625, 3.8125], "texture": "#3"},
				"east": {"uv": [3.5, 4, 3.5625, 4.8125], "texture": "#3"},
				"south": {"uv": [4, 4, 4.0625, 4.8125], "texture": "#3"},
				"west": {"uv": [0, 4.5, 0.0625, 5.3125], "texture": "#3"},
				"up": {"uv": [4.0625, 9.0625, 4, 9], "texture": "#3"},
				"down": {"uv": [9.0625, 4, 9, 4.0625], "texture": "#3"}
			}
		},
		{
			"from": [7.8, -5, 7.8],
			"to": [7.825, -4.625, 7.85],
			"faces": {
				"north": {"uv": [3.5, 7, 3.5625, 7.1875], "texture": "#3"},
				"east": {"uv": [7, 3.5, 7.0625, 3.6875], "texture": "#3"},
				"south": {"uv": [4, 7, 4.0625, 7.1875], "texture": "#3"},
				"west": {"uv": [7, 4, 7.0625, 4.1875], "texture": "#3"},
				"up": {"uv": [9.5625, 0.0625, 9.5, 0], "texture": "#3"},
				"down": {"uv": [0.5625, 9.5, 0.5, 9.5625], "texture": "#3"}
			}
		},
		{
			"from": [7.8, -4.925, 7.85],
			"to": [7.825, -4.625, 7.9],
			"faces": {
				"north": {"uv": [7.5, 5, 7.5625, 5.125], "texture": "#3"},
				"east": {"uv": [5.5, 7.5, 5.5625, 7.625], "texture": "#3"},
				"south": {"uv": [7.5, 5.5, 7.5625, 5.625], "texture": "#3"},
				"west": {"uv": [6, 7.5, 6.0625, 7.625], "texture": "#3"},
				"up": {"uv": [9.5625, 0.5625, 9.5, 0.5], "texture": "#3"},
				"down": {"uv": [1.0625, 9.5, 1, 9.5625], "texture": "#3"}
			}
		},
		{
			"from": [7.8, -4.8, 7.9],
			"to": [7.825, -4.625, 7.95],
			"faces": {
				"north": {"uv": [9.5, 1, 9.5625, 1.0625], "texture": "#3"},
				"east": {"uv": [1.5, 9.5, 1.5625, 9.5625], "texture": "#3"},
				"south": {"uv": [9.5, 1.5, 9.5625, 1.5625], "texture": "#3"},
				"west": {"uv": [2, 9.5, 2.0625, 9.5625], "texture": "#3"},
				"up": {"uv": [9.5625, 2.0625, 9.5, 2], "texture": "#3"},
				"down": {"uv": [2.5625, 9.5, 2.5, 9.5625], "texture": "#3"}
			}
		},
		{
			"from": [7.8, -4.75, 7.95],
			"to": [7.825, -4.625, 8],
			"faces": {
				"north": {"uv": [9.5, 2.5, 9.5625, 2.5625], "texture": "#3"},
				"east": {"uv": [3, 9.5, 3.0625, 9.5625], "texture": "#3"},
				"south": {"uv": [9.5, 3, 9.5625, 3.0625], "texture": "#3"},
				"west": {"uv": [3.5, 9.5, 3.5625, 9.5625], "texture": "#3"},
				"up": {"uv": [9.5625, 3.5625, 9.5, 3.5], "texture": "#3"},
				"down": {"uv": [4.0625, 9.5, 4, 9.5625], "texture": "#3"}
			}
		},
		{
			"from": [7.8, -4.725, 8],
			"to": [7.825, -4.625, 8.05],
			"faces": {
				"north": {"uv": [9.5, 4, 9.5625, 4.0625], "texture": "#3"},
				"east": {"uv": [4.5, 9.5, 4.5625, 9.5625], "texture": "#3"},
				"south": {"uv": [9.5, 4.5, 9.5625, 4.5625], "texture": "#3"},
				"west": {"uv": [5, 9.5, 5.0625, 9.5625], "texture": "#3"},
				"up": {"uv": [9.5625, 5.0625, 9.5, 5], "texture": "#3"},
				"down": {"uv": [5.5625, 9.5, 5.5, 9.5625], "texture": "#3"}
			}
		},
		{
			"from": [7.8, -4.775, 8.05],
			"to": [7.825, -4.625, 8.1],
			"faces": {
				"north": {"uv": [9.5, 5.5, 9.5625, 5.5625], "texture": "#3"},
				"east": {"uv": [6, 9.5, 6.0625, 9.5625], "texture": "#3"},
				"south": {"uv": [9.5, 6, 9.5625, 6.0625], "texture": "#3"},
				"west": {"uv": [6.5, 9.5, 6.5625, 9.5625], "texture": "#3"},
				"up": {"uv": [9.5625, 6.5625, 9.5, 6.5], "texture": "#3"},
				"down": {"uv": [7.0625, 9.5, 7, 9.5625], "texture": "#3"}
			}
		},
		{
			"from": [7.8, -4.825, 8.1],
			"to": [7.825, -4.625, 8.15],
			"faces": {
				"north": {"uv": [7.5, 6, 7.5625, 6.125], "texture": "#3"},
				"east": {"uv": [6.5, 7.5, 6.5625, 7.625], "texture": "#3"},
				"south": {"uv": [7.5, 6.5, 7.5625, 6.625], "texture": "#3"},
				"west": {"uv": [7, 7.5, 7.0625, 7.625], "texture": "#3"},
				"up": {"uv": [9.5625, 7.0625, 9.5, 7], "texture": "#3"},
				"down": {"uv": [7.5625, 9.5, 7.5, 9.5625], "texture": "#3"}
			}
		},
		{
			"from": [7.8, -4.85, 8.15],
			"to": [7.825, -4.625, 8.2],
			"faces": {
				"north": {"uv": [7.5, 7, 7.5625, 7.125], "texture": "#3"},
				"east": {"uv": [7.5, 7.5, 7.5625, 7.625], "texture": "#3"},
				"south": {"uv": [0, 8, 0.0625, 8.125], "texture": "#3"},
				"west": {"uv": [8, 0, 8.0625, 0.125], "texture": "#3"},
				"up": {"uv": [9.5625, 7.5625, 9.5, 7.5], "texture": "#3"},
				"down": {"uv": [8.0625, 9.5, 8, 9.5625], "texture": "#3"}
			}
		},
		{
			"from": [7.825, -4.8, 8.175],
			"to": [7.875, -4.625, 8.2],
			"faces": {
				"north": {"uv": [5.5, 10, 5.5625, 10.0625], "texture": "#3"},
				"east": {"uv": [10, 5.5, 10.0625, 5.5625], "texture": "#3"},
				"south": {"uv": [6, 10, 6.0625, 10.0625], "texture": "#3"},
				"west": {"uv": [10, 6, 10.0625, 6.0625], "texture": "#3"},
				"up": {"uv": [6.5625, 10.0625, 6.5, 10], "texture": "#3"},
				"down": {"uv": [10.0625, 6.5, 10, 6.5625], "texture": "#3"}
			}
		},
		{
			"from": [7.875, -4.75, 8.175],
			"to": [7.925, -4.625, 8.2],
			"faces": {
				"north": {"uv": [7, 10, 7.0625, 10.0625], "texture": "#3"},
				"east": {"uv": [10, 7, 10.0625, 7.0625], "texture": "#3"},
				"south": {"uv": [7.5, 10, 7.5625, 10.0625], "texture": "#3"},
				"west": {"uv": [10, 7.5, 10.0625, 7.5625], "texture": "#3"},
				"up": {"uv": [8.0625, 10.0625, 8, 10], "texture": "#3"},
				"down": {"uv": [10.0625, 8, 10, 8.0625], "texture": "#3"}
			}
		},
		{
			"from": [8.125, -4.925, 8.175],
			"to": [8.175, -4.625, 8.2],
			"faces": {
				"north": {"uv": [4.5, 8, 4.5625, 8.125], "texture": "#3"},
				"east": {"uv": [8, 4.5, 8.0625, 4.625], "texture": "#3"},
				"south": {"uv": [5, 8, 5.0625, 8.125], "texture": "#3"},
				"west": {"uv": [8, 5, 8.0625, 5.125], "texture": "#3"},
				"up": {"uv": [8.5625, 10.0625, 8.5, 10], "texture": "#3"},
				"down": {"uv": [10.0625, 8.5, 10, 8.5625], "texture": "#3"}
			}
		},
		{
			"from": [8.075, -4.75, 8.175],
			"to": [8.125, -4.625, 8.2],
			"faces": {
				"north": {"uv": [9, 10, 9.0625, 10.0625], "texture": "#3"},
				"east": {"uv": [10, 9, 10.0625, 9.0625], "texture": "#3"},
				"south": {"uv": [9.5, 10, 9.5625, 10.0625], "texture": "#3"},
				"west": {"uv": [10, 9.5, 10.0625, 9.5625], "texture": "#3"},
				"up": {"uv": [10.0625, 10.0625, 10, 10], "texture": "#3"},
				"down": {"uv": [0.0625, 10.5, 0, 10.5625], "texture": "#3"}
			}
		},
		{
			"from": [7.925, -4.775, 8.175],
			"to": [7.975, -4.625, 8.2],
			"faces": {
				"north": {"uv": [10.5, 0, 10.5625, 0.0625], "texture": "#3"},
				"east": {"uv": [0.5, 10.5, 0.5625, 10.5625], "texture": "#3"},
				"south": {"uv": [10.5, 0.5, 10.5625, 0.5625], "texture": "#3"},
				"west": {"uv": [1, 10.5, 1.0625, 10.5625], "texture": "#3"},
				"up": {"uv": [10.5625, 1.0625, 10.5, 1], "texture": "#3"},
				"down": {"uv": [1.5625, 10.5, 1.5, 10.5625], "texture": "#3"}
			}
		},
		{
			"from": [7.975, -4.8, 8.175],
			"to": [8.025, -4.625, 8.2],
			"faces": {
				"north": {"uv": [10.5, 1.5, 10.5625, 1.5625], "texture": "#3"},
				"east": {"uv": [2, 10.5, 2.0625, 10.5625], "texture": "#3"},
				"south": {"uv": [10.5, 2, 10.5625, 2.0625], "texture": "#3"},
				"west": {"uv": [2.5, 10.5, 2.5625, 10.5625], "texture": "#3"},
				"up": {"uv": [10.5625, 2.5625, 10.5, 2.5], "texture": "#3"},
				"down": {"uv": [3.0625, 10.5, 3, 10.5625], "texture": "#3"}
			}
		},
		{
			"from": [8.025, -4.825, 8.175],
			"to": [8.075, -4.625, 8.2],
			"faces": {
				"north": {"uv": [5.5, 8, 5.5625, 8.125], "texture": "#3"},
				"east": {"uv": [8, 5.5, 8.0625, 5.625], "texture": "#3"},
				"south": {"uv": [6, 8, 6.0625, 8.125], "texture": "#3"},
				"west": {"uv": [8, 6, 8.0625, 6.125], "texture": "#3"},
				"up": {"uv": [10.5625, 3.0625, 10.5, 3], "texture": "#3"},
				"down": {"uv": [3.5625, 10.5, 3.5, 10.5625], "texture": "#3"}
			}
		},
		{
			"from": [7.825, -4.9, 7.8],
			"to": [7.875, -4.625, 7.825],
			"faces": {
				"north": {"uv": [8.5, 1, 8.5625, 1.125], "texture": "#3"},
				"east": {"uv": [1.5, 8.5, 1.5625, 8.625], "texture": "#3"},
				"south": {"uv": [8.5, 1.5, 8.5625, 1.625], "texture": "#3"},
				"west": {"uv": [2, 8.5, 2.0625, 8.625], "texture": "#3"},
				"up": {"uv": [10.5625, 9.5625, 10.5, 9.5], "texture": "#3"},
				"down": {"uv": [10.0625, 10.5, 10, 10.5625], "texture": "#3"}
			}
		},
		{
			"from": [7.875, -4.75, 7.8],
			"to": [7.925, -4.625, 7.825],
			"faces": {
				"north": {"uv": [10.5, 8, 10.5625, 8.0625], "texture": "#3"},
				"east": {"uv": [8.5, 10.5, 8.5625, 10.5625], "texture": "#3"},
				"south": {"uv": [10.5, 8.5, 10.5625, 8.5625], "texture": "#3"},
				"west": {"uv": [9, 10.5, 9.0625, 10.5625], "texture": "#3"},
				"up": {"uv": [10.5625, 9.0625, 10.5, 9], "texture": "#3"},
				"down": {"uv": [9.5625, 10.5, 9.5, 10.5625], "texture": "#3"}
			}
		},
		{
			"from": [7.975, -4.875, 7.8],
			"to": [8.025, -4.625, 7.825],
			"faces": {
				"north": {"uv": [8.5, 0, 8.5625, 0.125], "texture": "#3"},
				"east": {"uv": [0.5, 8.5, 0.5625, 8.625], "texture": "#3"},
				"south": {"uv": [8.5, 0.5, 8.5625, 0.625], "texture": "#3"},
				"west": {"uv": [1, 8.5, 1.0625, 8.625], "texture": "#3"},
				"up": {"uv": [10.5625, 7.5625, 10.5, 7.5], "texture": "#3"},
				"down": {"uv": [8.0625, 10.5, 8, 10.5625], "texture": "#3"}
			}
		},
		{
			"from": [7.925, -4.825, 7.8],
			"to": [7.975, -4.625, 7.825],
			"faces": {
				"north": {"uv": [7.5, 8, 7.5625, 8.125], "texture": "#3"},
				"east": {"uv": [8, 7.5, 8.0625, 7.625], "texture": "#3"},
				"south": {"uv": [8, 8, 8.0625, 8.125], "texture": "#3"},
				"west": {"uv": [0, 8.5, 0.0625, 8.625], "texture": "#3"},
				"up": {"uv": [10.5625, 7.0625, 10.5, 7], "texture": "#3"},
				"down": {"uv": [7.5625, 10.5, 7.5, 10.5625], "texture": "#3"}
			}
		},
		{
			"from": [8.025, -4.75, 7.8],
			"to": [8.075, -4.625, 7.825],
			"faces": {
				"north": {"uv": [10.5, 5.5, 10.5625, 5.5625], "texture": "#3"},
				"east": {"uv": [6, 10.5, 6.0625, 10.5625], "texture": "#3"},
				"south": {"uv": [10.5, 6, 10.5625, 6.0625], "texture": "#3"},
				"west": {"uv": [6.5, 10.5, 6.5625, 10.5625], "texture": "#3"},
				"up": {"uv": [10.5625, 6.5625, 10.5, 6.5], "texture": "#3"},
				"down": {"uv": [7.0625, 10.5, 7, 10.5625], "texture": "#3"}
			}
		},
		{
			"from": [8.075, -4.8, 7.8],
			"to": [8.125, -4.625, 7.825],
			"faces": {
				"north": {"uv": [10.5, 4, 10.5625, 4.0625], "texture": "#3"},
				"east": {"uv": [4.5, 10.5, 4.5625, 10.5625], "texture": "#3"},
				"south": {"uv": [10.5, 4.5, 10.5625, 4.5625], "texture": "#3"},
				"west": {"uv": [5, 10.5, 5.0625, 10.5625], "texture": "#3"},
				"up": {"uv": [10.5625, 5.0625, 10.5, 5], "texture": "#3"},
				"down": {"uv": [5.5625, 10.5, 5.5, 10.5625], "texture": "#3"}
			}
		},
		{
			"from": [8.125, -4.85, 7.8],
			"to": [8.175, -4.625, 7.825],
			"faces": {
				"north": {"uv": [6.5, 8, 6.5625, 8.125], "texture": "#3"},
				"east": {"uv": [8, 6.5, 8.0625, 6.625], "texture": "#3"},
				"south": {"uv": [7, 8, 7.0625, 8.125], "texture": "#3"},
				"west": {"uv": [8, 7, 8.0625, 7.125], "texture": "#3"},
				"up": {"uv": [10.5625, 3.5625, 10.5, 3.5], "texture": "#3"},
				"down": {"uv": [4.0625, 10.5, 4, 10.5625], "texture": "#3"}
			}
		},
		{
			"from": [8.175, -5, 8.15],
			"to": [8.2, -4.625, 8.2],
			"faces": {
				"north": {"uv": [4.5, 7, 4.5625, 7.1875], "texture": "#3"},
				"east": {"uv": [7, 4.5, 7.0625, 4.6875], "texture": "#3"},
				"south": {"uv": [5, 7, 5.0625, 7.1875], "texture": "#3"},
				"west": {"uv": [7, 5, 7.0625, 5.1875], "texture": "#3"},
				"up": {"uv": [5.0625, 10.0625, 5, 10], "texture": "#3"},
				"down": {"uv": [10.0625, 5, 10, 5.0625], "texture": "#3"}
			}
		},
		{
			"from": [8.175, -4.9, 7.8],
			"to": [8.2, -4.625, 7.85],
			"faces": {
				"north": {"uv": [3.5, 8, 3.5625, 8.125], "texture": "#3"},
				"east": {"uv": [8, 3.5, 8.0625, 3.625], "texture": "#3"},
				"south": {"uv": [4, 8, 4.0625, 8.125], "texture": "#3"},
				"west": {"uv": [8, 4, 8.0625, 4.125], "texture": "#3"},
				"up": {"uv": [4.5625, 10.0625, 4.5, 10], "texture": "#3"},
				"down": {"uv": [10.0625, 4.5, 10, 4.5625], "texture": "#3"}
			}
		},
		{
			"from": [8.175, -4.825, 7.85],
			"to": [8.2, -4.625, 7.9],
			"faces": {
				"north": {"uv": [2.5, 8, 2.5625, 8.125], "texture": "#3"},
				"east": {"uv": [8, 2.5, 8.0625, 2.625], "texture": "#3"},
				"south": {"uv": [3, 8, 3.0625, 8.125], "texture": "#3"},
				"west": {"uv": [8, 3, 8.0625, 3.125], "texture": "#3"},
				"up": {"uv": [4.0625, 10.0625, 4, 10], "texture": "#3"},
				"down": {"uv": [10.0625, 4, 10, 4.0625], "texture": "#3"}
			}
		},
		{
			"from": [8.175, -4.775, 7.9],
			"to": [8.2, -4.625, 7.95],
			"faces": {
				"north": {"uv": [2.5, 10, 2.5625, 10.0625], "texture": "#3"},
				"east": {"uv": [10, 2.5, 10.0625, 2.5625], "texture": "#3"},
				"south": {"uv": [3, 10, 3.0625, 10.0625], "texture": "#3"},
				"west": {"uv": [10, 3, 10.0625, 3.0625], "texture": "#3"},
				"up": {"uv": [3.5625, 10.0625, 3.5, 10], "texture": "#3"},
				"down": {"uv": [10.0625, 3.5, 10, 3.5625], "texture": "#3"}
			}
		},
		{
			"from": [8.175, -4.775, 8],
			"to": [8.2, -4.625, 8.05],
			"faces": {
				"north": {"uv": [1, 10, 1.0625, 10.0625], "texture": "#3"},
				"east": {"uv": [10, 1, 10.0625, 1.0625], "texture": "#3"},
				"south": {"uv": [1.5, 10, 1.5625, 10.0625], "texture": "#3"},
				"west": {"uv": [10, 1.5, 10.0625, 1.5625], "texture": "#3"},
				"up": {"uv": [2.0625, 10.0625, 2, 10], "texture": "#3"},
				"down": {"uv": [10.0625, 2, 10, 2.0625], "texture": "#3"}
			}
		},
		{
			"from": [8.175, -4.725, 7.95],
			"to": [8.2, -4.625, 8],
			"faces": {
				"north": {"uv": [9.5, 9, 9.5625, 9.0625], "texture": "#3"},
				"east": {"uv": [9.5, 9.5, 9.5625, 9.5625], "texture": "#3"},
				"south": {"uv": [0, 10, 0.0625, 10.0625], "texture": "#3"},
				"west": {"uv": [10, 0, 10.0625, 0.0625], "texture": "#3"},
				"up": {"uv": [0.5625, 10.0625, 0.5, 10], "texture": "#3"},
				"down": {"uv": [10.0625, 0.5, 10, 0.5625], "texture": "#3"}
			}
		},
		{
			"from": [8.175, -4.825, 8.05],
			"to": [8.2, -4.625, 8.1],
			"faces": {
				"north": {"uv": [1.5, 8, 1.5625, 8.125], "texture": "#3"},
				"east": {"uv": [8, 1.5, 8.0625, 1.625], "texture": "#3"},
				"south": {"uv": [2, 8, 2.0625, 8.125], "texture": "#3"},
				"west": {"uv": [8, 2, 8.0625, 2.125], "texture": "#3"},
				"up": {"uv": [9.5625, 8.5625, 9.5, 8.5], "texture": "#3"},
				"down": {"uv": [9.0625, 9.5, 9, 9.5625], "texture": "#3"}
			}
		},
		{
			"from": [8.175, -4.875, 8.1],
			"to": [8.2, -4.625, 8.15],
			"faces": {
				"north": {"uv": [0.5, 8, 0.5625, 8.125], "texture": "#3"},
				"east": {"uv": [8, 0.5, 8.0625, 0.625], "texture": "#3"},
				"south": {"uv": [1, 8, 1.0625, 8.125], "texture": "#3"},
				"west": {"uv": [8, 1, 8.0625, 1.125], "texture": "#3"},
				"up": {"uv": [9.5625, 8.0625, 9.5, 8], "texture": "#3"},
				"down": {"uv": [8.5625, 9.5, 8.5, 9.5625], "texture": "#3"}
			}
		},
		{
			"from": [7.75, -1.175, 7.75],
			"to": [7.875, 0.6, 7.8],
			"faces": {
				"north": {"uv": [0.5, 3.5, 0.5625, 4.375], "texture": "#3"},
				"east": {"uv": [1, 3.5, 1.0625, 4.375], "texture": "#3"},
				"south": {"uv": [3.5, 1, 3.5625, 1.875], "texture": "#3"},
				"west": {"uv": [1.5, 3.5, 1.5625, 4.375], "texture": "#3"},
				"up": {"uv": [4.5625, 9.0625, 4.5, 9], "texture": "#3"},
				"down": {"uv": [9.0625, 4.5, 9, 4.5625], "texture": "#3"}
			}
		},
		{
			"from": [7.875, -1.075, 7.75],
			"to": [7.975, 0.5, 7.8],
			"faces": {
				"north": {"uv": [4.5, 0, 4.5625, 0.8125], "texture": "#3"},
				"east": {"uv": [0.5, 4.5, 0.5625, 5.3125], "texture": "#3"},
				"south": {"uv": [1, 4.5, 1.0625, 5.3125], "texture": "#3"},
				"west": {"uv": [4.5, 1, 4.5625, 1.8125], "texture": "#3"},
				"up": {"uv": [5.0625, 9.0625, 5, 9], "texture": "#3"},
				"down": {"uv": [9.0625, 5, 9, 5.0625], "texture": "#3"}
			}
		},
		{
			"from": [7.975, -0.8, 7.75],
			"to": [8.075, -0.025, 7.8],
			"faces": {
				"north": {"uv": [5.5, 3, 5.5625, 3.375], "texture": "#3"},
				"east": {"uv": [3.5, 5.5, 3.5625, 5.875], "texture": "#3"},
				"south": {"uv": [5.5, 3.5, 5.5625, 3.875], "texture": "#3"},
				"west": {"uv": [4, 5.5, 4.0625, 5.875], "texture": "#3"},
				"up": {"uv": [5.5625, 9.0625, 5.5, 9], "texture": "#3"},
				"down": {"uv": [9.0625, 5.5, 9, 5.5625], "texture": "#3"}
			}
		},
		{
			"from": [7.925, -0.8, 8.2],
			"to": [8.025, -0.025, 8.25],
			"faces": {
				"north": {"uv": [5.5, 4, 5.5625, 4.375], "texture": "#3"},
				"east": {"uv": [4.5, 5.5, 4.5625, 5.875], "texture": "#3"},
				"south": {"uv": [5.5, 4.5, 5.5625, 4.875], "texture": "#3"},
				"west": {"uv": [5, 5.5, 5.0625, 5.875], "texture": "#3"},
				"up": {"uv": [6.0625, 9.0625, 6, 9], "texture": "#3"},
				"down": {"uv": [9.0625, 6, 9, 6.0625], "texture": "#3"}
			}
		},
		{
			"from": [8.2, -1.175, 8.125],
			"to": [8.25, 0.6, 8.25],
			"rotation": {"angle": 0, "axis": "y", "origin": [7.85, -0.775, 7.85]},
			"faces": {
				"north": {"uv": [2, 3.5, 2.0625, 4.375], "texture": "#3"},
				"east": {"uv": [3.5, 2, 3.5625, 2.875], "texture": "#3"},
				"south": {"uv": [3, 3.5, 3.0625, 4.375], "texture": "#3"},
				"west": {"uv": [3.5, 3, 3.5625, 3.875], "texture": "#3"},
				"up": {"uv": [6.5625, 9.0625, 6.5, 9], "texture": "#3"},
				"down": {"uv": [9.0625, 6.5, 9, 6.5625], "texture": "#3"}
			}
		},
		{
			"from": [8.125, -1.175, 8.2],
			"to": [8.2, 0.6, 8.25],
			"rotation": {"angle": 0, "axis": "y", "origin": [7.85, -0.775, 7.85]},
			"faces": {
				"north": {"uv": [4, 0, 4.0625, 0.875], "texture": "#3"},
				"east": {"uv": [4, 1, 4.0625, 1.875], "texture": "#3"},
				"south": {"uv": [4, 2, 4.0625, 2.875], "texture": "#3"},
				"west": {"uv": [2.5, 4, 2.5625, 4.875], "texture": "#3"},
				"up": {"uv": [7.0625, 9.0625, 7, 9], "texture": "#3"},
				"down": {"uv": [9.0625, 7, 9, 7.0625], "texture": "#3"}
			}
		},
		{
			"from": [8.025, -1.075, 8.2],
			"to": [8.125, 0.5, 8.25],
			"rotation": {"angle": 0, "axis": "y", "origin": [7.85, -0.775, 7.85]},
			"faces": {
				"north": {"uv": [1.5, 4.5, 1.5625, 5.3125], "texture": "#3"},
				"east": {"uv": [2, 4.5, 2.0625, 5.3125], "texture": "#3"},
				"south": {"uv": [4.5, 2, 4.5625, 2.8125], "texture": "#3"},
				"west": {"uv": [3, 4.5, 3.0625, 5.3125], "texture": "#3"},
				"up": {"uv": [7.5625, 9.0625, 7.5, 9], "texture": "#3"},
				"down": {"uv": [9.0625, 7.5, 9, 7.5625], "texture": "#3"}
			}
		},
		{
			"from": [8.2, -1.075, 8.025],
			"to": [8.25, 0.5, 8.125],
			"rotation": {"angle": 0, "axis": "y", "origin": [7.85, -0.775, 7.85]},
			"faces": {
				"north": {"uv": [4.5, 3, 4.5625, 3.8125], "texture": "#3"},
				"east": {"uv": [4.5, 4, 4.5625, 4.8125], "texture": "#3"},
				"south": {"uv": [5, 0, 5.0625, 0.8125], "texture": "#3"},
				"west": {"uv": [5, 1, 5.0625, 1.8125], "texture": "#3"},
				"up": {"uv": [8.0625, 9.0625, 8, 9], "texture": "#3"},
				"down": {"uv": [9.0625, 8, 9, 8.0625], "texture": "#3"}
			}
		},
		{
			"from": [8.2, -0.8, 7.925],
			"to": [8.25, -0.025, 8.025],
			"rotation": {"angle": 0, "axis": "y", "origin": [7.85, -0.775, 7.85]},
			"faces": {
				"north": {"uv": [5.5, 5, 5.5625, 5.375], "texture": "#3"},
				"east": {"uv": [5.5, 5.5, 5.5625, 5.875], "texture": "#3"},
				"south": {"uv": [0, 6, 0.0625, 6.375], "texture": "#3"},
				"west": {"uv": [6, 0, 6.0625, 0.375], "texture": "#3"},
				"up": {"uv": [8.5625, 9.0625, 8.5, 9], "texture": "#3"},
				"down": {"uv": [9.0625, 8.5, 9, 8.5625], "texture": "#3"}
			}
		},
		{
			"from": [7.75, -0.8, 7.975],
			"to": [7.8, -0.025, 8.075],
			"rotation": {"angle": 0, "axis": "y", "origin": [7.85, -0.775, 7.85]},
			"faces": {
				"north": {"uv": [0.5, 6, 0.5625, 6.375], "texture": "#3"},
				"east": {"uv": [6, 0.5, 6.0625, 0.875], "texture": "#3"},
				"south": {"uv": [1, 6, 1.0625, 6.375], "texture": "#3"},
				"west": {"uv": [6, 1, 6.0625, 1.375], "texture": "#3"},
				"up": {"uv": [9.0625, 9.0625, 9, 9], "texture": "#3"},
				"down": {"uv": [0.0625, 9.5, 0, 9.5625], "texture": "#3"}
			}
		},
		{
			"name": "blade",
			"from": [7.825, 0, 7.825],
			"to": [8.175, 8.875, 8.175],
			"rotation": {"angle": 0, "axis": "y", "origin": [8, 8, 8]},
			"faces": {
				"north": {"uv": [7.875, 1.125, 8.125, 8.875], "texture": "#1"},
				"east": {"uv": [7.75, 1.125, 8, 8.875], "texture": "#1"},
				"south": {"uv": [7.875, 1.125, 8.125, 8.875], "texture": "#1"},
				"west": {"uv": [7.75, 1.125, 8, 8.875], "texture": "#1"},
				"up": {"uv": [3, 1.5, 2.875, 1.375], "texture": "#1"},
				"down": {"uv": [2.125, 6.5, 2, 6.625], "texture": "#1"}
			}
		},
		{
			"from": [8.15, 0, 7.95],
			"to": [8.15, 9.45, 8.775],
			"rotation": {"angle": 45, "axis": "y", "origin": [7.625, 13.3625, 8.375]},
			"faces": {
				"north": {"uv": [0, 0, 0, 5.175], "texture": "#2"},
				"east": {"uv": [2.69218, 0.89688, 3.19844, 7.88438], "texture": "#2"},
				"south": {"uv": [0, 0, 0, 5.175], "texture": "#2"},
				"west": {"uv": [2.67656, 0.89688, 3.18281, 7.88438], "texture": "#2"},
				"up": {"uv": [0, 0, 0, 0.3], "texture": "#2"},
				"down": {"uv": [0, 0, 0, 0.3], "texture": "#2"}
			}
		},
		{
			"from": [7.85, 8.725, 7.85],
			"to": [8.15, 8.925, 8.15],
			"faces": {
				"north": {"uv": [7.875, 1.125, 8, 1.25], "texture": "#1"},
				"east": {"uv": [7.875, 1.125, 8, 1.25], "texture": "#1"},
				"south": {"uv": [7.875, 1.125, 8, 1.25], "texture": "#1"},
				"west": {"uv": [7.875, 1.125, 8, 1.25], "texture": "#1"},
				"up": {"uv": [7.875, 1.125, 8, 1.25], "texture": "#1"},
				"down": {"uv": [7.875, 1.125, 8, 1.25], "texture": "#1"}
			}
		}
	],
	"display": {
		"thirdperson_righthand": {
			"rotation": [0, -45, 0],
			"translation": [0, 30.25, 0],
			"scale": [3, 3, 3]
		},
		"thirdperson_lefthand": {
			"rotation": [0, -135, 0],
			"translation": [0, 30.25, 0],
			"scale": [3, 3, 3]
		},
		"firstperson_righthand": {
			"rotation": [-11, 0, 0],
			"translation": [0.75, 15.5, -1],
			"scale": [1.5, 1.5, 1.5]
		},
		"firstperson_lefthand": {
			"rotation": [-11, 88, 0],
			"translation": [0.75, 15.5, -1],
			"scale": [1.5, 1.5, 1.5]
		},
		"ground": {
			"translation": [0, 35.5, 0],
			"scale": [3, 3, 3]
		},
		"gui": {
			"rotation": [0, 0, -45],
			"translation": [8.5, 9.25, 0],
			"scale": [2, 2, 2]
		},
		"head": {
			"translation": [0, 14.25, 0]
		},
		"fixed": {
			"rotation": [0, 0, 45],
			"translation": [-8.75, 8.75, 0],
			"scale": [2, 2, 2]
		}
	}
}