{
	"credit": "Made with Blockbench",
	"texture_size": [32, 32],
	"textures": {
		"0": "item/lightsabers/darksaber",
		"2": "item/lightsabers/dark_saber_beam",
		"3": "item/lightsabers/dark_saber_beam_glow",
		"particle": "item/lightsabers/darksaber"
	},
	"elements": [
		{
			"name": "blade",
			"from": [8.4, 1.6, 7.925],
			"to": [8.475, 8.625, 8.075],
			"rotation": {"angle": 0, "axis": "y", "origin": [8, 8, 8]},
			"faces": {
				"north": {"uv": [8.5625, 4.28125, 8.59375, 7.78125], "texture": "#2"},
				"east": {"uv": [9.15625, 4.28125, 9.21875, 7.78125], "texture": "#2"},
				"south": {"uv": [8.5625, 4.28125, 8.59375, 7.78125], "texture": "#2"},
				"west": {"uv": [2, 4.5, 2.0625, 8], "texture": "#2"},
				"up": {"uv": [9.1875, 5.3125, 9.15625, 5.25], "texture": "#2"},
				"down": {"uv": [9.1875, 5.3125, 9.15625, 5.25], "texture": "#2"}
			}
		},
		{
			"name": "blade",
			"from": [8.475, 1.7, 7.925],
			"to": [8.55, 8.375, 8.075],
			"rotation": {"angle": 0, "axis": "y", "origin": [8, 8, 8]},
			"faces": {
				"north": {"uv": [8.59375, 4.40625, 8.625, 7.75], "texture": "#2"},
				"east": {"uv": [9.15625, 4.21875, 9.21875, 7.5625], "texture": "#2"},
				"south": {"uv": [8.59375, 4.40625, 8.625, 7.75], "texture": "#2"},
				"west": {"uv": [3, 4.5, 3.0625, 7.84375], "texture": "#2"},
				"up": {"uv": [9.1875, 5.3125, 9.15625, 5.25], "texture": "#2"},
				"down": {"uv": [9.1875, 5.3125, 9.15625, 5.25], "texture": "#2"}
			}
		},
		{
			"name": "blade",
			"from": [8.25, 1.325, 7.925],
			"to": [8.325, 9.075, 8.075],
			"rotation": {"angle": 0, "axis": "y", "origin": [8, 8, 8]},
			"faces": {
				"north": {"uv": [8.5, 4.09375, 8.53125, 7.94141], "texture": "#2"},
				"east": {"uv": [9.15625, 4.09375, 9.21875, 7.96875], "texture": "#2"},
				"south": {"uv": [8.5, 4.09375, 8.53125, 7.94297], "texture": "#2"},
				"west": {"uv": [4.5, 0, 4.5625, 3.875], "texture": "#2"},
				"up": {"uv": [9.1875, 5.3125, 9.15625, 5.25], "texture": "#2"},
				"down": {"uv": [8.03125, 7.5, 8, 7.5625], "texture": "#2"}
			}
		},
		{
			"name": "blade",
			"from": [8.1, 1.325, 7.925],
			"to": [8.175, 9.525, 8.075],
			"rotation": {"angle": 0, "axis": "y", "origin": [8, 8, 8]},
			"faces": {
				"north": {"uv": [8.4375, 3.90625, 8.46875, 8], "texture": "#2"},
				"east": {"uv": [9.15625, 3.875, 9.21875, 7.96875], "texture": "#2"},
				"south": {"uv": [8.4375, 3.90625, 8.46875, 8], "texture": "#2"},
				"west": {"uv": [3.5, 0, 3.5625, 4.09375], "texture": "#2"},
				"up": {"uv": [9.1875, 5.3125, 9.15625, 5.25], "texture": "#2"},
				"down": {"uv": [8.03125, 6, 8, 6.0625], "texture": "#2"}
			}
		},
		{
			"name": "blade",
			"from": [7.95, 1.2, 7.925],
			"to": [8.025, 9.675, 8.075],
			"rotation": {"angle": 0, "axis": "y", "origin": [8, 8, 8]},
			"faces": {
				"north": {"uv": [8.375, 3.84375, 8.40625, 8.09375], "texture": "#2"},
				"east": {"uv": [9.15625, 3.90625, 9.21875, 6.5], "texture": "#2"},
				"south": {"uv": [8.375, 3.84375, 8.40625, 8.09375], "texture": "#2"},
				"west": {"uv": [1.5, 0, 1.5625, 4.25], "texture": "#2"},
				"up": {"uv": [9.1875, 5.78125, 9.15625, 5.71875], "texture": "#2"},
				"down": {"uv": [8.03125, 4, 8, 4.0625], "texture": "#2"}
			}
		},
		{
			"name": "blade",
			"from": [8.325, 1.5, 7.925],
			"to": [8.4, 8.85, 8.075],
			"rotation": {"angle": 0, "axis": "y", "origin": [8, 8, 8]},
			"faces": {
				"north": {"uv": [8.53125, 4.1875, 8.5625, 7.81172], "texture": "#2"},
				"east": {"uv": [9.15625, 4.40625, 9.21875, 8.09375], "texture": "#2"},
				"south": {"uv": [8.53125, 4.1875, 8.5625, 7.81484], "texture": "#2"},
				"west": {"uv": [1, 4.5, 1.0625, 8.1875], "texture": "#2"},
				"up": {"uv": [9.1875, 5.3125, 9.15625, 5.25], "texture": "#2"},
				"down": {"uv": [9.1875, 5.3125, 9.15625, 5.25], "texture": "#2"}
			}
		},
		{
			"name": "blade",
			"from": [8.175, 1.325, 7.925],
			"to": [8.25, 9.3, 8.075],
			"rotation": {"angle": 0, "axis": "y", "origin": [8, 8, 8]},
			"faces": {
				"north": {"uv": [8.46875, 4, 8.5, 8], "texture": "#2"},
				"east": {"uv": [9.15625, 3.84375, 9.21875, 7.84375], "texture": "#2"},
				"south": {"uv": [8.46875, 4, 8.5, 8], "texture": "#2"},
				"west": {"uv": [9.15625, 3.90625, 9.21875, 7.90625], "texture": "#2"},
				"up": {"uv": [9.1875, 5.3125, 9.15625, 5.25], "texture": "#2"},
				"down": {"uv": [8.03125, 6.5, 8, 6.5625], "texture": "#2"}
			}
		},
		{
			"name": "blade",
			"from": [8.025, 1.2, 7.925],
			"to": [8.1, 9.6, 8.075],
			"rotation": {"angle": 0, "axis": "y", "origin": [8, 8, 8]},
			"faces": {
				"north": {"uv": [8.40625, 3.875, 8.4375, 8.0625], "texture": "#2"},
				"east": {"uv": [9.15625, 3.90625, 9.21875, 7.625], "texture": "#2"},
				"south": {"uv": [8.40625, 3.875, 8.4375, 8.0625], "texture": "#2"},
				"west": {"uv": [2.5, 0, 2.5625, 4.1875], "texture": "#2"},
				"up": {"uv": [9.1875, 5.25, 9.15625, 5.1875], "texture": "#2"},
				"down": {"uv": [8.03125, 5, 8, 5.0625], "texture": "#2"}
			}
		},
		{
			"name": "blade",
			"from": [7.9, 1.075, 7.925],
			"to": [7.95, 9.75, 8.075],
			"rotation": {"angle": 0, "axis": "y", "origin": [8, 8, 8]},
			"faces": {
				"north": {"uv": [8.34375, 3.8125, 8.375, 8.15625], "texture": "#2"},
				"east": {"uv": [9.15625, 4.21875, 9.21875, 6.625], "texture": "#2"},
				"south": {"uv": [8.34375, 3.8125, 8.375, 8.15625], "texture": "#2"},
				"west": {"uv": [9.15625, 4.1875, 9.21875, 6.96875], "texture": "#2"},
				"up": {"uv": [9.21875, 5.71875, 9.1875, 5.65625], "texture": "#2"},
				"down": {"uv": [8.03125, 3.5, 8, 3.5625], "texture": "#2"}
			}
		},
		{
			"name": "blade",
			"from": [7.475, 1.075, 7.975],
			"to": [9.05, 10.075, 7.975],
			"rotation": {"angle": 0, "axis": "y", "origin": [8, 8, 8]},
			"faces": {
				"north": {"uv": [11.48438, 3.70625, 10.84609, 8.16875], "texture": "#3"},
				"east": {"uv": [9.15625, 4.21875, 9.21875, 6.625], "texture": "#3"},
				"south": {"uv": [10.84688, 3.7, 11.48359, 8.16875], "texture": "#3"},
				"west": {"uv": [9.15625, 4.1875, 9.21875, 6.96875], "texture": "#3"},
				"up": {"uv": [9.21875, 5.71875, 9.1875, 5.65625], "texture": "#3"},
				"down": {"uv": [8.03125, 3.5, 8, 3.5625], "texture": "#3"}
			}
		},
		{
			"name": "blade",
			"from": [7.85, -2.55, 7.9],
			"to": [8.375, 0.5, 8.1],
			"rotation": {"angle": 0, "axis": "y", "origin": [8, 8, 8]},
			"faces": {
				"north": {"uv": [0, 0, 0.5, 3], "texture": "#0"},
				"east": {"uv": [2, 0, 2.25, 3], "texture": "#0"},
				"south": {"uv": [1, 0, 1.5, 3], "texture": "#0"},
				"west": {"uv": [0, 3, 0.25, 6], "texture": "#0"},
				"up": {"uv": [4.5, 8.25, 4, 8], "texture": "#0"},
				"down": {"uv": [8.5, 4, 8, 4.25], "texture": "#0"}
			}
		},
		{
			"name": "blade",
			"from": [7.825, -2.475, 7.875],
			"to": [8.4, -2.3, 8.125],
			"rotation": {"angle": 0, "axis": "y", "origin": [8, 8, 8]},
			"faces": {
				"north": {"uv": [9, 4, 9.625, 4.125], "texture": "#0"},
				"east": {"uv": [1, 12, 1.25, 12.125], "texture": "#0"},
				"south": {"uv": [5, 9, 5.625, 9.125], "texture": "#0"},
				"west": {"uv": [12, 1, 12.25, 1.125], "texture": "#0"},
				"up": {"uv": [7.625, 6.25, 7, 6], "texture": "#0"},
				"down": {"uv": [7.625, 7, 7, 7.25], "texture": "#0"}
			}
		},
		{
			"name": "blade",
			"from": [7.825, -2.275, 7.875],
			"to": [8.4, -2.1, 8.125],
			"rotation": {"angle": 0, "axis": "y", "origin": [8, 8, 8]},
			"faces": {
				"north": {"uv": [9, 5, 9.625, 5.125], "texture": "#0"},
				"east": {"uv": [2, 12, 2.25, 12.125], "texture": "#0"},
				"south": {"uv": [6, 9, 6.625, 9.125], "texture": "#0"},
				"west": {"uv": [12, 2, 12.25, 2.125], "texture": "#0"},
				"up": {"uv": [0.625, 8.25, 0, 8], "texture": "#0"},
				"down": {"uv": [8.625, 0, 8, 0.25], "texture": "#0"}
			}
		},
		{
			"name": "blade",
			"from": [7.825, -2.075, 7.875],
			"to": [8.4, -1.9, 8.125],
			"rotation": {"angle": 0, "axis": "y", "origin": [8, 8, 8]},
			"faces": {
				"north": {"uv": [9, 7, 9.625, 7.125], "texture": "#0"},
				"east": {"uv": [4, 12, 4.25, 12.125], "texture": "#0"},
				"south": {"uv": [8, 9, 8.625, 9.125], "texture": "#0"},
				"west": {"uv": [12, 4, 12.25, 4.125], "texture": "#0"},
				"up": {"uv": [2.625, 8.25, 2, 8], "texture": "#0"},
				"down": {"uv": [8.625, 2, 8, 2.25], "texture": "#0"}
			}
		},
		{
			"name": "blade",
			"from": [7.825, -1.875, 7.875],
			"to": [8.4, -1.7, 8.125],
			"rotation": {"angle": 0, "axis": "y", "origin": [8, 8, 8]},
			"faces": {
				"north": {"uv": [9, 6, 9.625, 6.125], "texture": "#0"},
				"east": {"uv": [3, 12, 3.25, 12.125], "texture": "#0"},
				"south": {"uv": [7, 9, 7.625, 9.125], "texture": "#0"},
				"west": {"uv": [12, 3, 12.25, 3.125], "texture": "#0"},
				"up": {"uv": [1.625, 8.25, 1, 8], "texture": "#0"},
				"down": {"uv": [8.625, 1, 8, 1.25], "texture": "#0"}
			}
		},
		{
			"name": "blade",
			"from": [7.825, -1.475, 7.875],
			"to": [8.1, -1.3, 8.125],
			"rotation": {"angle": 0, "axis": "y", "origin": [8, 8, 8]},
			"faces": {
				"north": {"uv": [7, 12, 7.25, 12.125], "texture": "#0"},
				"east": {"uv": [12, 7, 12.25, 7.125], "texture": "#0"},
				"south": {"uv": [8, 12, 8.25, 12.125], "texture": "#0"},
				"west": {"uv": [12, 8, 12.25, 8.125], "texture": "#0"},
				"up": {"uv": [6.25, 10.25, 6, 10], "texture": "#0"},
				"down": {"uv": [10.25, 6, 10, 6.25], "texture": "#0"}
			}
		},
		{
			"name": "blade",
			"from": [7.825, -1.675, 7.875],
			"to": [8.25, -1.5, 8.125],
			"rotation": {"angle": 0, "axis": "y", "origin": [8, 8, 8]},
			"faces": {
				"north": {"uv": [11, 1, 11.375, 1.125], "texture": "#0"},
				"east": {"uv": [6, 12, 6.25, 12.125], "texture": "#0"},
				"south": {"uv": [2, 11, 2.375, 11.125], "texture": "#0"},
				"west": {"uv": [12, 6, 12.25, 6.125], "texture": "#0"},
				"up": {"uv": [9.375, 2.25, 9, 2], "texture": "#0"},
				"down": {"uv": [3.375, 9, 3, 9.25], "texture": "#0"}
			}
		},
		{
			"name": "blade",
			"from": [7.825, -1.275, 7.875],
			"to": [7.95, 0.5, 8.125],
			"rotation": {"angle": 0, "axis": "y", "origin": [8, 8, 8]},
			"faces": {
				"north": {"uv": [1, 6, 1.125, 7.75], "texture": "#0"},
				"east": {"uv": [4, 0, 4.25, 1.75], "texture": "#0"},
				"south": {"uv": [6, 1, 6.125, 2.75], "texture": "#0"},
				"west": {"uv": [4, 2, 4.25, 3.75], "texture": "#0"},
				"up": {"uv": [5.125, 12.25, 5, 12], "texture": "#0"},
				"down": {"uv": [12.125, 5, 12, 5.25], "texture": "#0"}
			}
		},
		{
			"name": "blade",
			"from": [7.975, -1.3, 7.875],
			"to": [8.1, 0.5, 8.125],
			"rotation": {"angle": 0, "axis": "y", "origin": [8, 8, 8]},
			"faces": {
				"north": {"uv": [6, 3, 6.125, 4.75], "texture": "#0"},
				"east": {"uv": [4, 4, 4.25, 5.75], "texture": "#0"},
				"south": {"uv": [4, 6, 4.125, 7.75], "texture": "#0"},
				"west": {"uv": [5, 0, 5.25, 1.75], "texture": "#0"},
				"up": {"uv": [9.125, 12.25, 9, 12], "texture": "#0"},
				"down": {"uv": [12.125, 9, 12, 9.25], "texture": "#0"}
			}
		},
		{
			"name": "blade",
			"from": [8.125, -1.5, 7.875],
			"to": [8.25, 0.5, 8.125],
			"rotation": {"angle": 0, "axis": "y", "origin": [8, 8, 8]},
			"faces": {
				"north": {"uv": [3, 5, 3.125, 7], "texture": "#0"},
				"east": {"uv": [2, 3, 2.25, 5], "texture": "#0"},
				"south": {"uv": [5, 5, 5.125, 7], "texture": "#0"},
				"west": {"uv": [3, 3, 3.25, 5], "texture": "#0"},
				"up": {"uv": [10.125, 12.25, 10, 12], "texture": "#0"},
				"down": {"uv": [12.125, 10, 12, 10.25], "texture": "#0"}
			}
		},
		{
			"name": "blade",
			"from": [8.275, -1.7, 7.875],
			"to": [8.4, 0.5, 8.125],
			"rotation": {"angle": 0, "axis": "y", "origin": [8, 8, 8]},
			"faces": {
				"north": {"uv": [2, 5, 2.125, 7.25], "texture": "#0"},
				"east": {"uv": [3, 0, 3.25, 2.25], "texture": "#0"},
				"south": {"uv": [5, 2, 5.125, 4.25], "texture": "#0"},
				"west": {"uv": [1, 3, 1.25, 5.25], "texture": "#0"},
				"up": {"uv": [11.125, 12.25, 11, 12], "texture": "#0"},
				"down": {"uv": [12.125, 11, 12, 11.25], "texture": "#0"}
			}
		},
		{
			"name": "blade",
			"from": [8.45, 0.4, 7.775],
			"to": [8.775, 0.45, 8.225],
			"rotation": {"angle": 0, "axis": "y", "origin": [8, 8, 8]},
			"faces": {
				"north": {"uv": [7, 10, 7.375, 10.125], "texture": "#0"},
				"east": {"uv": [9, 8, 9.5, 8.125], "texture": "#0"},
				"south": {"uv": [10, 7, 10.375, 7.125], "texture": "#0"},
				"west": {"uv": [9, 9, 9.5, 9.125], "texture": "#0"},
				"up": {"uv": [6.375, 5.5, 6, 5], "texture": "#0"},
				"down": {"uv": [6.375, 6, 6, 6.5], "texture": "#0"}
			}
		},
		{
			"name": "blade",
			"from": [7.775, 0.5, 7.775],
			"to": [8.1, 0.55, 8.225],
			"rotation": {"angle": 0, "axis": "y", "origin": [8, 8, 8]},
			"faces": {
				"north": {"uv": [8, 10, 8.375, 10.125], "texture": "#0"},
				"east": {"uv": [0, 10, 0.5, 10.125], "texture": "#0"},
				"south": {"uv": [10, 8, 10.375, 8.125], "texture": "#0"},
				"west": {"uv": [10, 0, 10.5, 0.125], "texture": "#0"},
				"up": {"uv": [0.375, 7.5, 0, 7], "texture": "#0"},
				"down": {"uv": [7.375, 0, 7, 0.5], "texture": "#0"}
			}
		},
		{
			"name": "blade",
			"from": [7.45, 0.55, 7.775],
			"to": [7.775, 0.6, 8.225],
			"rotation": {"angle": 0, "axis": "y", "origin": [8, 8, 8]},
			"faces": {
				"north": {"uv": [10, 10, 10.375, 10.125], "texture": "#0"},
				"east": {"uv": [2, 10, 2.5, 10.125], "texture": "#0"},
				"south": {"uv": [0, 11, 0.375, 11.125], "texture": "#0"},
				"west": {"uv": [10, 2, 10.5, 2.125], "texture": "#0"},
				"up": {"uv": [3.375, 7.5, 3, 7], "texture": "#0"},
				"down": {"uv": [7.375, 3, 7, 3.5], "texture": "#0"}
			}
		},
		{
			"name": "blade",
			"from": [7.85, -2.825, 7.925],
			"to": [8, -2.55, 8.075],
			"rotation": {"angle": 0, "axis": "y", "origin": [8, 8, 8]},
			"faces": {
				"north": {"uv": [11, 5, 11.125, 5.25], "texture": "#0"},
				"east": {"uv": [6, 11, 6.125, 11.25], "texture": "#0"},
				"south": {"uv": [11, 6, 11.125, 6.25], "texture": "#0"},
				"west": {"uv": [7, 11, 7.125, 11.25], "texture": "#0"},
				"up": {"uv": [13.125, 0.125, 13, 0], "texture": "#0"},
				"down": {"uv": [1.125, 13, 1, 13.125], "texture": "#0"}
			}
		},
		{
			"name": "blade",
			"from": [8, -2.75, 7.925],
			"to": [8.125, -2.55, 8.075],
			"rotation": {"angle": 0, "axis": "y", "origin": [8, 8, 8]},
			"faces": {
				"north": {"uv": [11, 2, 11.125, 2.25], "texture": "#0"},
				"east": {"uv": [3, 11, 3.125, 11.25], "texture": "#0"},
				"south": {"uv": [11, 3, 11.125, 3.25], "texture": "#0"},
				"west": {"uv": [4, 11, 4.125, 11.25], "texture": "#0"},
				"up": {"uv": [12.125, 12.125, 12, 12], "texture": "#0"},
				"down": {"uv": [0.125, 13, 0, 13.125], "texture": "#0"}
			}
		},
		{
			"name": "blade",
			"from": [8.125, -2.675, 7.925],
			"to": [8.25, -2.55, 8.075],
			"rotation": {"angle": 0, "axis": "y", "origin": [8, 8, 8]},
			"faces": {
				"north": {"uv": [13, 1, 13.125, 1.125], "texture": "#0"},
				"east": {"uv": [2, 13, 2.125, 13.125], "texture": "#0"},
				"south": {"uv": [13, 2, 13.125, 2.125], "texture": "#0"},
				"west": {"uv": [3, 13, 3.125, 13.125], "texture": "#0"},
				"up": {"uv": [13.125, 3.125, 13, 3], "texture": "#0"},
				"down": {"uv": [4.125, 13, 4, 13.125], "texture": "#0"}
			}
		},
		{
			"name": "blade",
			"from": [8.25, -2.6, 7.925],
			"to": [8.375, -2.55, 8.075],
			"rotation": {"angle": 0, "axis": "y", "origin": [8, 8, 8]},
			"faces": {
				"north": {"uv": [13, 4, 13.125, 4.125], "texture": "#0"},
				"east": {"uv": [5, 13, 5.125, 13.125], "texture": "#0"},
				"south": {"uv": [13, 5, 13.125, 5.125], "texture": "#0"},
				"west": {"uv": [6, 13, 6.125, 13.125], "texture": "#0"},
				"up": {"uv": [13.125, 6.125, 13, 6], "texture": "#0"},
				"down": {"uv": [7.125, 13, 7, 13.125], "texture": "#0"}
			}
		},
		{
			"name": "blade",
			"from": [7.45, 0.6, 7.775],
			"to": [7.5, 0.875, 8.225],
			"rotation": {"angle": 0, "axis": "y", "origin": [8, 8, 8]},
			"faces": {
				"north": {"uv": [11, 4, 11.125, 4.25], "texture": "#0"},
				"east": {"uv": [5, 8, 5.5, 8.25], "texture": "#0"},
				"south": {"uv": [5, 11, 5.125, 11.25], "texture": "#0"},
				"west": {"uv": [8, 5, 8.5, 5.25], "texture": "#0"},
				"up": {"uv": [3.125, 10.5, 3, 10], "texture": "#0"},
				"down": {"uv": [10.125, 3, 10, 3.5], "texture": "#0"}
			}
		},
		{
			"name": "blade",
			"from": [8.1, 0.45, 7.775],
			"to": [8.45, 0.5, 8.225],
			"rotation": {"angle": 0, "axis": "y", "origin": [8, 8, 8]},
			"faces": {
				"north": {"uv": [9, 10, 9.375, 10.125], "texture": "#0"},
				"east": {"uv": [1, 10, 1.5, 10.125], "texture": "#0"},
				"south": {"uv": [10, 9, 10.375, 9.125], "texture": "#0"},
				"west": {"uv": [10, 1, 10.5, 1.125], "texture": "#0"},
				"up": {"uv": [7.375, 1.5, 7, 1], "texture": "#0"},
				"down": {"uv": [7.375, 2, 7, 2.5], "texture": "#0"}
			}
		},
		{
			"name": "blade",
			"from": [7.775, 0.5, 7.9],
			"to": [8.425, 0.825, 8.1],
			"rotation": {"angle": 0, "axis": "y", "origin": [8, 8, 8]},
			"faces": {
				"north": {"uv": [0, 6, 0.625, 6.375], "texture": "#0"},
				"east": {"uv": [7, 8, 7.25, 8.375], "texture": "#0"},
				"south": {"uv": [6, 0, 6.625, 0.375], "texture": "#0"},
				"west": {"uv": [8, 7, 8.25, 7.375], "texture": "#0"},
				"up": {"uv": [7.625, 4.25, 7, 4], "texture": "#0"},
				"down": {"uv": [5.625, 7, 5, 7.25], "texture": "#0"}
			}
		},
		{
			"name": "blade",
			"from": [7.775, 0.5, 7.875],
			"to": [8.175, 0.925, 8.125],
			"rotation": {"angle": 0, "axis": "y", "origin": [8, 8, 8]},
			"faces": {
				"north": {"uv": [3, 8, 3.375, 8.375], "texture": "#0"},
				"east": {"uv": [9, 0, 9.25, 0.375], "texture": "#0"},
				"south": {"uv": [8, 3, 8.375, 3.375], "texture": "#0"},
				"west": {"uv": [1, 9, 1.25, 9.375], "texture": "#0"},
				"up": {"uv": [9.375, 1.25, 9, 1], "texture": "#0"},
				"down": {"uv": [2.375, 9, 2, 9.25], "texture": "#0"}
			}
		},
		{
			"name": "blade",
			"from": [8.275, 0.825, 7.9],
			"to": [8.425, 1.425, 8.1],
			"rotation": {"angle": 0, "axis": "y", "origin": [8, 8, 8]},
			"faces": {
				"north": {"uv": [9, 3, 9.125, 3.625], "texture": "#0"},
				"east": {"uv": [7, 5, 7.25, 5.625], "texture": "#0"},
				"south": {"uv": [4, 9, 4.125, 9.625], "texture": "#0"},
				"west": {"uv": [6, 7, 6.25, 7.625], "texture": "#0"},
				"up": {"uv": [11.125, 7.25, 11, 7], "texture": "#0"},
				"down": {"uv": [8.125, 11, 8, 11.25], "texture": "#0"}
			}
		},
		{
			"name": "blade",
			"from": [8.1, 0.825, 7.9],
			"to": [8.275, 1.325, 8.1],
			"rotation": {"angle": 0, "axis": "y", "origin": [8, 8, 8]},
			"faces": {
				"north": {"uv": [4, 10, 4.125, 10.5], "texture": "#0"},
				"east": {"uv": [6, 8, 6.25, 8.5], "texture": "#0"},
				"south": {"uv": [10, 4, 10.125, 4.5], "texture": "#0"},
				"west": {"uv": [8, 6, 8.25, 6.5], "texture": "#0"},
				"up": {"uv": [11.125, 8.25, 11, 8], "texture": "#0"},
				"down": {"uv": [9.125, 11, 9, 11.25], "texture": "#0"}
			}
		},
		{
			"name": "blade",
			"from": [7.925, 0.825, 7.9],
			"to": [8.1, 1.2, 8.1],
			"rotation": {"angle": 0, "axis": "y", "origin": [8, 8, 8]},
			"faces": {
				"north": {"uv": [11, 0, 11.125, 0.375], "texture": "#0"},
				"east": {"uv": [8, 8, 8.25, 8.375], "texture": "#0"},
				"south": {"uv": [1, 11, 1.125, 11.375], "texture": "#0"},
				"west": {"uv": [0, 9, 0.25, 9.375], "texture": "#0"},
				"up": {"uv": [11.125, 9.25, 11, 9], "texture": "#0"},
				"down": {"uv": [10.125, 11, 10, 11.25], "texture": "#0"}
			}
		},
		{
			"name": "blade",
			"from": [7.8, 0.825, 7.9],
			"to": [7.925, 1.075, 8.1],
			"rotation": {"angle": 0, "axis": "y", "origin": [8, 8, 8]},
			"faces": {
				"north": {"uv": [11, 10, 11.125, 10.25], "texture": "#0"},
				"east": {"uv": [5, 10, 5.25, 10.25], "texture": "#0"},
				"south": {"uv": [11, 11, 11.125, 11.25], "texture": "#0"},
				"west": {"uv": [10, 5, 10.25, 5.25], "texture": "#0"},
				"up": {"uv": [0.125, 12.25, 0, 12], "texture": "#0"},
				"down": {"uv": [12.125, 0, 12, 0.25], "texture": "#0"}
			}
		}
	],
	"display": {
		"thirdperson_righthand": {
			"rotation": [0, 90, 0],
			"translation": [0, 23, 0.25],
			"scale": [3, 3, 3]
		},
		"thirdperson_lefthand": {
			"rotation": [0, -90, 0],
			"translation": [0, 23, 0.25],
			"scale": [3, 3, 3]
		},
		"firstperson_righthand": {
			"rotation": [-11, 90, 0],
			"translation": [0, 13.75, 0],
			"scale": [1.5, 1.5, 1.5]
		},
		"firstperson_lefthand": {
			"rotation": [-11, -90, 0],
			"translation": [0, 13.75, 0.25],
			"scale": [1.5, 1.5, 1.5]
		},
		"ground": {
			"translation": [0, 30.5, 0],
			"scale": [3, 3, 3]
		},
		"gui": {
			"rotation": [0, 0, -44],
			"translation": [6.5, 7, 0],
			"scale": [2, 2, 2]
		},
		"fixed": {
			"rotation": [0, 180, -45],
			"translation": [-6.75, 6.25, 0],
			"scale": [2, 2, 2]
		}
	}
}