{
	"credit": "Made with Blockbench",
	"texture_size": [32, 32],
	"textures": {
		"0": "item/lightsabers/energy_blade_pulse",
		"1": "item/lightsabers/energyblade",
		"2": "item/lightsabers/energy_blade_glow",
		"particle": "item/lightsabers/energy_blade_pulse"
	},
	"elements": [
		{
			"name": "blade",
			"from": [8.4, -1.625, 7.925],
			"to": [8.475, 4.625, 8.075],
			"rotation": {"angle": 0, "axis": "y", "origin": [8, 8, 8]},
			"faces": {
				"north": {"uv": [7, 7, 7.125, 13.75], "texture": "#0"},
				"east": {"uv": [7.875, 5.375, 7.9375, 5.875], "texture": "#0"},
				"south": {"uv": [7, 7, 7.125, 13.75], "texture": "#0"},
				"west": {"uv": [7.875, 5.375, 7.9375, 5.875], "texture": "#0"},
				"up": {"uv": [7.875, 5.375, 7.9375, 5.875], "texture": "#0"},
				"down": {"uv": [7.875, 5.375, 7.9375, 5.875], "texture": "#0"}
			}
		},
		{
			"name": "blade",
			"from": [8.475, -1.225, 7.925],
			"to": [8.55, 3.725, 8.075],
			"rotation": {"angle": 0, "axis": "y", "origin": [8, 8, 8]},
			"faces": {
				"north": {"uv": [6.875, 7.875, 7, 13.375], "texture": "#0"},
				"east": {"uv": [7.875, 5.375, 7.9375, 5.875], "texture": "#0"},
				"south": {"uv": [6.875, 7.875, 7, 13.375], "texture": "#0"},
				"west": {"uv": [6.5, 0, 6.5625, 2.5], "texture": "#0"},
				"up": {"uv": [7.875, 5.375, 7.9375, 5.875], "texture": "#0"},
				"down": {"uv": [7.875, 5.375, 7.9375, 5.875], "texture": "#0"}
			}
		},
		{
			"name": "blade",
			"from": [8.55, -0.825, 7.925],
			"to": [8.625, 3.475, 8.075],
			"rotation": {"angle": 0, "axis": "y", "origin": [8, 8, 8]},
			"faces": {
				"north": {"uv": [6.75, 8.375, 6.625, 12.5], "texture": "#0"},
				"east": {"uv": [7.875, 5.375, 7.9375, 5.875], "texture": "#0"},
				"south": {"uv": [6.75, 8.375, 6.625, 12.5], "texture": "#0"},
				"west": {"uv": [2, 7, 2.0625, 9.125], "texture": "#0"},
				"up": {"uv": [7.875, 5.375, 7.9375, 5.875], "texture": "#0"},
				"down": {"uv": [7.875, 5.375, 7.9375, 5.875], "texture": "#0"}
			}
		},
		{
			"name": "blade",
			"from": [8.625, -0.525, 7.925],
			"to": [8.7, 3.25, 8.075],
			"rotation": {"angle": 0, "axis": "y", "origin": [8, 8, 8]},
			"faces": {
				"north": {"uv": [6.625, 8.375, 6.75, 12.5], "texture": "#0"},
				"east": {"uv": [7.875, 5.375, 7.9375, 5.875], "texture": "#0"},
				"south": {"uv": [6.625, 8.375, 6.75, 12.5], "texture": "#0"},
				"west": {"uv": [3.5, 7, 3.5625, 8.875], "texture": "#0"},
				"up": {"uv": [7.875, 5.375, 7.9375, 5.875], "texture": "#0"},
				"down": {"uv": [7.875, 5.375, 7.9375, 5.875], "texture": "#0"}
			}
		},
		{
			"name": "blade",
			"from": [8.7, -0.325, 7.925],
			"to": [8.775, 3, 8.075],
			"rotation": {"angle": 0, "axis": "y", "origin": [8, 8, 8]},
			"faces": {
				"north": {"uv": [6.625, 8.625, 6.5, 12.25], "texture": "#0"},
				"east": {"uv": [7.875, 5.375, 7.9375, 5.875], "texture": "#0"},
				"south": {"uv": [6.625, 8.625, 6.5, 12.25], "texture": "#0"},
				"west": {"uv": [7.5, 2, 7.5625, 3.6875], "texture": "#0"},
				"up": {"uv": [7.875, 5.375, 7.9375, 5.875], "texture": "#0"},
				"down": {"uv": [7.875, 5.375, 7.9375, 5.875], "texture": "#0"}
			}
		},
		{
			"name": "blade",
			"from": [8.775, -0.175, 7.925],
			"to": [8.85, 2.75, 8.075],
			"rotation": {"angle": 0, "axis": "y", "origin": [8, 8, 8]},
			"faces": {
				"north": {"uv": [6.375, 8.875, 6.5, 12.125], "texture": "#0"},
				"east": {"uv": [7.875, 5.375, 7.9375, 5.875], "texture": "#0"},
				"south": {"uv": [6.375, 8.875, 6.5, 12.125], "texture": "#0"},
				"west": {"uv": [7.5, 7, 7.5625, 8.4375], "texture": "#0"},
				"up": {"uv": [7.875, 5.375, 7.9375, 5.875], "texture": "#0"},
				"down": {"uv": [7.875, 5.375, 7.9375, 5.875], "texture": "#0"}
			}
		},
		{
			"name": "blade",
			"from": [8.85, -0.05, 7.925],
			"to": [8.925, 2.525, 8.075],
			"rotation": {"angle": 0, "axis": "y", "origin": [8, 8, 8]},
			"faces": {
				"north": {"uv": [6.25, 9.125, 6.375, 12], "texture": "#0"},
				"east": {"uv": [7.875, 5.375, 7.9375, 5.875], "texture": "#0"},
				"south": {"uv": [6.25, 9.125, 6.375, 12], "texture": "#0"},
				"west": {"uv": [8, 4.5, 8.0625, 5.8125], "texture": "#0"},
				"up": {"uv": [7.875, 5.375, 7.9375, 5.875], "texture": "#0"},
				"down": {"uv": [7.875, 5.375, 7.9375, 5.875], "texture": "#0"}
			}
		},
		{
			"name": "blade",
			"from": [8.925, 0.05, 7.925],
			"to": [9, 2.325, 8.075],
			"rotation": {"angle": 0, "axis": "y", "origin": [8, 8, 8]},
			"faces": {
				"north": {"uv": [6.125, 9.375, 6.25, 11.875], "texture": "#0"},
				"east": {"uv": [7.875, 5.375, 7.9375, 5.875], "texture": "#0"},
				"south": {"uv": [6.125, 9.375, 6.25, 11.875], "texture": "#0"},
				"west": {"uv": [8.5, 1.5, 8.5625, 2.625], "texture": "#0"},
				"up": {"uv": [7.875, 5.375, 7.9375, 5.875], "texture": "#0"},
				"down": {"uv": [7.875, 5.375, 7.9375, 5.875], "texture": "#0"}
			}
		},
		{
			"name": "blade",
			"from": [9, 0.125, 7.925],
			"to": [9.075, 2.1, 8.075],
			"rotation": {"angle": 0, "axis": "y", "origin": [8, 8, 8]},
			"faces": {
				"north": {"uv": [6, 9.625, 6.125, 11.75], "texture": "#0"},
				"east": {"uv": [7.875, 5.375, 7.9375, 5.875], "texture": "#0"},
				"south": {"uv": [6, 9.625, 6.125, 11.75], "texture": "#0"},
				"west": {"uv": [8.5, 5, 8.5625, 6], "texture": "#0"},
				"up": {"uv": [7.875, 5.375, 7.9375, 5.875], "texture": "#0"},
				"down": {"uv": [7.875, 5.375, 7.9375, 5.875], "texture": "#0"}
			}
		},
		{
			"name": "blade",
			"from": [9.225, 0.425, 7.925],
			"to": [9.3, 1.425, 8.075],
			"rotation": {"angle": 0, "axis": "y", "origin": [8, 8, 8]},
			"faces": {
				"north": {"uv": [5.75, 10.375, 5.625, 11.375], "texture": "#0"},
				"east": {"uv": [7.875, 5.375, 7.9375, 5.875], "texture": "#0"},
				"south": {"uv": [9, 2, 9.0625, 2.5], "texture": "#0"},
				"west": {"uv": [2.5, 9, 2.5625, 9.5], "texture": "#0"},
				"up": {"uv": [9.5625, 0.0625, 9.5, 0], "texture": "#0"},
				"down": {"uv": [0.5625, 9.5, 0.5, 9.5625], "texture": "#0"}
			}
		},
		{
			"name": "blade",
			"from": [9.075, 0.225, 7.925],
			"to": [9.15, 1.875, 8.075],
			"rotation": {"angle": 0, "axis": "y", "origin": [8, 8, 8]},
			"faces": {
				"north": {"uv": [5.875, 9.875, 6, 11.625], "texture": "#0"},
				"east": {"uv": [7.875, 5.375, 7.9375, 5.875], "texture": "#0"},
				"south": {"uv": [5.875, 9.875, 6, 11.625], "texture": "#0"},
				"west": {"uv": [7, 8.5, 7.0625, 9.3125], "texture": "#0"},
				"up": {"uv": [7.875, 5.375, 7.9375, 5.875], "texture": "#0"},
				"down": {"uv": [7.875, 5.375, 7.9375, 5.875], "texture": "#0"}
			}
		},
		{
			"name": "blade",
			"from": [9.15, 0.325, 7.925],
			"to": [9.225, 1.625, 8.075],
			"rotation": {"angle": 0, "axis": "y", "origin": [8, 8, 8]},
			"faces": {
				"north": {"uv": [5.75, 10.125, 5.875, 11.5], "texture": "#0"},
				"east": {"uv": [7.875, 5.375, 7.9375, 5.875], "texture": "#0"},
				"south": {"uv": [5.75, 10.125, 5.875, 11.5], "texture": "#0"},
				"west": {"uv": [9, 0, 9.0625, 0.625], "texture": "#0"},
				"up": {"uv": [7.875, 5.375, 7.9375, 5.875], "texture": "#0"},
				"down": {"uv": [7.875, 5.375, 7.9375, 5.875], "texture": "#0"}
			}
		},
		{
			"name": "blade",
			"from": [9.225, 0.425, 7.925],
			"to": [9.3, 1.425, 8.075],
			"rotation": {"angle": 0, "axis": "y", "origin": [8, 8, 8]},
			"faces": {
				"north": {"uv": [5.75, 10.375, 5.625, 11.375], "texture": "#0"},
				"east": {"uv": [7.875, 5.375, 7.9375, 5.875], "texture": "#0"},
				"south": {"uv": [5.75, 10.375, 5.625, 11.375], "texture": "#0"},
				"west": {"uv": [2.5, 9, 2.5625, 9.5], "texture": "#0"},
				"up": {"uv": [7.875, 5.375, 7.9375, 5.875], "texture": "#0"},
				"down": {"uv": [7.875, 5.375, 7.9375, 5.875], "texture": "#0"}
			}
		},
		{
			"name": "blade",
			"from": [8.25, 0.825, 7.925],
			"to": [8.325, 6.075, 8.075],
			"rotation": {"angle": 0, "axis": "y", "origin": [8, 8, 8]},
			"faces": {
				"north": {"uv": [7.375, 5.5, 7.25, 11], "texture": "#0"},
				"east": {"uv": [7.875, 5.375, 7.9375, 5.875], "texture": "#0"},
				"south": {"uv": [7.375, 5.5, 7.25, 11], "texture": "#0"},
				"west": {"uv": [7.875, 5.375, 7.9375, 5.875], "texture": "#0"},
				"up": {"uv": [7.875, 5.375, 7.9375, 5.875], "texture": "#0"},
				"down": {"uv": [1.0625, 9.5, 1, 9.5625], "texture": "#0"}
			}
		},
		{
			"name": "blade",
			"from": [8.1, 1.325, 7.925],
			"to": [8.175, 7.225, 8.075],
			"rotation": {"angle": 0, "axis": "y", "origin": [8, 8, 8]},
			"faces": {
				"north": {"uv": [7.5, 4.25, 7.625, 10.5], "texture": "#0"},
				"east": {"uv": [7.875, 5.375, 7.9375, 5.875], "texture": "#0"},
				"south": {"uv": [7.5, 4.25, 7.625, 10.5], "texture": "#0"},
				"west": {"uv": [7.875, 5.375, 7.9375, 5.875], "texture": "#0"},
				"up": {"uv": [7.875, 5.375, 7.9375, 5.875], "texture": "#0"},
				"down": {"uv": [7.875, 5.375, 7.9375, 5.875], "texture": "#0"}
			}
		},
		{
			"name": "blade",
			"from": [7.95, 1.7, 7.925],
			"to": [8.025, 8.075, 8.075],
			"rotation": {"angle": 0, "axis": "y", "origin": [8, 8, 8]},
			"faces": {
				"north": {"uv": [7.75, 3.375, 7.875, 10.125], "texture": "#0"},
				"east": {"uv": [7.875, 5.375, 7.9375, 5.875], "texture": "#0"},
				"south": {"uv": [7.75, 3.375, 7.875, 10.125], "texture": "#0"},
				"west": {"uv": [7.875, 5.375, 7.9375, 5.875], "texture": "#0"},
				"up": {"uv": [7.875, 5.375, 7.9375, 5.875], "texture": "#0"},
				"down": {"uv": [7.875, 5.375, 7.9375, 5.875], "texture": "#0"}
			}
		},
		{
			"name": "blade",
			"from": [8.325, 0.5, 7.925],
			"to": [8.4, 5.35, 8.075],
			"rotation": {"angle": 0, "axis": "y", "origin": [8, 8, 8]},
			"faces": {
				"north": {"uv": [7.125, 6.28125, 7.25, 11.30938], "texture": "#0"},
				"east": {"uv": [7.875, 5.375, 7.9375, 5.875], "texture": "#0"},
				"south": {"uv": [7.125, 6.28125, 7.25, 11.30938], "texture": "#0"},
				"west": {"uv": [7, 0, 7.0625, 2.4375], "texture": "#0"},
				"up": {"uv": [7.875, 5.375, 7.9375, 5.875], "texture": "#0"},
				"down": {"uv": [2.5625, 9.5, 2.5, 9.5625], "texture": "#0"}
			}
		},
		{
			"name": "blade",
			"from": [8.175, 1.075, 7.925],
			"to": [8.25, 6.675, 8.075],
			"rotation": {"angle": 0, "axis": "y", "origin": [8, 8, 8]},
			"faces": {
				"north": {"uv": [7.375, 4.875, 7.5, 10.75], "texture": "#0"},
				"east": {"uv": [7.875, 5.375, 7.9375, 5.875], "texture": "#0"},
				"south": {"uv": [7.375, 4.875, 7.5, 10.75], "texture": "#0"},
				"west": {"uv": [7.875, 5.375, 7.9375, 5.875], "texture": "#0"},
				"up": {"uv": [7.875, 5.375, 7.9375, 5.875], "texture": "#0"},
				"down": {"uv": [7.875, 5.375, 7.9375, 5.875], "texture": "#0"}
			}
		},
		{
			"name": "blade",
			"from": [8.025, 1.525, 7.925],
			"to": [8.1, 7.7, 8.075],
			"rotation": {"angle": 0, "axis": "y", "origin": [8, 8, 8]},
			"faces": {
				"north": {"uv": [7.625, 3.75, 7.75, 10.25], "texture": "#0"},
				"east": {"uv": [7.875, 5.375, 7.9375, 5.875], "texture": "#0"},
				"south": {"uv": [7.625, 3.75, 7.75, 10.25], "texture": "#0"},
				"west": {"uv": [7.875, 5.375, 7.9375, 5.875], "texture": "#0"},
				"up": {"uv": [7.875, 5.375, 7.9375, 5.875], "texture": "#0"},
				"down": {"uv": [7.875, 5.375, 7.9375, 5.875], "texture": "#0"}
			}
		},
		{
			"name": "blade",
			"from": [7.9, 1.825, 7.925],
			"to": [7.95, 8.5, 8.075],
			"rotation": {"angle": 0, "axis": "y", "origin": [8, 8, 8]},
			"faces": {
				"north": {"uv": [7.875, 3, 8, 10], "texture": "#0"},
				"east": {"uv": [7.875, 5.375, 7.9375, 5.875], "texture": "#0"},
				"south": {"uv": [7.875, 3, 8, 10], "texture": "#0"},
				"west": {"uv": [7.875, 5.375, 7.9375, 5.875], "texture": "#0"},
				"up": {"uv": [7.875, 5.375, 7.9375, 5.875], "texture": "#0"},
				"down": {"uv": [7.875, 5.375, 7.9375, 5.875], "texture": "#0"}
			}
		},
		{
			"name": "blade",
			"from": [7.525, -2.2, 8],
			"to": [9.975, 9.3, 8],
			"rotation": {"angle": 0, "axis": "y", "origin": [8, 8, 8]},
			"faces": {
				"north": {"uv": [4.625, 2.5, 8.5, 14.125], "texture": "#2"},
				"east": {"uv": [7.875, 5.375, 7.9375, 5.875], "texture": "#2"},
				"south": {"uv": [8.5, 2.5, 4.625, 14.125], "texture": "#2"},
				"west": {"uv": [7.875, 5.375, 7.9375, 5.875], "texture": "#2"},
				"up": {"uv": [7.875, 5.375, 7.9375, 5.875], "texture": "#2"},
				"down": {"uv": [7.875, 5.375, 7.9375, 5.875], "texture": "#2"}
			}
		},
		{
			"name": "blade",
			"from": [5.025, -2.2, 8],
			"to": [7.475, 9.3, 8],
			"rotation": {"angle": 0, "axis": "y", "origin": [8, 8, 8]},
			"faces": {
				"north": {"uv": [8.5, 2.5, 4.625, 14.125], "texture": "#2"},
				"east": {"uv": [7.9375, 5.375, 7.875, 5.875], "texture": "#2"},
				"south": {"uv": [4.625, 2.5, 8.5, 14.125], "texture": "#2"},
				"west": {"uv": [7.9375, 5.375, 7.875, 5.875], "texture": "#2"},
				"up": {"uv": [7.9375, 5.375, 7.875, 5.875], "texture": "#2"},
				"down": {"uv": [7.9375, 5.375, 7.875, 5.875], "texture": "#2"}
			}
		},
		{
			"name": "blade",
			"from": [6.525, -1.625, 7.925],
			"to": [6.6, 4.625, 8.075],
			"rotation": {"angle": 0, "axis": "y", "origin": [8, 8, 8]},
			"faces": {
				"north": {"uv": [7.125, 7, 7, 13.75], "texture": "#0"},
				"east": {"uv": [7.9375, 5.375, 7.875, 5.875], "texture": "#0"},
				"south": {"uv": [7.125, 7, 7, 13.75], "texture": "#0"},
				"west": {"uv": [7.9375, 5.375, 7.875, 5.875], "texture": "#0"},
				"up": {"uv": [7.9375, 5.375, 7.875, 5.875], "texture": "#0"},
				"down": {"uv": [7.9375, 5.375, 7.875, 5.875], "texture": "#0"}
			}
		},
		{
			"name": "blade",
			"from": [6.45, -1.225, 7.925],
			"to": [6.525, 3.725, 8.075],
			"rotation": {"angle": 0, "axis": "y", "origin": [8, 8, 8]},
			"faces": {
				"north": {"uv": [7, 7.875, 6.875, 13.375], "texture": "#0"},
				"east": {"uv": [6.5625, 0, 6.5, 2.5], "texture": "#0"},
				"south": {"uv": [7, 7.875, 6.875, 13.375], "texture": "#0"},
				"west": {"uv": [7.9375, 5.375, 7.875, 5.875], "texture": "#0"},
				"up": {"uv": [7.9375, 5.375, 7.875, 5.875], "texture": "#0"},
				"down": {"uv": [7.9375, 5.375, 7.875, 5.875], "texture": "#0"}
			}
		},
		{
			"name": "blade",
			"from": [6.375, -0.825, 7.925],
			"to": [6.45, 3.475, 8.075],
			"rotation": {"angle": 0, "axis": "y", "origin": [8, 8, 8]},
			"faces": {
				"north": {"uv": [6.625, 8.375, 6.75, 12.5], "texture": "#0"},
				"east": {"uv": [2.0625, 7, 2, 9.125], "texture": "#0"},
				"south": {"uv": [6.625, 8.375, 6.75, 12.5], "texture": "#0"},
				"west": {"uv": [7.9375, 5.375, 7.875, 5.875], "texture": "#0"},
				"up": {"uv": [7.9375, 5.375, 7.875, 5.875], "texture": "#0"},
				"down": {"uv": [7.9375, 5.375, 7.875, 5.875], "texture": "#0"}
			}
		},
		{
			"name": "blade",
			"from": [6.3, -0.525, 7.925],
			"to": [6.375, 3.25, 8.075],
			"rotation": {"angle": 0, "axis": "y", "origin": [8, 8, 8]},
			"faces": {
				"north": {"uv": [6.75, 8.375, 6.625, 12.5], "texture": "#0"},
				"east": {"uv": [3.5625, 7, 3.5, 8.875], "texture": "#0"},
				"south": {"uv": [6.75, 8.375, 6.625, 12.5], "texture": "#0"},
				"west": {"uv": [7.9375, 5.375, 7.875, 5.875], "texture": "#0"},
				"up": {"uv": [7.9375, 5.375, 7.875, 5.875], "texture": "#0"},
				"down": {"uv": [7.9375, 5.375, 7.875, 5.875], "texture": "#0"}
			}
		},
		{
			"name": "blade",
			"from": [6.225, -0.325, 7.925],
			"to": [6.3, 3, 8.075],
			"rotation": {"angle": 0, "axis": "y", "origin": [8, 8, 8]},
			"faces": {
				"north": {"uv": [6.5, 8.625, 6.625, 12.25], "texture": "#0"},
				"east": {"uv": [7.5625, 2, 7.5, 3.6875], "texture": "#0"},
				"south": {"uv": [6.5, 8.625, 6.625, 12.25], "texture": "#0"},
				"west": {"uv": [7.9375, 5.375, 7.875, 5.875], "texture": "#0"},
				"up": {"uv": [7.9375, 5.375, 7.875, 5.875], "texture": "#0"},
				"down": {"uv": [7.9375, 5.375, 7.875, 5.875], "texture": "#0"}
			}
		},
		{
			"name": "blade",
			"from": [6.15, -0.175, 7.925],
			"to": [6.225, 2.75, 8.075],
			"rotation": {"angle": 0, "axis": "y", "origin": [8, 8, 8]},
			"faces": {
				"north": {"uv": [6.5, 8.875, 6.375, 12.125], "texture": "#0"},
				"east": {"uv": [7.5625, 7, 7.5, 8.4375], "texture": "#0"},
				"south": {"uv": [6.5, 8.875, 6.375, 12.125], "texture": "#0"},
				"west": {"uv": [7.9375, 5.375, 7.875, 5.875], "texture": "#0"},
				"up": {"uv": [7.9375, 5.375, 7.875, 5.875], "texture": "#0"},
				"down": {"uv": [7.9375, 5.375, 7.875, 5.875], "texture": "#0"}
			}
		},
		{
			"name": "blade",
			"from": [6.075, -0.05, 7.925],
			"to": [6.15, 2.525, 8.075],
			"rotation": {"angle": 0, "axis": "y", "origin": [8, 8, 8]},
			"faces": {
				"north": {"uv": [6.375, 9.125, 6.25, 12], "texture": "#0"},
				"east": {"uv": [8.0625, 4.5, 8, 5.8125], "texture": "#0"},
				"south": {"uv": [6.375, 9.125, 6.25, 12], "texture": "#0"},
				"west": {"uv": [7.9375, 5.375, 7.875, 5.875], "texture": "#0"},
				"up": {"uv": [7.9375, 5.375, 7.875, 5.875], "texture": "#0"},
				"down": {"uv": [7.9375, 5.375, 7.875, 5.875], "texture": "#0"}
			}
		},
		{
			"name": "blade",
			"from": [6, 0.05, 7.925],
			"to": [6.075, 2.325, 8.075],
			"rotation": {"angle": 0, "axis": "y", "origin": [8, 8, 8]},
			"faces": {
				"north": {"uv": [6.25, 9.375, 6.125, 11.875], "texture": "#0"},
				"east": {"uv": [8.5625, 1.5, 8.5, 2.625], "texture": "#0"},
				"south": {"uv": [6.25, 9.375, 6.125, 11.875], "texture": "#0"},
				"west": {"uv": [7.9375, 5.375, 7.875, 5.875], "texture": "#0"},
				"up": {"uv": [7.9375, 5.375, 7.875, 5.875], "texture": "#0"},
				"down": {"uv": [7.9375, 5.375, 7.875, 5.875], "texture": "#0"}
			}
		},
		{
			"name": "blade",
			"from": [5.925, 0.125, 7.925],
			"to": [6, 2.1, 8.075],
			"rotation": {"angle": 0, "axis": "y", "origin": [8, 8, 8]},
			"faces": {
				"north": {"uv": [6.125, 9.625, 6, 11.75], "texture": "#0"},
				"east": {"uv": [8.5625, 5, 8.5, 6], "texture": "#0"},
				"south": {"uv": [6.125, 9.625, 6, 11.75], "texture": "#0"},
				"west": {"uv": [7.9375, 5.375, 7.875, 5.875], "texture": "#0"},
				"up": {"uv": [7.9375, 5.375, 7.875, 5.875], "texture": "#0"},
				"down": {"uv": [7.9375, 5.375, 7.875, 5.875], "texture": "#0"}
			}
		},
		{
			"name": "blade",
			"from": [5.85, 0.225, 7.925],
			"to": [5.925, 1.875, 8.075],
			"rotation": {"angle": 0, "axis": "y", "origin": [8, 8, 8]},
			"faces": {
				"north": {"uv": [6, 9.875, 5.875, 11.625], "texture": "#0"},
				"east": {"uv": [7.0625, 8.5, 7, 9.3125], "texture": "#0"},
				"south": {"uv": [6, 9.875, 5.875, 11.625], "texture": "#0"},
				"west": {"uv": [7.9375, 5.375, 7.875, 5.875], "texture": "#0"},
				"up": {"uv": [7.9375, 5.375, 7.875, 5.875], "texture": "#0"},
				"down": {"uv": [7.9375, 5.375, 7.875, 5.875], "texture": "#0"}
			}
		},
		{
			"name": "blade",
			"from": [5.775, 0.325, 7.925],
			"to": [5.85, 1.625, 8.075],
			"rotation": {"angle": 0, "axis": "y", "origin": [8, 8, 8]},
			"faces": {
				"north": {"uv": [5.875, 10.125, 5.75, 11.5], "texture": "#0"},
				"east": {"uv": [9.0625, 0, 9, 0.625], "texture": "#0"},
				"south": {"uv": [5.875, 10.125, 5.75, 11.5], "texture": "#0"},
				"west": {"uv": [7.9375, 5.375, 7.875, 5.875], "texture": "#0"},
				"up": {"uv": [7.9375, 5.375, 7.875, 5.875], "texture": "#0"},
				"down": {"uv": [7.9375, 5.375, 7.875, 5.875], "texture": "#0"}
			}
		},
		{
			"name": "blade",
			"from": [5.7, 0.425, 7.925],
			"to": [5.775, 1.425, 8.075],
			"rotation": {"angle": 0, "axis": "y", "origin": [8, 8, 8]},
			"faces": {
				"north": {"uv": [5.625, 10.375, 5.75, 11.375], "texture": "#0"},
				"east": {"uv": [2.5625, 9, 2.5, 9.5], "texture": "#0"},
				"south": {"uv": [5.625, 10.375, 5.75, 11.375], "texture": "#0"},
				"west": {"uv": [7.9375, 5.375, 7.875, 5.875], "texture": "#0"},
				"up": {"uv": [7.9375, 5.375, 7.875, 5.875], "texture": "#0"},
				"down": {"uv": [7.9375, 5.375, 7.875, 5.875], "texture": "#0"}
			}
		},
		{
			"name": "blade",
			"from": [6.675, 0.825, 7.925],
			"to": [6.75, 6.075, 8.075],
			"rotation": {"angle": 0, "axis": "y", "origin": [8, 8, 8]},
			"faces": {
				"north": {"uv": [7.25, 5.5, 7.375, 11], "texture": "#0"},
				"east": {"uv": [7.9375, 5.375, 7.875, 5.875], "texture": "#0"},
				"south": {"uv": [7.25, 5.5, 7.375, 11], "texture": "#0"},
				"west": {"uv": [7.9375, 5.375, 7.875, 5.875], "texture": "#0"},
				"up": {"uv": [7.9375, 5.375, 7.875, 5.875], "texture": "#0"},
				"down": {"uv": [1, 9.5, 1.0625, 9.5625], "texture": "#0"}
			}
		},
		{
			"name": "blade",
			"from": [6.825, 1.325, 7.925],
			"to": [6.9, 7.225, 8.075],
			"rotation": {"angle": 0, "axis": "y", "origin": [8, 8, 8]},
			"faces": {
				"north": {"uv": [7.625, 4.25, 7.5, 10.5], "texture": "#0"},
				"east": {"uv": [7.9375, 5.375, 7.875, 5.875], "texture": "#0"},
				"south": {"uv": [7.625, 4.25, 7.5, 10.5], "texture": "#0"},
				"west": {"uv": [7.9375, 5.375, 7.875, 5.875], "texture": "#0"},
				"up": {"uv": [7.9375, 5.375, 7.875, 5.875], "texture": "#0"},
				"down": {"uv": [7.9375, 5.375, 7.875, 5.875], "texture": "#0"}
			}
		},
		{
			"name": "blade",
			"from": [6.975, 1.7, 7.925],
			"to": [7.05, 8.075, 8.075],
			"rotation": {"angle": 0, "axis": "y", "origin": [8, 8, 8]},
			"faces": {
				"north": {"uv": [7.875, 3.375, 7.75, 10.125], "texture": "#0"},
				"east": {"uv": [7.9375, 5.375, 7.875, 5.875], "texture": "#0"},
				"south": {"uv": [7.875, 3.375, 7.75, 10.125], "texture": "#0"},
				"west": {"uv": [7.9375, 5.375, 7.875, 5.875], "texture": "#0"},
				"up": {"uv": [7.9375, 5.375, 7.875, 5.875], "texture": "#0"},
				"down": {"uv": [7.9375, 5.375, 7.875, 5.875], "texture": "#0"}
			}
		},
		{
			"name": "blade",
			"from": [6.6, 0.5, 7.925],
			"to": [6.675, 5.35, 8.075],
			"rotation": {"angle": 0, "axis": "y", "origin": [8, 8, 8]},
			"faces": {
				"north": {"uv": [7.25, 6.28125, 7.125, 11.30938], "texture": "#0"},
				"east": {"uv": [7.0625, 0, 7, 2.4375], "texture": "#0"},
				"south": {"uv": [7.25, 6.28125, 7.125, 11.30938], "texture": "#0"},
				"west": {"uv": [7.9375, 5.375, 7.875, 5.875], "texture": "#0"},
				"up": {"uv": [7.9375, 5.375, 7.875, 5.875], "texture": "#0"},
				"down": {"uv": [2.5, 9.5, 2.5625, 9.5625], "texture": "#0"}
			}
		},
		{
			"name": "blade",
			"from": [6.75, 1.075, 7.925],
			"to": [6.825, 6.675, 8.075],
			"rotation": {"angle": 0, "axis": "y", "origin": [8, 8, 8]},
			"faces": {
				"north": {"uv": [7.5, 4.875, 7.375, 10.75], "texture": "#0"},
				"east": {"uv": [7.9375, 5.375, 7.875, 5.875], "texture": "#0"},
				"south": {"uv": [7.5, 4.875, 7.375, 10.75], "texture": "#0"},
				"west": {"uv": [7.9375, 5.375, 7.875, 5.875], "texture": "#0"},
				"up": {"uv": [7.9375, 5.375, 7.875, 5.875], "texture": "#0"},
				"down": {"uv": [7.9375, 5.375, 7.875, 5.875], "texture": "#0"}
			}
		},
		{
			"name": "blade",
			"from": [6.9, 1.525, 7.925],
			"to": [6.975, 7.7, 8.075],
			"rotation": {"angle": 0, "axis": "y", "origin": [8, 8, 8]},
			"faces": {
				"north": {"uv": [7.75, 3.75, 7.625, 10.25], "texture": "#0"},
				"east": {"uv": [7.9375, 5.375, 7.875, 5.875], "texture": "#0"},
				"south": {"uv": [7.75, 3.75, 7.625, 10.25], "texture": "#0"},
				"west": {"uv": [7.9375, 5.375, 7.875, 5.875], "texture": "#0"},
				"up": {"uv": [7.9375, 5.375, 7.875, 5.875], "texture": "#0"},
				"down": {"uv": [7.9375, 5.375, 7.875, 5.875], "texture": "#0"}
			}
		},
		{
			"name": "blade",
			"from": [7.05, 1.825, 7.925],
			"to": [7.1, 8.5, 8.075],
			"rotation": {"angle": 0, "axis": "y", "origin": [8, 8, 8]},
			"faces": {
				"north": {"uv": [8, 3, 7.875, 10], "texture": "#0"},
				"east": {"uv": [7.9375, 5.375, 7.875, 5.875], "texture": "#0"},
				"south": {"uv": [8, 3, 7.875, 10], "texture": "#0"},
				"west": {"uv": [7.9375, 5.375, 7.875, 5.875], "texture": "#0"},
				"up": {"uv": [7.9375, 5.375, 7.875, 5.875], "texture": "#0"},
				"down": {"uv": [7.9375, 5.375, 7.875, 5.875], "texture": "#0"}
			}
		},
		{
			"name": "blade",
			"from": [5.7, 0.425, 7.925],
			"to": [5.775, 1.425, 8.075],
			"rotation": {"angle": 0, "axis": "y", "origin": [8, 8, 8]},
			"faces": {
				"north": {"uv": [5.625, 10.375, 5.75, 11.375], "texture": "#0"},
				"east": {"uv": [2.5625, 9, 2.5, 9.5], "texture": "#0"},
				"south": {"uv": [9.0625, 2, 9, 2.5], "texture": "#0"},
				"west": {"uv": [7.9375, 5.375, 7.875, 5.875], "texture": "#0"},
				"up": {"uv": [9.5, 0.0625, 9.5625, 0], "texture": "#0"},
				"down": {"uv": [0.5, 9.5, 0.5625, 9.5625], "texture": "#0"}
			}
		},
		{
			"name": "blade",
			"from": [6.75, 0.425, 7.925],
			"to": [7, 0.875, 8.075],
			"rotation": {"angle": 0, "axis": "y", "origin": [8, 8, 8]},
			"faces": {
				"north": {"uv": [11, 12.5, 11.125, 12.75], "texture": "#1"},
				"east": {"uv": [7.5, 13, 7.5625, 13.25], "texture": "#1"},
				"south": {"uv": [12.5, 11, 12.625, 11.25], "texture": "#1"},
				"west": {"uv": [13, 7.5, 13.0625, 7.75], "texture": "#1"},
				"up": {"uv": [13.625, 7.0625, 13.5, 7], "texture": "#1"},
				"down": {"uv": [7.625, 13.5, 7.5, 13.5625], "texture": "#1"}
			}
		},
		{
			"name": "blade",
			"from": [8, 0.425, 7.925],
			"to": [8.25, 0.875, 8.075],
			"rotation": {"angle": 0, "axis": "y", "origin": [8, 8, 8]},
			"faces": {
				"north": {"uv": [12.5, 11.5, 12.625, 11.75], "texture": "#1"},
				"east": {"uv": [8, 13, 8.0625, 13.25], "texture": "#1"},
				"south": {"uv": [12, 12.5, 12.125, 12.75], "texture": "#1"},
				"west": {"uv": [13, 8, 13.0625, 8.25], "texture": "#1"},
				"up": {"uv": [13.625, 9.5625, 13.5, 9.5], "texture": "#1"},
				"down": {"uv": [10.125, 13.5, 10, 13.5625], "texture": "#1"}
			}
		},
		{
			"name": "blade",
			"from": [8.225, 0.475, 7.9],
			"to": [8.4, 0.825, 8.1],
			"rotation": {"angle": 0, "axis": "y", "origin": [8, 8, 8]},
			"faces": {
				"north": {"uv": [12.5, 13, 12.5625, 13.1875], "texture": "#1"},
				"east": {"uv": [13, 4, 13.0625, 4.1875], "texture": "#1"},
				"south": {"uv": [13, 12.5, 13.0625, 12.6875], "texture": "#1"},
				"west": {"uv": [13, 4.5, 13.125, 4.6875], "texture": "#1"},
				"up": {"uv": [13.5625, 10.125, 13.5, 10], "texture": "#1"},
				"down": {"uv": [10.5625, 13.5, 10.5, 13.625], "texture": "#1"}
			}
		},
		{
			"name": "blade",
			"from": [6.6, 0.475, 7.9],
			"to": [6.775, 0.825, 8.1],
			"rotation": {"angle": 0, "axis": "y", "origin": [8, 8, 8]},
			"faces": {
				"north": {"uv": [13, 13, 13.0625, 13.1875], "texture": "#1"},
				"east": {"uv": [13, 5, 13.125, 5.1875], "texture": "#1"},
				"south": {"uv": [0, 13.5, 0.0625, 13.6875], "texture": "#1"},
				"west": {"uv": [13, 5.5, 13.125, 5.6875], "texture": "#1"},
				"up": {"uv": [13.5625, 10.625, 13.5, 10.5], "texture": "#1"},
				"down": {"uv": [11.0625, 13.5, 11, 13.625], "texture": "#1"}
			}
		},
		{
			"name": "blade",
			"from": [7.625, 0.475, 7.925],
			"to": [8, 0.825, 8.075],
			"rotation": {"angle": 0, "axis": "y", "origin": [8, 8, 8]},
			"faces": {
				"north": {"uv": [12.5, 6, 12.6875, 6.1875], "texture": "#1"},
				"east": {"uv": [13.5, 0, 13.5625, 0.1875], "texture": "#1"},
				"south": {"uv": [6.5, 12.5, 6.6875, 12.6875], "texture": "#1"},
				"west": {"uv": [0.5, 13.5, 0.5625, 13.6875], "texture": "#1"},
				"up": {"uv": [13.6875, 0.5625, 13.5, 0.5], "texture": "#1"},
				"down": {"uv": [1.1875, 13.5, 1, 13.5625], "texture": "#1"}
			}
		},
		{
			"name": "blade",
			"from": [7.35, 0.925, 7.95],
			"to": [7.65, 1.025, 8.05],
			"rotation": {"angle": 0, "axis": "y", "origin": [8, 8, 8]},
			"faces": {
				"north": {"uv": [13.5, 12.5, 13.625, 12.5625], "texture": "#1"},
				"east": {"uv": [7, 11.3125, 6.25, 10.375], "texture": "#0"},
				"south": {"uv": [13, 13.5, 13.125, 13.5625], "texture": "#1"},
				"west": {"uv": [7, 11.3125, 6.25, 10.375], "texture": "#0"},
				"up": {"uv": [7, 11.3125, 6.25, 10.375], "texture": "#0"},
				"down": {"uv": [13.625, 13.5, 13.5, 13.5625], "texture": "#1"}
			}
		},
		{
			"name": "blade",
			"from": [7.275, 0.825, 7.95],
			"to": [7.725, 0.925, 8.05],
			"rotation": {"angle": 0, "axis": "y", "origin": [8, 8, 8]},
			"faces": {
				"north": {"uv": [9, 13, 9.25, 13.0625], "texture": "#1"},
				"east": {"uv": [7, 11.3125, 6.25, 10.375], "texture": "#0"},
				"south": {"uv": [13, 9, 13.25, 9.0625], "texture": "#1"},
				"west": {"uv": [7, 11.3125, 6.25, 10.375], "texture": "#0"},
				"up": {"uv": [7, 11.3125, 6.25, 10.375], "texture": "#0"},
				"down": {"uv": [13.25, 9.5, 13, 9.5625], "texture": "#1"}
			}
		},
		{
			"name": "blade",
			"from": [7.4, 1.025, 7.95],
			"to": [7.6, 1.175, 8.05],
			"rotation": {"angle": 0, "axis": "y", "origin": [8, 8, 8]},
			"faces": {
				"north": {"uv": [0, 14, 0.125, 14.0625], "texture": "#1"},
				"east": {"uv": [7, 11.3125, 6.25, 10.375], "texture": "#0"},
				"south": {"uv": [14, 0, 14.125, 0.0625], "texture": "#1"},
				"west": {"uv": [7, 11.3125, 6.25, 10.375], "texture": "#0"},
				"up": {"uv": [7, 11.3125, 6.25, 10.375], "texture": "#0"},
				"down": {"uv": [14.125, 0.5, 14, 0.5625], "texture": "#1"}
			}
		},
		{
			"name": "blade",
			"from": [7.45, 1.175, 7.95],
			"to": [7.55, 1.325, 8.05],
			"rotation": {"angle": 0, "axis": "y", "origin": [8, 8, 8]},
			"faces": {
				"north": {"uv": [14.5, 10, 14.5625, 10.0625], "texture": "#1"},
				"east": {"uv": [7, 11.3125, 6.25, 10.375], "texture": "#0"},
				"south": {"uv": [14.5, 10.5, 14.5625, 10.5625], "texture": "#1"},
				"west": {"uv": [7, 11.3125, 6.25, 10.375], "texture": "#0"},
				"up": {"uv": [7, 11.3125, 6.25, 10.375], "texture": "#0"},
				"down": {"uv": [11.5625, 14.5, 11.5, 14.5625], "texture": "#1"}
			}
		},
		{
			"name": "blade",
			"from": [7, 0.475, 7.925],
			"to": [7.375, 0.825, 8.075],
			"rotation": {"angle": 0, "axis": "y", "origin": [8, 8, 8]},
			"faces": {
				"north": {"uv": [12.5, 6.5, 12.6875, 6.6875], "texture": "#1"},
				"east": {"uv": [13.5, 1, 13.5625, 1.1875], "texture": "#1"},
				"south": {"uv": [12.5, 7, 12.6875, 7.1875], "texture": "#1"},
				"west": {"uv": [1.5, 13.5, 1.5625, 13.6875], "texture": "#1"},
				"up": {"uv": [13.6875, 1.5625, 13.5, 1.5], "texture": "#1"},
				"down": {"uv": [2.1875, 13.5, 2, 13.5625], "texture": "#1"}
			}
		},
		{
			"name": "blade",
			"from": [8, 0.475, 7.875],
			"to": [8.225, 0.825, 7.925],
			"rotation": {"angle": 0, "axis": "y", "origin": [8, 8, 8]},
			"faces": {
				"north": {"uv": [13, 0, 13.125, 0.1875], "texture": "#1"},
				"east": {"uv": [10.5, 13, 10.5625, 13.1875], "texture": "#1"},
				"south": {"uv": [13, 0.5, 13.125, 0.6875], "texture": "#1"},
				"west": {"uv": [13, 10.5, 13.0625, 10.6875], "texture": "#1"},
				"up": {"uv": [13.625, 7.5625, 13.5, 7.5], "texture": "#1"},
				"down": {"uv": [8.125, 13.5, 8, 13.5625], "texture": "#1"}
			}
		},
		{
			"name": "blade",
			"from": [7.6, 0.575, 7.875],
			"to": [8, 0.725, 7.925],
			"rotation": {"angle": 0, "axis": "y", "origin": [8, 8, 8]},
			"faces": {
				"north": {"uv": [13.5, 3, 13.6875, 3.0625], "texture": "#1"},
				"east": {"uv": [14.5, 6.5, 14.5625, 6.5625], "texture": "#1"},
				"south": {"uv": [3.5, 13.5, 3.6875, 13.5625], "texture": "#1"},
				"west": {"uv": [7, 14.5, 7.0625, 14.5625], "texture": "#1"},
				"up": {"uv": [13.6875, 3.5625, 13.5, 3.5], "texture": "#1"},
				"down": {"uv": [4.1875, 13.5, 4, 13.5625], "texture": "#1"}
			}
		},
		{
			"name": "blade",
			"from": [7.625, 0.575, 8.075],
			"to": [8, 0.725, 8.125],
			"rotation": {"angle": 0, "axis": "y", "origin": [8, 8, 8]},
			"faces": {
				"north": {"uv": [13.5, 4, 13.6875, 4.0625], "texture": "#1"},
				"east": {"uv": [14.5, 7, 14.5625, 7.0625], "texture": "#1"},
				"south": {"uv": [4.5, 13.5, 4.6875, 13.5625], "texture": "#1"},
				"west": {"uv": [7.5, 14.5, 7.5625, 14.5625], "texture": "#1"},
				"up": {"uv": [13.6875, 4.5625, 13.5, 4.5], "texture": "#1"},
				"down": {"uv": [5.1875, 13.5, 5, 13.5625], "texture": "#1"}
			}
		},
		{
			"name": "blade",
			"from": [7, 0.575, 7.875],
			"to": [7.4, 0.725, 7.925],
			"rotation": {"angle": 0, "axis": "y", "origin": [8, 8, 8]},
			"faces": {
				"north": {"uv": [13.5, 6, 13.6875, 6.0625], "texture": "#1"},
				"east": {"uv": [14.5, 8, 14.5625, 8.0625], "texture": "#1"},
				"south": {"uv": [6.5, 13.5, 6.6875, 13.5625], "texture": "#1"},
				"west": {"uv": [8.5, 14.5, 8.5625, 14.5625], "texture": "#1"},
				"up": {"uv": [13.6875, 6.5625, 13.5, 6.5], "texture": "#1"},
				"down": {"uv": [7.1875, 13.5, 7, 13.5625], "texture": "#1"}
			}
		},
		{
			"name": "blade",
			"from": [7, 0.575, 8.075],
			"to": [7.375, 0.725, 8.125],
			"rotation": {"angle": 0, "axis": "y", "origin": [8, 8, 8]},
			"faces": {
				"north": {"uv": [13.5, 5, 13.6875, 5.0625], "texture": "#1"},
				"east": {"uv": [14.5, 7.5, 14.5625, 7.5625], "texture": "#1"},
				"south": {"uv": [5.5, 13.5, 5.6875, 13.5625], "texture": "#1"},
				"west": {"uv": [8, 14.5, 8.0625, 14.5625], "texture": "#1"},
				"up": {"uv": [13.6875, 5.5625, 13.5, 5.5], "texture": "#1"},
				"down": {"uv": [6.1875, 13.5, 6, 13.5625], "texture": "#1"}
			}
		},
		{
			"name": "blade",
			"from": [8, 0.475, 8.075],
			"to": [8.225, 0.825, 8.125],
			"rotation": {"angle": 0, "axis": "y", "origin": [8, 8, 8]},
			"faces": {
				"north": {"uv": [13, 1, 13.125, 1.1875], "texture": "#1"},
				"east": {"uv": [11, 13, 11.0625, 13.1875], "texture": "#1"},
				"south": {"uv": [13, 1.5, 13.125, 1.6875], "texture": "#1"},
				"west": {"uv": [13, 11, 13.0625, 11.1875], "texture": "#1"},
				"up": {"uv": [13.625, 8.0625, 13.5, 8], "texture": "#1"},
				"down": {"uv": [8.625, 13.5, 8.5, 13.5625], "texture": "#1"}
			}
		},
		{
			"name": "blade",
			"from": [6.775, 0.475, 8.075],
			"to": [7, 0.825, 8.125],
			"rotation": {"angle": 0, "axis": "y", "origin": [8, 8, 8]},
			"faces": {
				"north": {"uv": [13, 3, 13.125, 3.1875], "texture": "#1"},
				"east": {"uv": [12, 13, 12.0625, 13.1875], "texture": "#1"},
				"south": {"uv": [13, 3.5, 13.125, 3.6875], "texture": "#1"},
				"west": {"uv": [13, 12, 13.0625, 12.1875], "texture": "#1"},
				"up": {"uv": [13.625, 9.0625, 13.5, 9], "texture": "#1"},
				"down": {"uv": [9.625, 13.5, 9.5, 13.5625], "texture": "#1"}
			}
		},
		{
			"name": "blade",
			"from": [6.775, 0.475, 7.875],
			"to": [7, 0.825, 7.925],
			"rotation": {"angle": 0, "axis": "y", "origin": [8, 8, 8]},
			"faces": {
				"north": {"uv": [13, 2, 13.125, 2.1875], "texture": "#1"},
				"east": {"uv": [11.5, 13, 11.5625, 13.1875], "texture": "#1"},
				"south": {"uv": [13, 2.5, 13.125, 2.6875], "texture": "#1"},
				"west": {"uv": [13, 11.5, 13.0625, 11.6875], "texture": "#1"},
				"up": {"uv": [13.625, 8.5625, 13.5, 8.5], "texture": "#1"},
				"down": {"uv": [9.125, 13.5, 9, 13.5625], "texture": "#1"}
			}
		},
		{
			"name": "blade",
			"from": [7.4, 0.425, 7.875],
			"to": [7.6, 0.875, 7.925],
			"rotation": {"angle": 0, "axis": "y", "origin": [8, 8, 8]},
			"faces": {
				"north": {"uv": [13, 6.5, 13.125, 6.6875], "texture": "#1"},
				"east": {"uv": [13.5, 2.5, 13.5625, 2.6875], "texture": "#1"},
				"south": {"uv": [13, 7, 13.125, 7.1875], "texture": "#1"},
				"west": {"uv": [3, 13.5, 3.0625, 13.6875], "texture": "#1"},
				"up": {"uv": [13.625, 12.0625, 13.5, 12], "texture": "#1"},
				"down": {"uv": [12.625, 13.5, 12.5, 13.5625], "texture": "#1"}
			}
		},
		{
			"name": "blade",
			"from": [7.325, 0.5, 7.9],
			"to": [7.675, 0.8, 7.925],
			"rotation": {"angle": 0, "axis": "y", "origin": [8, 8, 8]},
			"faces": {
				"north": {"uv": [13, 6.5, 13.125, 6.6875], "texture": "#1"},
				"east": {"uv": [13.5, 2.5, 13.5625, 2.6875], "texture": "#1"},
				"south": {"uv": [13, 7, 13.125, 7.1875], "texture": "#1"},
				"west": {"uv": [3, 13.5, 3.0625, 13.6875], "texture": "#1"},
				"up": {"uv": [13.625, 12.0625, 13.5, 12], "texture": "#1"},
				"down": {"uv": [12.625, 13.5, 12.5, 13.5625], "texture": "#1"}
			}
		},
		{
			"name": "blade",
			"from": [7.325, 0.5, 8.075],
			"to": [7.675, 0.8, 8.1],
			"rotation": {"angle": 0, "axis": "y", "origin": [8, 8, 8]},
			"faces": {
				"north": {"uv": [13.125, 7, 13, 7.1875], "texture": "#1"},
				"east": {"uv": [13.5625, 2.5, 13.5, 2.6875], "texture": "#1"},
				"south": {"uv": [13.125, 6.5, 13, 6.6875], "texture": "#1"},
				"west": {"uv": [3.0625, 13.5, 3, 13.6875], "texture": "#1"},
				"up": {"uv": [13.625, 12, 13.5, 12.0625], "texture": "#1"},
				"down": {"uv": [12.625, 13.5625, 12.5, 13.5], "texture": "#1"}
			}
		},
		{
			"name": "blade",
			"from": [7.375, 0.45, 8.075],
			"to": [7.625, 0.85, 8.125],
			"rotation": {"angle": 0, "axis": "y", "origin": [8, 8, 8]},
			"faces": {
				"north": {"uv": [13, 6, 13.125, 6.1875], "texture": "#1"},
				"east": {"uv": [13.5, 2, 13.5625, 2.1875], "texture": "#1"},
				"south": {"uv": [6.5, 13, 6.625, 13.1875], "texture": "#1"},
				"west": {"uv": [2.5, 13.5, 2.5625, 13.6875], "texture": "#1"},
				"up": {"uv": [13.625, 11.5625, 13.5, 11.5], "texture": "#1"},
				"down": {"uv": [12.125, 13.5, 12, 13.5625], "texture": "#1"}
			}
		},
		{
			"name": "blade",
			"from": [7.375, 0.4, 7.925],
			"to": [7.625, 0.9, 8.075],
			"rotation": {"angle": 0, "axis": "y", "origin": [8, 8, 8]},
			"faces": {
				"north": {"uv": [12.5, 12, 12.625, 12.25], "texture": "#1"},
				"east": {"uv": [8.5, 13, 8.5625, 13.25], "texture": "#1"},
				"south": {"uv": [12.5, 12.5, 12.625, 12.75], "texture": "#1"},
				"west": {"uv": [13, 8.5, 13.0625, 8.75], "texture": "#1"},
				"up": {"uv": [13.625, 11.0625, 13.5, 11], "texture": "#1"},
				"down": {"uv": [11.625, 13.5, 11.5, 13.5625], "texture": "#1"}
			}
		},
		{
			"name": "blade",
			"from": [7.45, 0.85, 7.9],
			"to": [7.55, 1.1, 8.1],
			"rotation": {"angle": 0, "axis": "y", "origin": [8, 8, 8]},
			"faces": {
				"north": {"uv": [1, 14, 1.0625, 14.125], "texture": "#1"},
				"east": {"uv": [10, 13, 10.125, 13.125], "texture": "#1"},
				"south": {"uv": [14, 1, 14.0625, 1.125], "texture": "#1"},
				"west": {"uv": [13, 10, 13.125, 10.125], "texture": "#1"},
				"up": {"uv": [1.5625, 14.125, 1.5, 14], "texture": "#1"},
				"down": {"uv": [14.0625, 1.5, 14, 1.625], "texture": "#1"}
			}
		}
	],
	"display": {
		"thirdperson_righthand": {
			"rotation": [-90, -90, 0],
			"translation": [0, -0.5, -22],
			"scale": [3, 3, 3]
		},
		"thirdperson_lefthand": {
			"rotation": [-90, 90, 0],
			"translation": [0, -0.5, -22],
			"scale": [3, 3, 3]
		},
		"firstperson_righthand": {
			"rotation": [-37, 90, 0],
			"translation": [0.25, 11.5, -5.25],
			"scale": [1.5, 1.5, 1.5]
		},
		"firstperson_lefthand": {
			"rotation": [-37, -90, 0],
			"translation": [0.25, 11.5, -5.25],
			"scale": [1.5, 1.5, 1.5]
		},
		"ground": {
			"translation": [0, 30.5, 0],
			"scale": [3, 3, 3]
		},
		"gui": {
			"rotation": [0, 0, -44],
			"translation": [6.5, 7, 0],
			"scale": [2, 2, 2]
		},
		"head": {
			"translation": [0, 18.75, 0]
		},
		"fixed": {
			"rotation": [0, 180, -45],
			"translation": [-6.75, 6.25, 0],
			"scale": [2, 2, 2]
		}
	}
}