{
	"credit": "Made with Blockbench",
	"textures": {
		"0": "item/lightsabers/green_saber_beam",
		"1": "item/lightsabers/green_saber",
		"particle": "item/lightsabers/green_saber_beam"
	},
	"elements": [
		{
			"name": "top glow",
			"from": [7.625, 8, 7.875],
			"to": [7.625, 18.625, 8.9],
			"rotation": {"angle": -45, "axis": "y", "origin": [7.625, 13.3625, 8.375]},
			"faces": {
				"north": {"uv": [0, 0, 0, 10.35], "texture": "#0"},
				"east": {"uv": [2.67812, 1, 3.19063, 10.35], "texture": "#0"},
				"south": {"uv": [0, 0, 0, 10.35], "texture": "#0"},
				"west": {"uv": [2.67812, 1, 3.19063, 10.35], "texture": "#0"},
				"up": {"uv": [0, 0, 0, 0.6], "texture": "#0"},
				"down": {"uv": [0, 0, 0, 0.6], "texture": "#0"}
			}
		},
		{
			"name": "top nub",
			"from": [7.425, 17.95, 8.175],
			"to": [7.825, 18.2, 8.575],
			"shade": false,
			"rotation": {"angle": 0, "axis": "y", "origin": [0, 3, 0]},
			"faces": {
				"north": {"uv": [7.875, 1.125, 8, 1.25], "texture": "#1"},
				"east": {"uv": [8, 1.125, 7.875, 1.25], "texture": "#1"},
				"south": {"uv": [7.875, 1.125, 8, 1.25], "texture": "#1"},
				"west": {"uv": [8, 1.125, 7.875, 1.25], "texture": "#1"},
				"up": {"uv": [7.875, 1.25, 8, 1.125], "texture": "#1"},
				"down": {"uv": [0, 0, 0, 0], "texture": "#1"}
			}
		},
		{
			"name": "top core",
			"from": [7.4, 8, 8.15],
			"to": [7.85, 18.175, 8.6],
			"rotation": {"angle": 0, "axis": "y", "origin": [3.5, 7.5, 1.5]},
			"faces": {
				"north": {"uv": [7.75, 1.125, 8, 10.425], "texture": "#1"},
				"east": {"uv": [7.875, 1.125, 8.125, 10.425], "texture": "#1"},
				"south": {"uv": [7.75, 1.125, 8, 10.425], "texture": "#1"},
				"west": {"uv": [7.875, 1.125, 8.125, 10.425], "texture": "#1"},
				"up": {"uv": [7.875, 1.125, 8, 1.25], "texture": "#1"},
				"down": {"uv": [7.875, 1.25, 8, 10.425], "texture": "#1"}
			}
		},
		{
			"from": [7.5, 4.6, 8.125],
			"to": [7.75, 7.525, 8.375],
			"rotation": {"angle": 0, "axis": "y", "origin": [3.5, 7.5, 1.5]},
			"faces": {
				"north": {"uv": [7.875, 12.75, 8.125, 15], "texture": "#0"},
				"east": {"uv": [7.875, 12.75, 8.125, 15], "texture": "#0"},
				"south": {"uv": [7.875, 12.75, 8.125, 15], "texture": "#0"},
				"west": {"uv": [7.875, 12.75, 8.125, 15], "texture": "#0"},
				"up": {"uv": [7.625, 10.75, 8.25, 11.375], "texture": "#0"},
				"down": {"uv": [7.625, 10.75, 8.25, 11.375], "texture": "#0"}
			}
		},
		{
			"from": [7.5, 4.6, 8.375],
			"to": [7.75, 7.525, 8.625],
			"rotation": {"angle": 0, "axis": "y", "origin": [3.5, 7.5, 1.5]},
			"faces": {
				"north": {"uv": [7.875, 12.75, 8.125, 15], "texture": "#0"},
				"east": {"uv": [7.875, 12.75, 8.125, 15], "texture": "#0"},
				"south": {"uv": [7.875, 12.75, 8.125, 15], "texture": "#0"},
				"west": {"uv": [7.875, 12.75, 8.125, 15], "texture": "#0"},
				"up": {"uv": [7.625, 10.75, 8.25, 11.375], "texture": "#0"},
				"down": {"uv": [7.625, 10.75, 8.25, 11.375], "texture": "#0"}
			}
		},
		{
			"from": [7.375, 4.6, 8.25],
			"to": [7.625, 7.525, 8.5],
			"rotation": {"angle": 0, "axis": "y", "origin": [3.5, 7.5, 1.5]},
			"faces": {
				"north": {"uv": [7.875, 12.75, 8.125, 15], "texture": "#0"},
				"east": {"uv": [7.875, 12.75, 8.125, 15], "texture": "#0"},
				"south": {"uv": [7.875, 12.75, 8.125, 15], "texture": "#0"},
				"west": {"uv": [7.875, 12.75, 8.125, 15], "texture": "#0"},
				"up": {"uv": [7.625, 10.75, 8.25, 11.375], "texture": "#0"},
				"down": {"uv": [7.625, 10.75, 8.25, 11.375], "texture": "#0"}
			}
		},
		{
			"from": [7.625, 4.6, 8.25],
			"to": [7.875, 7.525, 8.5],
			"rotation": {"angle": 0, "axis": "y", "origin": [3.5, 7.5, 1.5]},
			"faces": {
				"north": {"uv": [7.875, 12.75, 8.125, 15], "texture": "#0"},
				"east": {"uv": [7.875, 12.75, 8.125, 15], "texture": "#0"},
				"south": {"uv": [7.875, 12.75, 8.125, 15], "texture": "#0"},
				"west": {"uv": [7.875, 12.75, 8.125, 15], "texture": "#0"},
				"up": {"uv": [7.625, 10.75, 8.25, 11.375], "texture": "#0"},
				"down": {"uv": [7.625, 10.75, 8.25, 11.375], "texture": "#0"}
			}
		},
		{
			"from": [7.375, 1.675, 8.25],
			"to": [7.625, 4.6, 8.5],
			"rotation": {"angle": 0, "axis": "y", "origin": [3.5, 7.5, 1.5]},
			"faces": {
				"north": {"uv": [7.875, 12.75, 8.125, 15], "texture": "#0"},
				"east": {"uv": [7.875, 12.75, 8.125, 15], "texture": "#0"},
				"south": {"uv": [7.875, 12.75, 8.125, 15], "texture": "#0"},
				"west": {"uv": [7.875, 12.75, 8.125, 15], "texture": "#0"},
				"up": {"uv": [7.625, 10.75, 8.25, 11.375], "texture": "#0"},
				"down": {"uv": [7.625, 10.75, 8.25, 11.375], "texture": "#0"}
			}
		},
		{
			"from": [7.625, 1.675, 8.25],
			"to": [7.875, 4.6, 8.5],
			"rotation": {"angle": 0, "axis": "y", "origin": [3.5, 7.5, 1.5]},
			"faces": {
				"north": {"uv": [7.875, 12.75, 8.125, 15], "texture": "#0"},
				"east": {"uv": [7.875, 12.75, 8.125, 15], "texture": "#0"},
				"south": {"uv": [7.875, 12.75, 8.125, 15], "texture": "#0"},
				"west": {"uv": [7.875, 12.75, 8.125, 15], "texture": "#0"},
				"up": {"uv": [7.625, 10.75, 8.25, 11.375], "texture": "#0"},
				"down": {"uv": [7.625, 10.75, 8.25, 11.375], "texture": "#0"}
			}
		},
		{
			"from": [7.5, 1.675, 8.375],
			"to": [7.75, 4.6, 8.625],
			"rotation": {"angle": 0, "axis": "y", "origin": [3.5, 7.5, 1.5]},
			"faces": {
				"north": {"uv": [7.875, 12.75, 8.125, 15], "texture": "#0"},
				"east": {"uv": [7.875, 12.75, 8.125, 15], "texture": "#0"},
				"south": {"uv": [7.875, 12.75, 8.125, 15], "texture": "#0"},
				"west": {"uv": [7.875, 12.75, 8.125, 15], "texture": "#0"},
				"up": {"uv": [7.625, 10.75, 8.25, 11.375], "texture": "#0"},
				"down": {"uv": [7.625, 10.75, 8.25, 11.375], "texture": "#0"}
			}
		},
		{
			"from": [7.5, 1.675, 8.125],
			"to": [7.75, 4.6, 8.375],
			"rotation": {"angle": 0, "axis": "y", "origin": [3.5, 7.5, 1.5]},
			"faces": {
				"north": {"uv": [7.875, 12.75, 8.125, 15], "texture": "#0"},
				"east": {"uv": [7.875, 12.75, 8.125, 15], "texture": "#0"},
				"south": {"uv": [7.875, 12.75, 8.125, 15], "texture": "#0"},
				"west": {"uv": [7.875, 12.75, 8.125, 15], "texture": "#0"},
				"up": {"uv": [7.625, 10.75, 8.25, 11.375], "texture": "#0"},
				"down": {"uv": [7.625, 10.75, 8.25, 11.375], "texture": "#0"}
			}
		},
		{
			"from": [7.5, 1.4, 8.25],
			"to": [7.75, 7.775, 8.5],
			"rotation": {"angle": 0, "axis": "y", "origin": [3.5, 7.5, 1.5]},
			"faces": {
				"north": {"uv": [7.875, 12.625, 8, 12.75], "texture": "#0"},
				"east": {"uv": [7.875, 12.625, 8, 12.75], "texture": "#0"},
				"south": {"uv": [7.875, 12.625, 8, 12.75], "texture": "#0"},
				"west": {"uv": [7.875, 12.625, 8, 12.75], "texture": "#0"},
				"up": {"uv": [7.625, 10.75, 8.25, 11.375], "texture": "#0"},
				"down": {"uv": [7.625, 10.75, 8.25, 11.375], "texture": "#0"}
			}
		},
		{
			"from": [7.25, 7.775, 8],
			"to": [8, 8.025, 8.75],
			"rotation": {"angle": 0, "axis": "y", "origin": [3.5, 7.5, 1.5]},
			"faces": {
				"north": {"uv": [7.625, 11.625, 8.25, 11.875], "texture": "#0"},
				"east": {"uv": [7.625, 11.625, 8.25, 11.875], "texture": "#0"},
				"south": {"uv": [7.625, 11.625, 8.25, 11.875], "texture": "#0"},
				"west": {"uv": [7.625, 11.625, 8.25, 11.875], "texture": "#0"},
				"up": {"uv": [7.625, 12, 8.25, 12.625], "texture": "#0"},
				"down": {"uv": [7.625, 12, 8.25, 12.625], "texture": "#0"}
			}
		},
		{
			"from": [7.325, 7.65, 8.075],
			"to": [7.925, 7.775, 8.675],
			"rotation": {"angle": 0, "axis": "y", "origin": [3.5, 7.5, 1.5]},
			"faces": {
				"north": {"uv": [7.625, 11.625, 8.25, 11.75], "texture": "#0"},
				"east": {"uv": [7.625, 11.625, 8.25, 11.75], "texture": "#0"},
				"south": {"uv": [7.625, 11.625, 8.25, 11.75], "texture": "#0"},
				"west": {"uv": [7.625, 11.625, 8.25, 11.75], "texture": "#0"},
				"up": {"uv": [7.625, 11.75, 8.25, 12.375], "texture": "#0"},
				"down": {"uv": [7.625, 11.75, 8.25, 12.375], "texture": "#0"}
			}
		},
		{
			"from": [7.375, 7.525, 8.125],
			"to": [7.875, 7.65, 8.625],
			"rotation": {"angle": 0, "axis": "y", "origin": [3.5, 7.5, 1.5]},
			"faces": {
				"north": {"uv": [7.625, 11.625, 8.25, 11.75], "texture": "#0"},
				"east": {"uv": [7.625, 11.625, 8.25, 11.75], "texture": "#0"},
				"south": {"uv": [7.625, 11.625, 8.25, 11.75], "texture": "#0"},
				"west": {"uv": [7.625, 11.625, 8.25, 11.75], "texture": "#0"},
				"up": {"uv": [7.625, 11.75, 8.25, 12.375], "texture": "#0"},
				"down": {"uv": [7.625, 11.75, 8.25, 12.375], "texture": "#0"}
			}
		},
		{
			"from": [7.325, 6.75, 8.075],
			"to": [7.925, 6.875, 8.675],
			"rotation": {"angle": 0, "axis": "y", "origin": [3.5, 7.5, 1.5]},
			"faces": {
				"north": {"uv": [7.625, 11.625, 8.25, 11.75], "texture": "#0"},
				"east": {"uv": [7.625, 11.625, 8.25, 11.75], "texture": "#0"},
				"south": {"uv": [7.625, 11.625, 8.25, 11.75], "texture": "#0"},
				"west": {"uv": [7.625, 11.625, 8.25, 11.75], "texture": "#0"},
				"up": {"uv": [7.625, 11.75, 8.25, 12.375], "texture": "#0"},
				"down": {"uv": [7.625, 11.75, 8.25, 12.375], "texture": "#0"}
			}
		},
		{
			"from": [7.325, 6.575, 8.075],
			"to": [7.925, 6.7, 8.675],
			"rotation": {"angle": 0, "axis": "y", "origin": [3.5, 7.5, 1.5]},
			"faces": {
				"north": {"uv": [7.625, 11.625, 8.25, 11.75], "texture": "#0"},
				"east": {"uv": [7.625, 11.625, 8.25, 11.75], "texture": "#0"},
				"south": {"uv": [7.625, 11.625, 8.25, 11.75], "texture": "#0"},
				"west": {"uv": [7.625, 11.625, 8.25, 11.75], "texture": "#0"},
				"up": {"uv": [7.625, 11.75, 8.25, 12.375], "texture": "#0"},
				"down": {"uv": [7.625, 11.75, 8.25, 12.375], "texture": "#0"}
			}
		},
		{
			"from": [7.325, 6.4, 8.075],
			"to": [7.925, 6.525, 8.675],
			"rotation": {"angle": 0, "axis": "y", "origin": [3.5, 7.5, 1.5]},
			"faces": {
				"north": {"uv": [7.625, 11.625, 8.25, 11.75], "texture": "#0"},
				"east": {"uv": [7.625, 11.625, 8.25, 11.75], "texture": "#0"},
				"south": {"uv": [7.625, 11.625, 8.25, 11.75], "texture": "#0"},
				"west": {"uv": [7.625, 11.625, 8.25, 11.75], "texture": "#0"},
				"up": {"uv": [7.625, 11.75, 8.25, 12.375], "texture": "#0"},
				"down": {"uv": [7.625, 11.75, 8.25, 12.375], "texture": "#0"}
			}
		},
		{
			"from": [7.325, 5.875, 8.075],
			"to": [7.925, 6, 8.675],
			"rotation": {"angle": 0, "axis": "y", "origin": [3.5, 7.5, 1.5]},
			"faces": {
				"north": {"uv": [7.625, 11.625, 8.25, 11.75], "texture": "#0"},
				"east": {"uv": [7.625, 11.625, 8.25, 11.75], "texture": "#0"},
				"south": {"uv": [7.625, 11.625, 8.25, 11.75], "texture": "#0"},
				"west": {"uv": [7.625, 11.625, 8.25, 11.75], "texture": "#0"},
				"up": {"uv": [7.625, 11.75, 8.25, 12.375], "texture": "#0"},
				"down": {"uv": [7.625, 11.75, 8.25, 12.375], "texture": "#0"}
			}
		},
		{
			"from": [7.325, 6.05, 8.075],
			"to": [7.925, 6.175, 8.675],
			"rotation": {"angle": 0, "axis": "y", "origin": [3.5, 7.5, 1.5]},
			"faces": {
				"north": {"uv": [7.625, 11.625, 8.25, 11.75], "texture": "#0"},
				"east": {"uv": [7.625, 11.625, 8.25, 11.75], "texture": "#0"},
				"south": {"uv": [7.625, 11.625, 8.25, 11.75], "texture": "#0"},
				"west": {"uv": [7.625, 11.625, 8.25, 11.75], "texture": "#0"},
				"up": {"uv": [7.625, 11.75, 8.25, 12.375], "texture": "#0"},
				"down": {"uv": [7.625, 11.75, 8.25, 12.375], "texture": "#0"}
			}
		},
		{
			"from": [7.325, 6.225, 8.075],
			"to": [7.925, 6.35, 8.675],
			"rotation": {"angle": 0, "axis": "y", "origin": [3.5, 7.5, 1.5]},
			"faces": {
				"north": {"uv": [7.625, 11.625, 8.25, 11.75], "texture": "#0"},
				"east": {"uv": [7.625, 11.625, 8.25, 11.75], "texture": "#0"},
				"south": {"uv": [7.625, 11.625, 8.25, 11.75], "texture": "#0"},
				"west": {"uv": [7.625, 11.625, 8.25, 11.75], "texture": "#0"},
				"up": {"uv": [7.625, 11.75, 8.25, 12.375], "texture": "#0"},
				"down": {"uv": [7.625, 11.75, 8.25, 12.375], "texture": "#0"}
			}
		},
		{
			"from": [7.325, 2.325, 8.075],
			"to": [7.925, 2.45, 8.675],
			"rotation": {"angle": 0, "axis": "y", "origin": [3.5, 7.5, 1.5]},
			"faces": {
				"north": {"uv": [7.625, 11.625, 8.25, 11.75], "texture": "#0"},
				"east": {"uv": [7.625, 11.625, 8.25, 11.75], "texture": "#0"},
				"south": {"uv": [7.625, 11.625, 8.25, 11.75], "texture": "#0"},
				"west": {"uv": [7.625, 11.625, 8.25, 11.75], "texture": "#0"},
				"up": {"uv": [7.625, 11.75, 8.25, 12.375], "texture": "#0"},
				"down": {"uv": [7.625, 11.75, 8.25, 12.375], "texture": "#0"}
			}
		},
		{
			"from": [7.325, 2.5, 8.075],
			"to": [7.925, 2.625, 8.675],
			"rotation": {"angle": 0, "axis": "y", "origin": [3.5, 7.5, 1.5]},
			"faces": {
				"north": {"uv": [7.625, 11.625, 8.25, 11.75], "texture": "#0"},
				"east": {"uv": [7.625, 11.625, 8.25, 11.75], "texture": "#0"},
				"south": {"uv": [7.625, 11.625, 8.25, 11.75], "texture": "#0"},
				"west": {"uv": [7.625, 11.625, 8.25, 11.75], "texture": "#0"},
				"up": {"uv": [7.625, 11.75, 8.25, 12.375], "texture": "#0"},
				"down": {"uv": [7.625, 11.75, 8.25, 12.375], "texture": "#0"}
			}
		},
		{
			"from": [7.325, 2.675, 8.075],
			"to": [7.925, 2.8, 8.675],
			"rotation": {"angle": 0, "axis": "y", "origin": [3.5, 7.5, 1.5]},
			"faces": {
				"north": {"uv": [7.625, 11.625, 8.25, 11.75], "texture": "#0"},
				"east": {"uv": [7.625, 11.625, 8.25, 11.75], "texture": "#0"},
				"south": {"uv": [7.625, 11.625, 8.25, 11.75], "texture": "#0"},
				"west": {"uv": [7.625, 11.625, 8.25, 11.75], "texture": "#0"},
				"up": {"uv": [7.625, 11.75, 8.25, 12.375], "texture": "#0"},
				"down": {"uv": [7.625, 11.75, 8.25, 12.375], "texture": "#0"}
			}
		},
		{
			"from": [7.325, 2.85, 8.075],
			"to": [7.925, 2.975, 8.675],
			"rotation": {"angle": 0, "axis": "y", "origin": [3.5, 7.5, 1.5]},
			"faces": {
				"north": {"uv": [7.625, 11.625, 8.25, 11.75], "texture": "#0"},
				"east": {"uv": [7.625, 11.625, 8.25, 11.75], "texture": "#0"},
				"south": {"uv": [7.625, 11.625, 8.25, 11.75], "texture": "#0"},
				"west": {"uv": [7.625, 11.625, 8.25, 11.75], "texture": "#0"},
				"up": {"uv": [7.625, 11.75, 8.25, 12.375], "texture": "#0"},
				"down": {"uv": [7.625, 11.75, 8.25, 12.375], "texture": "#0"}
			}
		},
		{
			"from": [7.325, 3.025, 8.075],
			"to": [7.925, 3.15, 8.675],
			"rotation": {"angle": 0, "axis": "y", "origin": [3.5, 7.5, 1.5]},
			"faces": {
				"north": {"uv": [7.625, 11.625, 8.25, 11.75], "texture": "#0"},
				"east": {"uv": [7.625, 11.625, 8.25, 11.75], "texture": "#0"},
				"south": {"uv": [7.625, 11.625, 8.25, 11.75], "texture": "#0"},
				"west": {"uv": [7.625, 11.625, 8.25, 11.75], "texture": "#0"},
				"up": {"uv": [7.625, 11.75, 8.25, 12.375], "texture": "#0"},
				"down": {"uv": [7.625, 11.75, 8.25, 12.375], "texture": "#0"}
			}
		},
		{
			"from": [7.325, 3.2, 8.075],
			"to": [7.925, 3.325, 8.675],
			"rotation": {"angle": 0, "axis": "y", "origin": [3.5, 7.5, 1.5]},
			"faces": {
				"north": {"uv": [7.625, 11.625, 8.25, 11.75], "texture": "#0"},
				"east": {"uv": [7.625, 11.625, 8.25, 11.75], "texture": "#0"},
				"south": {"uv": [7.625, 11.625, 8.25, 11.75], "texture": "#0"},
				"west": {"uv": [7.625, 11.625, 8.25, 11.75], "texture": "#0"},
				"up": {"uv": [7.625, 11.75, 8.25, 12.375], "texture": "#0"},
				"down": {"uv": [7.625, 11.75, 8.25, 12.375], "texture": "#0"}
			}
		},
		{
			"from": [7.325, 3.625, 8.175],
			"to": [7.925, 5.575, 8.575],
			"rotation": {"angle": 0, "axis": "y", "origin": [3.5, 7.5, 1.5]},
			"faces": {
				"north": {"uv": [7.625, 11.625, 8.25, 12.625], "texture": "#0"},
				"east": {"uv": [7.625, 11.625, 8.25, 12.625], "texture": "#0"},
				"south": {"uv": [7.625, 11.625, 8.25, 12.625], "texture": "#0"},
				"west": {"uv": [7.625, 11.625, 8.25, 12.625], "texture": "#0"},
				"up": {"uv": [7.625, 11.75, 8.25, 12.375], "texture": "#0"},
				"down": {"uv": [7.625, 11.625, 8.25, 12.625], "texture": "#0"}
			}
		},
		{
			"from": [7.425, 3.625, 8.075],
			"to": [7.825, 5.575, 8.675],
			"rotation": {"angle": 0, "axis": "y", "origin": [7.625, 4.6, 8.375]},
			"faces": {
				"north": {"uv": [7.625, 11.625, 8.25, 12.625], "texture": "#0"},
				"east": {"uv": [7.625, 11.625, 8.25, 12.625], "texture": "#0"},
				"south": {"uv": [7.625, 11.625, 8.25, 12.625], "texture": "#0"},
				"west": {"uv": [7.625, 11.625, 8.25, 12.625], "texture": "#0"},
				"up": {"uv": [7.625, 11.75, 8.25, 12.375], "rotation": 270, "texture": "#0"},
				"down": {"uv": [7.625, 11.625, 8.25, 12.625], "rotation": 90, "texture": "#0"}
			}
		},
		{
			"from": [7.325, 1.4, 8.075],
			"to": [7.925, 1.525, 8.675],
			"rotation": {"angle": 0, "axis": "y", "origin": [3.5, 7.5, 1.5]},
			"faces": {
				"north": {"uv": [7.625, 11.625, 8.25, 11.75], "texture": "#0"},
				"east": {"uv": [7.625, 11.625, 8.25, 11.75], "texture": "#0"},
				"south": {"uv": [7.625, 11.625, 8.25, 11.75], "texture": "#0"},
				"west": {"uv": [7.625, 11.625, 8.25, 11.75], "texture": "#0"},
				"up": {"uv": [7.625, 11.75, 8.25, 12.375], "texture": "#0"},
				"down": {"uv": [7.625, 11.75, 8.25, 12.375], "texture": "#0"}
			}
		},
		{
			"from": [7.375, 1.5, 8.125],
			"to": [7.875, 1.675, 8.625],
			"rotation": {"angle": 0, "axis": "y", "origin": [3.5, 7.5, 1.5]},
			"faces": {
				"north": {"uv": [7.625, 11.625, 8.25, 11.75], "texture": "#0"},
				"east": {"uv": [7.625, 11.625, 8.25, 11.75], "texture": "#0"},
				"south": {"uv": [7.625, 11.625, 8.25, 11.75], "texture": "#0"},
				"west": {"uv": [7.625, 11.625, 8.25, 11.75], "texture": "#0"},
				"up": {"uv": [7.625, 11.75, 8.25, 12.375], "texture": "#0"},
				"down": {"uv": [7.625, 11.75, 8.25, 12.375], "texture": "#0"}
			}
		},
		{
			"from": [7.25, 1.15, 8],
			"to": [8, 1.4, 8.75],
			"rotation": {"angle": 0, "axis": "y", "origin": [3.5, 7.5, 1.5]},
			"faces": {
				"north": {"uv": [7.625, 11.625, 8.25, 11.875], "texture": "#0"},
				"east": {"uv": [7.625, 11.625, 8.25, 11.875], "texture": "#0"},
				"south": {"uv": [7.625, 11.625, 8.25, 11.875], "texture": "#0"},
				"west": {"uv": [7.625, 11.625, 8.25, 11.875], "texture": "#0"},
				"up": {"uv": [7.625, 12, 8.25, 12.625], "texture": "#0"},
				"down": {"uv": [7.625, 12, 8.25, 12.625], "texture": "#0"}
			}
		}
	],
	"display": {
		"thirdperson_righthand": {
			"rotation": [0, 45, 0],
			"translation": [0, 4.75, -1],
			"scale": [2, 2, 2]
		},
		"thirdperson_lefthand": {
			"rotation": [0, -45, 0],
			"translation": [0, 4.75, -1],
			"scale": [2, 2, 2]
		},
		"firstperson_righthand": {
			"rotation": [-11, 70, 0],
			"translation": [0.75, 2.5, -0.5],
			"scale": [1.5, 1.5, 1.5]
		},
		"firstperson_lefthand": {
			"rotation": [-11, 0, 0],
			"translation": [0.75, 2.5, -0.5],
			"scale": [1.5, 1.5, 1.5]
		},
		"ground": {
			"translation": [0, 11, 0],
			"scale": [2, 2, 2]
		},
		"gui": {
			"rotation": [0, 0, -45],
			"translation": [2.75, 2.5, 0]
		},
		"head": {
			"translation": [0, 9.25, 0]
		},
		"fixed": {
			"rotation": [0, 0, 45],
			"translation": [0.25, 0.25, -1.5]
		}
	},
	"groups": [
		{
			"name": "main",
			"origin": [7.61616, -3.9125, 8.375],
			"color": 0,
			"children": [
				{
					"name": "top blade",
					"origin": [3.5, 7.5, 1.5],
					"color": 0,
					"children": [0, 1, 2]
				},
				{
					"name": "hilt",
					"origin": [3.5, 7.5, 1.5],
					"color": 0,
					"children": [3, 4, 5, 6, 7, 8, 9, 10, 11, 12, 13, 14, 15, 16, 17, 18, 19, 20, 21, 22, 23, 24, 25, 26, 27, 28, 29, 30, 31]
				}
			]
		}
	]
}