{
	"credit": "Made with Blockbench",
	"ambientocclusion": false,
	"textures": {
		"0": "item/green_saber_beam",
		"1": "item/green_saber",
		"particle": "item/green_saber_beam"
	},
	"elements": [
		{
			"from": [7.5, -16, 7.5],
			"to": [8.5, -4, 8.5],
			"faces": {
				"north": {"uv": [7.75, 11.375, 8.125, 11.625], "texture": "#1", "cullface": "down"},
				"east": {"uv": [7.75, 11.375, 8.125, 11.625], "texture": "#1", "cullface": "down"},
				"south": {"uv": [7.75, 11.375, 8.125, 11.625], "texture": "#1", "cullface": "down"},
				"west": {"uv": [7.75, 11.375, 8.125, 11.625], "texture": "#1", "cullface": "down"},
				"up": {"uv": [0, 0, 0, 0], "texture": "#1"},
				"down": {"uv": [7.875, 15.25, 8, 15.375], "texture": "#1", "cullface": "down"}
			}
		},
		{
			"from": [7, -15.125, 8],
			"to": [9, -8.5, 8.5],
			"faces": {
				"north": {"uv": [8.125, 12.75, 8, 14.875], "texture": "#1", "cullface": "down"},
				"east": {"uv": [7.75, 12.75, 8, 14.875], "texture": "#1", "cullface": "down"},
				"south": {"uv": [8.125, 12.75, 8, 14.875], "texture": "#1", "cullface": "down"},
				"west": {"uv": [7.75, 12.75, 8, 14.875], "texture": "#1", "cullface": "down"},
				"up": {"uv": [7.75, 12.75, 8.125, 13], "texture": "#1", "cullface": "down"},
				"down": {"uv": [7.75, 12.75, 8.125, 13], "texture": "#1"}
			}
		},
		{
			"from": [7, -14.7, 7.5],
			"to": [9, -8.5, 8],
			"faces": {
				"north": {"uv": [7.875, 12.75, 7.75, 14.75], "texture": "#1", "cullface": "down"},
				"east": {"uv": [7.875, 12.75, 8.125, 14.75], "texture": "#1", "cullface": "down"},
				"south": {"uv": [7.25, 3.5, 5.25, 7.5], "texture": "#1", "cullface": "down"},
				"west": {"uv": [7.875, 12.75, 8.125, 14.75], "texture": "#1", "cullface": "down"},
				"up": {"uv": [7.75, 12.75, 8.125, 13], "texture": "#1", "cullface": "down"},
				"down": {"uv": [7.75, 12.75, 8.125, 13], "texture": "#1"}
			}
		},
		{
			"from": [7.5, -14.375, 7],
			"to": [8.5, -8.5, 7.5],
			"faces": {
				"north": {"uv": [7.75, 12.75, 8.125, 14.625], "texture": "#1", "cullface": "down"},
				"east": {"uv": [8, 12.75, 8.25, 14.625], "texture": "#1", "cullface": "down"},
				"south": {"uv": [11, 9.625, 12, 13.625], "texture": "#1", "cullface": "down"},
				"west": {"uv": [8, 12.75, 8.25, 14.625], "texture": "#1", "cullface": "down"},
				"up": {"uv": [8, 12.75, 7.625, 13], "texture": "#1", "cullface": "down"},
				"down": {"uv": [7.625, 12.75, 8, 13], "texture": "#1"}
			}
		},
		{
			"from": [7.5, -15.5, 8.5],
			"to": [8.5, -8.5, 9],
			"faces": {
				"north": {"uv": [12.375, 7.5, 13.375, 11.5], "texture": "#1", "cullface": "down"},
				"east": {"uv": [7.875, 12.75, 7.625, 15], "texture": "#1", "cullface": "down"},
				"south": {"uv": [7.75, 12.75, 8.125, 15], "texture": "#1", "cullface": "down"},
				"west": {"uv": [7.625, 12.75, 7.875, 15], "texture": "#1", "cullface": "down"},
				"up": {"uv": [7.875, 12.75, 8.25, 13], "texture": "#1", "cullface": "down"},
				"down": {"uv": [7.875, 12.75, 8.25, 13], "texture": "#1"}
			}
		},
		{
			"from": [7, -8, 7.5],
			"to": [9, -5, 8.5],
			"faces": {
				"north": {"uv": [7.75, 11.625, 8.125, 12.625], "texture": "#1", "cullface": "down"},
				"east": {"uv": [7.75, 11.625, 8.125, 12.625], "texture": "#1", "cullface": "down"},
				"south": {"uv": [7.75, 11.625, 8.125, 12.625], "texture": "#1", "cullface": "down"},
				"west": {"uv": [7.75, 11.625, 8.125, 12.625], "texture": "#1", "cullface": "down"},
				"up": {"uv": [7.625, 11.625, 7.75, 11.75], "texture": "#1"},
				"down": {"uv": [7.625, 12.5, 7.75, 12.625], "texture": "#1", "cullface": "down"}
			}
		},
		{
			"from": [8.75, -2.1, 7.875],
			"to": [9.025, 0.9, 8.875],
			"faces": {
				"north": {"uv": [8, 11.625, 8.125, 12.75], "texture": "#1", "cullface": "down"},
				"east": {"uv": [7.75, 11.625, 8.125, 12.75], "texture": "#1", "cullface": "down"},
				"south": {"uv": [7.75, 11.625, 8.125, 12.75], "texture": "#1", "cullface": "down"},
				"west": {"uv": [7.75, 11.625, 8.125, 12.75], "texture": "#1", "cullface": "down"},
				"up": {"uv": [7.625, 11.625, 7.75, 11.75], "texture": "#1"},
				"down": {"uv": [7.625, 12.5, 7.75, 12.625], "texture": "#1", "cullface": "down"}
			}
		},
		{
			"from": [6.975, -2.1, 7.125],
			"to": [7.25, 0.9, 8.125],
			"faces": {
				"north": {"uv": [7.75, 11.625, 8.125, 12.75], "texture": "#1", "cullface": "down"},
				"east": {"uv": [7.75, 11.625, 8.125, 12.75], "texture": "#1", "cullface": "down"},
				"south": {"uv": [8, 11.625, 8.125, 12.75], "texture": "#1", "cullface": "down"},
				"west": {"uv": [7.75, 11.625, 8.125, 12.75], "texture": "#1", "cullface": "down"},
				"up": {"uv": [7.625, 11.625, 7.75, 11.75], "texture": "#1"},
				"down": {"uv": [7.625, 12.5, 7.75, 12.625], "texture": "#1", "cullface": "down"}
			}
		},
		{
			"from": [6.9875, -2.1, 6.9875],
			"to": [7.9875, 0.9, 7.2625],
			"rotation": {"angle": 0, "axis": "y", "origin": [7.6375, -0.6, 7.625]},
			"faces": {
				"north": {"uv": [7.75, 11.625, 8.125, 12.75], "texture": "#1", "cullface": "down"},
				"east": {"uv": [8, 11.625, 8.125, 12.75], "texture": "#1", "cullface": "down"},
				"south": {"uv": [7.75, 11.625, 8.125, 12.75], "texture": "#1", "cullface": "down"},
				"west": {"uv": [7.75, 11.625, 8.125, 12.75], "texture": "#1", "cullface": "down"},
				"up": {"uv": [7.625, 11.625, 7.75, 11.75], "rotation": 270, "texture": "#1"},
				"down": {"uv": [7.625, 12.5, 7.75, 12.625], "rotation": 90, "texture": "#1", "cullface": "down"}
			}
		},
		{
			"from": [6.975, 0.9, 7.125],
			"to": [7.25, 1.775, 7.95],
			"faces": {
				"north": {"uv": [7.75, 11.625, 8.125, 12.125], "texture": "#1", "cullface": "down"},
				"east": {"uv": [7.75, 11.625, 8.125, 12.125], "texture": "#1", "cullface": "down"},
				"south": {"uv": [7.75, 11.625, 7.875, 12.125], "texture": "#1", "cullface": "down"},
				"west": {"uv": [7.75, 11.625, 8.125, 12.125], "texture": "#1", "cullface": "down"},
				"up": {"uv": [7.625, 11.625, 7.75, 11.75], "texture": "#1"},
				"down": {"uv": [7.625, 12.5, 7.75, 12.625], "texture": "#1", "cullface": "down"}
			}
		},
		{
			"from": [6.9875, 0.9, 6.9875],
			"to": [7.8375, 1.775, 7.2625],
			"rotation": {"angle": 0, "axis": "y", "origin": [7.6375, -0.6, 7.625]},
			"faces": {
				"north": {"uv": [7.75, 11.625, 8.125, 12.125], "texture": "#1", "cullface": "down"},
				"east": {"uv": [7.75, 11.625, 7.875, 12.125], "texture": "#1", "cullface": "down"},
				"south": {"uv": [7.75, 11.625, 8.125, 12.125], "texture": "#1", "cullface": "down"},
				"west": {"uv": [7.75, 11.625, 8.125, 12.125], "texture": "#1", "cullface": "down"},
				"up": {"uv": [7.625, 11.625, 7.75, 11.75], "rotation": 270, "texture": "#1"},
				"down": {"uv": [7.625, 12.5, 7.75, 12.625], "rotation": 90, "texture": "#1", "cullface": "down"}
			}
		},
		{
			"from": [8.0125, -2.1, 8.7375],
			"to": [9.0125, 0.9, 9.0125],
			"rotation": {"angle": 0, "axis": "y", "origin": [7.1125, -0.6, 8.625]},
			"faces": {
				"north": {"uv": [7.75, 11.625, 8.125, 12.75], "texture": "#1", "cullface": "down"},
				"east": {"uv": [7.75, 11.625, 8.125, 12.75], "texture": "#1", "cullface": "down"},
				"south": {"uv": [7.75, 11.625, 8.125, 12.75], "texture": "#1", "cullface": "down"},
				"west": {"uv": [8, 11.625, 8.125, 12.75], "texture": "#1", "cullface": "down"},
				"up": {"uv": [7.625, 11.625, 7.75, 11.75], "rotation": 270, "texture": "#1"},
				"down": {"uv": [7.625, 12.5, 7.75, 12.625], "rotation": 90, "texture": "#1", "cullface": "down"}
			}
		},
		{
			"from": [8.75, 0.9, 8.05],
			"to": [9.025, 1.775, 8.875],
			"faces": {
				"north": {"uv": [7.75, 11.625, 7.875, 12.125], "texture": "#1", "cullface": "down"},
				"east": {"uv": [7.75, 11.625, 8.125, 12.125], "texture": "#1", "cullface": "down"},
				"south": {"uv": [7.75, 11.625, 8.125, 12.125], "texture": "#1", "cullface": "down"},
				"west": {"uv": [7.75, 11.625, 8.125, 12.125], "texture": "#1", "cullface": "down"},
				"up": {"uv": [7.625, 11.625, 7.75, 11.75], "texture": "#1"},
				"down": {"uv": [7.625, 12.5, 7.75, 12.625], "texture": "#1", "cullface": "down"}
			}
		},
		{
			"from": [8.1875, 0.9, 8.7375],
			"to": [9.0125, 1.775, 9.0125],
			"rotation": {"angle": 0, "axis": "y", "origin": [7.1125, -0.6, 8.625]},
			"faces": {
				"north": {"uv": [7.75, 11.625, 8.125, 12.125], "texture": "#1", "cullface": "down"},
				"east": {"uv": [7.75, 11.625, 8.125, 12.125], "texture": "#1", "cullface": "down"},
				"south": {"uv": [7.75, 11.625, 8.125, 12.125], "texture": "#1", "cullface": "down"},
				"west": {"uv": [7.75, 11.625, 7.875, 12.125], "texture": "#1", "cullface": "down"},
				"up": {"uv": [7.625, 11.625, 7.75, 11.75], "rotation": 270, "texture": "#1"},
				"down": {"uv": [7.625, 12.5, 7.75, 12.625], "rotation": 90, "texture": "#1", "cullface": "down"}
			}
		},
		{
			"from": [6.975, 1.775, 7.125],
			"to": [7.25, 2.05, 7.825],
			"faces": {
				"north": {"uv": [7.75, 11.625, 8.125, 11.75], "texture": "#1", "cullface": "down"},
				"east": {"uv": [7.75, 11.625, 8.125, 11.75], "texture": "#1", "cullface": "down"},
				"south": {"uv": [8, 11.625, 8.125, 11.75], "texture": "#1", "cullface": "down"},
				"west": {"uv": [7.75, 11.625, 8.125, 11.75], "texture": "#1", "cullface": "down"},
				"up": {"uv": [7.625, 11.625, 7.75, 11.75], "texture": "#1"},
				"down": {"uv": [7.625, 12.5, 7.75, 12.625], "texture": "#1", "cullface": "down"}
			}
		},
		{
			"from": [6.9875, 1.775, 6.9875],
			"to": [7.7125, 2.05, 7.2625],
			"rotation": {"angle": 0, "axis": "y", "origin": [7.6375, -0.6, 7.625]},
			"faces": {
				"north": {"uv": [7.75, 11.625, 8.125, 11.75], "texture": "#1", "cullface": "down"},
				"east": {"uv": [8, 11.625, 8.125, 11.75], "texture": "#1", "cullface": "down"},
				"south": {"uv": [7.75, 11.625, 8.125, 11.75], "texture": "#1", "cullface": "down"},
				"west": {"uv": [7.75, 11.625, 8.125, 11.75], "texture": "#1", "cullface": "down"},
				"up": {"uv": [7.625, 11.625, 7.75, 11.75], "rotation": 270, "texture": "#1"},
				"down": {"uv": [7.625, 12.5, 7.75, 12.625], "rotation": 90, "texture": "#1", "cullface": "down"}
			}
		},
		{
			"from": [8.75, 1.775, 8.175],
			"to": [9.025, 2.05, 8.875],
			"faces": {
				"north": {"uv": [8, 11.625, 8.125, 11.75], "texture": "#1", "cullface": "down"},
				"east": {"uv": [7.75, 11.625, 8.125, 11.75], "texture": "#1", "cullface": "down"},
				"south": {"uv": [7.75, 11.625, 8.125, 11.75], "texture": "#1", "cullface": "down"},
				"west": {"uv": [7.75, 11.625, 8.125, 11.75], "texture": "#1", "cullface": "down"},
				"up": {"uv": [7.625, 11.625, 7.75, 11.75], "texture": "#1"},
				"down": {"uv": [7.625, 12.5, 7.75, 12.625], "texture": "#1", "cullface": "down"}
			}
		},
		{
			"from": [8.3125, 1.775, 8.7375],
			"to": [9.0125, 2.05, 9.0125],
			"rotation": {"angle": 0, "axis": "y", "origin": [7.1125, -0.6, 8.625]},
			"faces": {
				"north": {"uv": [7.75, 11.625, 8.125, 11.75], "texture": "#1", "cullface": "down"},
				"east": {"uv": [7.75, 11.625, 8.125, 11.75], "texture": "#1", "cullface": "down"},
				"south": {"uv": [7.75, 11.625, 8.125, 11.75], "texture": "#1", "cullface": "down"},
				"west": {"uv": [8, 11.625, 8.125, 11.75], "texture": "#1", "cullface": "down"},
				"up": {"uv": [7.625, 11.625, 7.75, 11.75], "rotation": 270, "texture": "#1"},
				"down": {"uv": [7.625, 12.5, 7.75, 12.625], "rotation": 90, "texture": "#1", "cullface": "down"}
			}
		},
		{
			"from": [8.75, -2.375, 8.175],
			"to": [9.025, -2.1, 8.875],
			"faces": {
				"north": {"uv": [8, 12.625, 8.125, 12.75], "texture": "#1", "cullface": "down"},
				"east": {"uv": [7.75, 12.625, 8.125, 12.75], "texture": "#1", "cullface": "down"},
				"south": {"uv": [7.75, 12.625, 8.125, 12.75], "texture": "#1", "cullface": "down"},
				"west": {"uv": [7.75, 12.625, 8.125, 12.75], "texture": "#1", "cullface": "down"},
				"up": {"uv": [7.625, 11.625, 7.75, 11.75], "texture": "#1"},
				"down": {"uv": [7.625, 12.5, 7.75, 12.625], "texture": "#1", "cullface": "down"}
			}
		},
		{
			"from": [8.3125, -2.375, 8.7375],
			"to": [9.0125, -2.1, 9.0125],
			"rotation": {"angle": 0, "axis": "y", "origin": [7.1125, -0.6, 8.625]},
			"faces": {
				"north": {"uv": [7.75, 12.625, 8.125, 12.75], "texture": "#1", "cullface": "down"},
				"east": {"uv": [7.75, 12.625, 8.125, 12.75], "texture": "#1", "cullface": "down"},
				"south": {"uv": [7.75, 12.625, 8.125, 12.75], "texture": "#1", "cullface": "down"},
				"west": {"uv": [8, 12.625, 8.125, 12.75], "texture": "#1", "cullface": "down"},
				"up": {"uv": [7.625, 11.625, 7.75, 11.75], "rotation": 270, "texture": "#1"},
				"down": {"uv": [7.625, 12.5, 7.75, 12.625], "rotation": 90, "texture": "#1", "cullface": "down"}
			}
		},
		{
			"from": [6.9875, -2.375, 6.9875],
			"to": [7.7125, -2.1, 7.2625],
			"rotation": {"angle": 0, "axis": "y", "origin": [7.6375, -0.6, 7.625]},
			"faces": {
				"north": {"uv": [7.75, 12.625, 8.125, 12.75], "texture": "#1", "cullface": "down"},
				"east": {"uv": [8, 12.625, 8.125, 12.75], "texture": "#1", "cullface": "down"},
				"south": {"uv": [7.75, 12.625, 8.125, 12.75], "texture": "#1", "cullface": "down"},
				"west": {"uv": [7.75, 12.625, 8.125, 12.75], "texture": "#1", "cullface": "down"},
				"up": {"uv": [7.625, 11.625, 7.75, 11.75], "rotation": 270, "texture": "#1"},
				"down": {"uv": [7.625, 12.5, 7.75, 12.625], "rotation": 90, "texture": "#1", "cullface": "down"}
			}
		},
		{
			"from": [6.975, -2.375, 7.125],
			"to": [7.25, -2.1, 7.825],
			"faces": {
				"north": {"uv": [7.75, 12.625, 8.125, 12.75], "texture": "#1", "cullface": "down"},
				"east": {"uv": [7.75, 12.625, 8.125, 12.75], "texture": "#1", "cullface": "down"},
				"south": {"uv": [8, 12.625, 8.125, 12.75], "texture": "#1", "cullface": "down"},
				"west": {"uv": [7.75, 12.625, 8.125, 12.75], "texture": "#1", "cullface": "down"},
				"up": {"uv": [7.625, 11.625, 7.75, 11.75], "texture": "#1"},
				"down": {"uv": [7.625, 12.5, 7.75, 12.625], "texture": "#1", "cullface": "down"}
			}
		},
		{
			"from": [7.5, -8, 7],
			"to": [8.5, -5, 9],
			"faces": {
				"north": {"uv": [7.75, 11.625, 8.125, 12.625], "texture": "#1", "cullface": "down"},
				"east": {"uv": [7.75, 11.625, 8.125, 12.625], "texture": "#1", "cullface": "down"},
				"south": {"uv": [7.75, 11.625, 8.125, 12.625], "texture": "#1", "cullface": "down"},
				"west": {"uv": [7.75, 11.625, 8.125, 12.625], "texture": "#1", "cullface": "down"},
				"up": {"uv": [7.625, 11.625, 7.75, 11.75], "texture": "#1"},
				"down": {"uv": [7.625, 12.5, 7.75, 12.625], "texture": "#1", "cullface": "down"}
			}
		},
		{
			"from": [7.5, -4, 7],
			"to": [8.5, -3.5, 9],
			"faces": {
				"north": {"uv": [7.75, 11.25, 8.125, 11.375], "texture": "#1", "cullface": "down"},
				"east": {"uv": [7.625, 11.25, 8.25, 11.375], "texture": "#1", "cullface": "down"},
				"south": {"uv": [7.625, 11.25, 8.25, 11.375], "texture": "#1", "cullface": "down"},
				"west": {"uv": [7.625, 11.25, 8.25, 11.375], "texture": "#1", "cullface": "down"},
				"up": {"uv": [0, 0, 0, 0], "texture": "#1"},
				"down": {"uv": [7.625, 11.25, 8.25, 11.375], "texture": "#1"}
			}
		},
		{
			"from": [7, -4, 7.5],
			"to": [9, -3.5, 8.5],
			"faces": {
				"north": {"uv": [7.625, 11.25, 8.25, 11.375], "texture": "#1", "cullface": "down"},
				"east": {"uv": [7.75, 11.25, 8.125, 11.375], "texture": "#1", "cullface": "down"},
				"south": {"uv": [7.625, 11.25, 8.25, 11.375], "texture": "#1", "cullface": "down"},
				"west": {"uv": [7.625, 11.25, 8.25, 11.375], "texture": "#1", "cullface": "down"},
				"up": {"uv": [7.625, 11.25, 8.25, 11.375], "texture": "#1"},
				"down": {"uv": [7.625, 11.25, 8.25, 11.375], "texture": "#1"}
			}
		},
		{
			"from": [7, -3.5, 7],
			"to": [9, -2.8, 9],
			"faces": {
				"north": {"uv": [7.625, 10.75, 8.25, 11.375], "texture": "#1", "cullface": "down"},
				"east": {"uv": [7.625, 10.75, 8.25, 11.375], "texture": "#1", "cullface": "down"},
				"south": {"uv": [7.625, 10.75, 8.25, 11.375], "texture": "#1", "cullface": "down"},
				"west": {"uv": [7.625, 10.75, 8.25, 11.375], "texture": "#1", "cullface": "down"},
				"up": {"uv": [7.625, 10.75, 8.25, 11.375], "texture": "#1", "cullface": "down"},
				"down": {"uv": [7.625, 10.75, 8.25, 11.375], "texture": "#1", "cullface": "down"}
			}
		},
		{
			"from": [7.125, -2.8, 7.125],
			"to": [8.875, -2.1, 8.875],
			"faces": {
				"north": {"uv": [7.625, 10.75, 8.25, 11.375], "texture": "#1", "cullface": "down"},
				"east": {"uv": [7.625, 10.75, 8.25, 11.375], "texture": "#1", "cullface": "down"},
				"south": {"uv": [7.625, 10.75, 8.25, 11.375], "texture": "#1", "cullface": "down"},
				"west": {"uv": [7.625, 10.75, 8.25, 11.375], "texture": "#1", "cullface": "down"},
				"up": {"uv": [7.625, 10.75, 8.25, 11.375], "texture": "#1", "cullface": "down"},
				"down": {"uv": [7.625, 10.75, 8.25, 11.375], "texture": "#1", "cullface": "down"}
			}
		},
		{
			"from": [7.25, -2.1, 7.275],
			"to": [8.75, -1.4, 8.725],
			"faces": {
				"north": {"uv": [7.625, 10.75, 8.25, 11.375], "texture": "#1", "cullface": "down"},
				"east": {"uv": [7.625, 10.75, 8.25, 11.375], "texture": "#1", "cullface": "down"},
				"south": {"uv": [7.625, 10.75, 8.25, 11.375], "texture": "#1", "cullface": "down"},
				"west": {"uv": [7.625, 10.75, 8.25, 11.375], "texture": "#1", "cullface": "down"},
				"up": {"uv": [7.625, 10.75, 8.25, 11.375], "texture": "#1", "cullface": "down"},
				"down": {"uv": [7.625, 10.75, 8.25, 11.375], "texture": "#1", "cullface": "down"}
			}
		},
		{
			"from": [7.5, -2, 7.5],
			"to": [8.5, 27.5, 8.5],
			"shade": false,
			"faces": {
				"north": {"uv": [7.875, 1.125, 8.125, 10.375], "texture": "#1"},
				"east": {"uv": [8.125, 1.125, 7.875, 10.375], "texture": "#1"},
				"south": {"uv": [7.875, 1.125, 8.125, 10.375], "texture": "#1"},
				"west": {"uv": [8.125, 1.125, 7.875, 10.375], "texture": "#1"},
				"up": {"uv": [7.875, 1.125, 8, 1.25], "texture": "#1"},
				"down": {"uv": [0, 0, 0, 0], "texture": "#1"}
			}
		},
		{
			"from": [7.6, 27, 7.6],
			"to": [8.425, 27.7, 8.4],
			"shade": false,
			"faces": {
				"north": {"uv": [7.875, 1.125, 8, 1.25], "texture": "#1"},
				"east": {"uv": [8, 1.125, 7.875, 1.25], "texture": "#1"},
				"south": {"uv": [7.875, 1.125, 8, 1.25], "texture": "#1"},
				"west": {"uv": [8, 1.125, 7.875, 1.25], "texture": "#1"},
				"up": {"uv": [7.875, 1.25, 8, 1.125], "texture": "#1"},
				"down": {"uv": [0, 0, 0, 0], "texture": "#1"}
			}
		},
		{
			"from": [6.825, 0.075, 8],
			"to": [9.175, 28.2, 8],
			"rotation": {"angle": -45, "axis": "y", "origin": [8, 14.1375, 8]},
			"faces": {
				"north": {"uv": [2.625, 1.125, 3.225, 10.375], "texture": "#0"},
				"east": {"uv": [0, 0, 0, 16], "texture": "#0"},
				"south": {"uv": [2.625, 1.125, 3.225, 10.375], "texture": "#0"},
				"west": {"uv": [0, 0, 0, 16], "texture": "#0"},
				"up": {"uv": [0, 0, 2.35, 0], "rotation": 180, "texture": "#0"},
				"down": {"uv": [0, 0, 2.35, 0], "rotation": 180, "texture": "#0"}
			}
		},
		{
			"from": [8.25, -2.5, 7.375],
			"to": [8.625, 0.275, 7.75],
			"faces": {
				"north": {"uv": [7.625, 10.75, 7.75, 11.375], "texture": "#1", "cullface": "down"},
				"east": {"uv": [7.625, 10.75, 7.75, 11.375], "texture": "#1", "cullface": "down"},
				"south": {"uv": [7.625, 10.75, 7.75, 11.375], "texture": "#1", "cullface": "down"},
				"west": {"uv": [7.625, 10.75, 7.75, 11.375], "texture": "#1", "cullface": "down"},
				"up": {"uv": [7.625, 10.75, 7.75, 11.375], "texture": "#1", "cullface": "down"},
				"down": {"uv": [7.625, 10.75, 7.75, 11.375], "texture": "#1", "cullface": "down"}
			}
		},
		{
			"from": [7.8125, -2.5, 7.3625],
			"to": [8.1625, 0.05, 8.6375],
			"rotation": {"angle": 0, "axis": "y", "origin": [7.9875, -1.225, 8]},
			"faces": {
				"north": {"uv": [7.75, 12.75, 7.875, 12.875], "texture": "#1", "cullface": "down"},
				"east": {"uv": [7.75, 12.75, 7.875, 12.875], "texture": "#1", "cullface": "down"},
				"south": {"uv": [8, 12.75, 8.125, 12.875], "texture": "#1", "cullface": "down"},
				"west": {"uv": [7.75, 12.75, 7.875, 12.875], "texture": "#1", "cullface": "down"},
				"up": {"uv": [7.75, 12.75, 7.875, 12.875], "rotation": 270, "texture": "#1", "cullface": "down"},
				"down": {"uv": [8, 12.75, 8.125, 12.875], "rotation": 90, "texture": "#1", "cullface": "down"}
			}
		},
		{
			"from": [7.375, -2.5, 7.375],
			"to": [7.75, -0.475, 7.75],
			"faces": {
				"north": {"uv": [7.75, 10.625, 7.875, 11.375], "texture": "#1", "cullface": "down"},
				"east": {"uv": [7.75, 10.625, 7.875, 11.375], "texture": "#1", "cullface": "down"},
				"south": {"uv": [7.75, 10.625, 7.875, 11.375], "texture": "#1", "cullface": "down"},
				"west": {"uv": [7.75, 10.625, 7.875, 11.375], "texture": "#1", "cullface": "down"},
				"up": {"uv": [7.75, 10.625, 7.875, 11.375], "texture": "#1", "cullface": "down"},
				"down": {"uv": [7.75, 10.625, 7.875, 11.375], "texture": "#1", "cullface": "down"}
			}
		},
		{
			"from": [7.35, -2.5, 7.825],
			"to": [8.625, 0.05, 8.175],
			"faces": {
				"north": {"uv": [7.75, 12.75, 7.875, 12.875], "texture": "#1", "cullface": "down"},
				"east": {"uv": [7.75, 12.75, 7.875, 12.875], "texture": "#1", "cullface": "down"},
				"south": {"uv": [8, 12.75, 8.125, 12.875], "texture": "#1", "cullface": "down"},
				"west": {"uv": [7.75, 12.75, 7.875, 12.875], "texture": "#1", "cullface": "down"},
				"up": {"uv": [7.75, 12.75, 7.875, 12.875], "texture": "#1", "cullface": "down"},
				"down": {"uv": [8, 12.75, 8.125, 12.875], "texture": "#1", "cullface": "down"}
			}
		},
		{
			"from": [7.35, -2.5, 8.25],
			"to": [7.725, 0.275, 8.625],
			"faces": {
				"north": {"uv": [7.625, 10.75, 7.75, 11.375], "texture": "#1", "cullface": "down"},
				"east": {"uv": [7.625, 10.75, 7.75, 11.375], "texture": "#1", "cullface": "down"},
				"south": {"uv": [7.625, 10.75, 7.75, 11.375], "texture": "#1", "cullface": "down"},
				"west": {"uv": [7.625, 10.75, 7.75, 11.375], "texture": "#1", "cullface": "down"},
				"up": {"uv": [7.625, 10.75, 7.75, 11.375], "texture": "#1", "cullface": "down"},
				"down": {"uv": [7.625, 10.75, 7.75, 11.375], "texture": "#1", "cullface": "down"}
			}
		},
		{
			"from": [8.25, -2.5, 8.25],
			"to": [8.625, -0.475, 8.625],
			"faces": {
				"north": {"uv": [7.75, 10.625, 7.875, 11.375], "texture": "#1", "cullface": "down"},
				"east": {"uv": [7.75, 10.625, 7.875, 11.375], "texture": "#1", "cullface": "down"},
				"south": {"uv": [7.75, 10.625, 7.875, 11.375], "texture": "#1", "cullface": "down"},
				"west": {"uv": [7.75, 10.625, 7.875, 11.375], "texture": "#1", "cullface": "down"},
				"up": {"uv": [7.75, 10.625, 7.875, 11.375], "texture": "#1", "cullface": "down"},
				"down": {"uv": [7.75, 10.625, 7.875, 11.375], "texture": "#1", "cullface": "down"}
			}
		}
	],
	"display": {
		"thirdperson_righthand": {
			"rotation": [0, -45, 0],
			"translation": [0, 12.5, 0]
		},
		"thirdperson_lefthand": {
			"rotation": [0, 45, 0],
			"translation": [0, 12.5, 0]
		},
		"firstperson_righthand": {
			"rotation": [-11, 0, 0],
			"translation": [0, 7.75, 0.25],
			"scale": [0.5, 0.5, 0.5]
		},
		"firstperson_lefthand": {
			"rotation": [-11, 90, 0],
			"translation": [0, 7.75, 0.25],
			"scale": [0.5, 0.5, 0.5]
		},
		"ground": {
			"translation": [0, 20.5, 0]
		},
		"gui": {
			"rotation": [0, 0, -45],
			"scale": [0.5, 0.5, 0.5]
		},
		"fixed": {
			"rotation": [0, 0, 45],
			"scale": [0.5, 0.5, 0.5]
		}
	}
}