{
	"credit": "Made with Blockbench",
	"texture_size": [32, 32],
	"textures": {
		"1": "item/lightsabers/red_saber_unstable",
		"2": "item/lightsabers/red_saber_beam",
		"3": "item/lightsabers/kyloren",
		"particle": "item/lightsabers/kyloren"
	},
	"elements": [
		{
			"name": "blade",
			"from": [7.825, 0.45, 7.825],
			"to": [8.175, 9.525, 8.175],
			"rotation": {"angle": 0, "axis": "y", "origin": [8, 8, 8]},
			"faces": {
				"north": {"uv": [7.875, 1.125, 8.125, 8.875], "texture": "#1"},
				"east": {"uv": [7.75, 1.125, 8, 8.875], "texture": "#1"},
				"south": {"uv": [7.875, 1.125, 8.125, 8.875], "texture": "#1"},
				"west": {"uv": [7.75, 1.125, 8, 8.875], "texture": "#1"},
				"up": {"uv": [3, 1.5, 2.875, 1.375], "texture": "#1"},
				"down": {"uv": [2.125, 6.5, 2, 6.625], "texture": "#1"}
			}
		},
		{
			"name": "blade",
			"from": [7.875, -2.75, 7.875],
			"to": [8.125, 0.25, 8.125],
			"rotation": {"angle": 0, "axis": "y", "origin": [8, 7.8, 8]},
			"faces": {
				"north": {"uv": [0, 0, 0.125, 1.5], "texture": "#3"},
				"east": {"uv": [0.5, 0, 0.625, 1.5], "texture": "#3"},
				"south": {"uv": [1, 0, 1.125, 1.5], "texture": "#3"},
				"west": {"uv": [0, 1.5, 0.125, 3], "texture": "#3"},
				"up": {"uv": [8.625, 1.625, 8.5, 1.5], "texture": "#3"},
				"down": {"uv": [2.125, 8.5, 2, 8.625], "texture": "#3"}
			}
		},
		{
			"from": [7.8, 0.25, 7.8],
			"to": [8.2, 0.45, 8.2],
			"faces": {
				"north": {"uv": [7, 7, 7.1875, 7.125], "texture": "#3"},
				"east": {"uv": [0, 7.5, 0.1875, 7.625], "texture": "#3"},
				"south": {"uv": [7.5, 0, 7.6875, 0.125], "texture": "#3"},
				"west": {"uv": [0.5, 7.5, 0.6875, 7.625], "texture": "#3"},
				"up": {"uv": [0.1875, 6.1875, 0, 6], "texture": "#3"},
				"down": {"uv": [6.1875, 0, 6, 0.1875], "texture": "#3"}
			}
		},
		{
			"from": [7.65, 0.25, 7.9],
			"to": [8.35, 0.35, 8.1],
			"rotation": {"angle": 45, "axis": "y", "origin": [8, 0.35, 8]},
			"faces": {
				"north": {"uv": [7.5, 0.5, 7.875, 0.5625], "texture": "#3"},
				"east": {"uv": [4.5, 9, 4.625, 9.0625], "texture": "#3"},
				"south": {"uv": [1, 7.5, 1.375, 7.5625], "texture": "#3"},
				"west": {"uv": [9, 4.5, 9.125, 4.5625], "texture": "#3"},
				"up": {"uv": [5.375, 1.125, 5, 1], "texture": "#3"},
				"down": {"uv": [1.875, 5, 1.5, 5.125], "texture": "#3"}
			}
		},
		{
			"from": [7.625, -0.175, 7.9],
			"to": [8.375, 0.25, 8.1],
			"rotation": {"angle": 45, "axis": "y", "origin": [8, 0.35, 8]},
			"faces": {
				"north": {"uv": [1.5, 3.5, 1.875, 3.6875], "texture": "#3"},
				"east": {"uv": [7.5, 1.5, 7.625, 1.6875], "texture": "#3"},
				"south": {"uv": [3.5, 1.5, 3.875, 1.6875], "texture": "#3"},
				"west": {"uv": [2, 7.5, 2.125, 7.6875], "texture": "#3"},
				"up": {"uv": [5.375, 1.625, 5, 1.5], "texture": "#3"},
				"down": {"uv": [2.375, 5, 2, 5.125], "texture": "#3"}
			}
		},
		{
			"from": [7.85, -0.05, 7.175],
			"to": [8.15, 0.25, 8.825],
			"rotation": {"angle": 45, "axis": "y", "origin": [8, 0.15, 8]},
			"faces": {
				"north": {"uv": [8.5, 2, 8.625, 2.125], "texture": "#3"},
				"east": {"uv": [3, 2.5, 3.8125, 2.625], "texture": "#3"},
				"south": {"uv": [2.5, 8.5, 2.625, 8.625], "texture": "#3"},
				"west": {"uv": [3, 3, 3.8125, 3.125], "texture": "#3"},
				"up": {"uv": [3.625, 0.8125, 3.5, 0], "texture": "#3"},
				"down": {"uv": [0.625, 3.5, 0.5, 4.3125], "texture": "#3"}
			}
		},
		{
			"from": [7.925, -0.025, 6.275],
			"to": [8.075, 0.225, 9.7],
			"rotation": {"angle": 45, "axis": "y", "origin": [8, 0.15, 8]},
			"faces": {
				"north": {"uv": [8, 2.75, 8.125, 2.875], "rotation": 270, "texture": "#1"},
				"east": {"uv": [8.125, 4.125, 8, 3.875], "texture": "#1"},
				"south": {"uv": [8, 2, 8.125, 2.125], "rotation": 90, "texture": "#1"},
				"west": {"uv": [8.125, 6.625, 8, 6.875], "rotation": 180, "texture": "#1"},
				"up": {"uv": [8, 5.625, 8.125, 5.75], "rotation": 90, "texture": "#1"},
				"down": {"uv": [8.125, 4.875, 8, 5.375], "rotation": 90, "texture": "#1"}
			}
		},
		{
			"from": [7.875, 0.025, 6.275],
			"to": [8.125, 0.175, 9.7],
			"rotation": {"angle": 45, "axis": "y", "origin": [8, 0.15, 8]},
			"faces": {
				"north": {"uv": [8, 2.75, 8.125, 2.875], "rotation": 270, "texture": "#1"},
				"east": {"uv": [7.875, 15.625, 13.75, 15.75], "rotation": 180, "texture": "#1"},
				"south": {"uv": [8, 2, 8.125, 2.125], "rotation": 90, "texture": "#1"},
				"west": {"uv": [7.875, 15.625, 13.75, 15.75], "rotation": 180, "texture": "#1"},
				"up": {"uv": [8, 5.625, 8.125, 5.75], "rotation": 90, "texture": "#1"},
				"down": {"uv": [8, 4.875, 8.125, 5], "rotation": 90, "texture": "#1"}
			}
		},
		{
			"from": [7.9, 0.05, 5.975],
			"to": [8.1, 0.15, 10],
			"rotation": {"angle": 45, "axis": "y", "origin": [8, 0.15, 8]},
			"faces": {
				"north": {"uv": [8, 2.75, 8.125, 2.875], "rotation": 270, "texture": "#1"},
				"east": {"uv": [7.875, 15.625, 13.75, 15.75], "rotation": 180, "texture": "#1"},
				"south": {"uv": [8, 2, 8.125, 2.125], "rotation": 90, "texture": "#1"},
				"west": {"uv": [13.75, 15.625, 7.875, 15.75], "rotation": 180, "texture": "#1"},
				"up": {"uv": [8, 5.625, 8.125, 5.75], "rotation": 90, "texture": "#1"},
				"down": {"uv": [8, 4.875, 8.125, 5], "rotation": 90, "texture": "#1"}
			}
		},
		{
			"from": [7.95, 0, 5.975],
			"to": [8.05, 0.2, 10],
			"rotation": {"angle": 45, "axis": "y", "origin": [8, 0.15, 8]},
			"faces": {
				"north": {"uv": [8, 2.75, 8.125, 2.875], "rotation": 270, "texture": "#1"},
				"east": {"uv": [8.125, 4.125, 8, 3.875], "texture": "#1"},
				"south": {"uv": [8, 2, 8.125, 2.625], "rotation": 90, "texture": "#1"},
				"west": {"uv": [8.125, 6.625, 8, 6.875], "rotation": 180, "texture": "#1"},
				"up": {"uv": [8, 5.625, 8.125, 5.75], "rotation": 90, "texture": "#1"},
				"down": {"uv": [8, 4.875, 8.125, 5], "rotation": 90, "texture": "#1"}
			}
		},
		{
			"from": [7.95, 0.05, 5.825],
			"to": [8.05, 0.15, 10.15],
			"rotation": {"angle": 45, "axis": "y", "origin": [8, 0.15, 8]},
			"faces": {
				"north": {"uv": [8, 2.75, 8.125, 2.875], "rotation": 270, "texture": "#1"},
				"east": {"uv": [8.125, 4.125, 8, 3.875], "texture": "#1"},
				"south": {"uv": [7.75, 2, 7.875, 2.375], "rotation": 90, "texture": "#1"},
				"west": {"uv": [8.125, 6.625, 8, 6.875], "rotation": 180, "texture": "#1"},
				"up": {"uv": [8, 5.625, 8.125, 5.75], "rotation": 90, "texture": "#1"},
				"down": {"uv": [8, 4.875, 8.125, 5], "rotation": 90, "texture": "#1"}
			}
		},
		{
			"from": [7.825, 0.125, 7.65],
			"to": [8.175, 0.275, 8.35],
			"rotation": {"angle": 45, "axis": "y", "origin": [8, 0.15, 8]},
			"faces": {
				"north": {"uv": [8.5, 4.5, 8.6875, 4.5625], "texture": "#3"},
				"east": {"uv": [7.5, 1, 7.875, 1.0625], "texture": "#3"},
				"south": {"uv": [5, 8.5, 5.1875, 8.5625], "texture": "#3"},
				"west": {"uv": [1.5, 7.5, 1.875, 7.5625], "texture": "#3"},
				"up": {"uv": [1.1875, 3.875, 1, 3.5], "texture": "#3"},
				"down": {"uv": [3.6875, 1, 3.5, 1.375], "texture": "#3"}
			}
		},
		{
			"from": [7.825, -0.075, 7.125],
			"to": [8.175, -0.025, 8.875],
			"rotation": {"angle": 45, "axis": "y", "origin": [8, 0.15, 8]},
			"faces": {
				"north": {"uv": [8.5, 5, 8.6875, 5.0625], "texture": "#3"},
				"east": {"uv": [2.5, 3.5, 3.375, 3.5625], "texture": "#3"},
				"south": {"uv": [5.5, 8.5, 5.6875, 8.5625], "texture": "#3"},
				"west": {"uv": [3.5, 3.5, 4.375, 3.5625], "texture": "#3"},
				"up": {"uv": [1.6875, 0.875, 1.5, 0], "texture": "#3"},
				"down": {"uv": [0.6875, 1.5, 0.5, 2.375], "texture": "#3"}
			}
		},
		{
			"from": [7.825, -0.025, 7.15],
			"to": [7.875, 0.025, 8.85],
			"rotation": {"angle": 45, "axis": "y", "origin": [8, 0.15, 8]},
			"faces": {
				"north": {"uv": [9, 9, 9.0625, 9.0625], "texture": "#3"},
				"east": {"uv": [4, 0, 4.875, 0.0625], "texture": "#3"},
				"south": {"uv": [0, 9.5, 0.0625, 9.5625], "texture": "#3"},
				"west": {"uv": [4, 0.5, 4.875, 0.5625], "texture": "#3"},
				"up": {"uv": [0.0625, 4.875, 0, 4], "texture": "#3"},
				"down": {"uv": [1.0625, 4, 1, 4.875], "texture": "#3"}
			}
		},
		{
			"from": [8.125, -0.025, 7.15],
			"to": [8.175, 0.025, 8.85],
			"rotation": {"angle": 45, "axis": "y", "origin": [8, 0.15, 8]},
			"faces": {
				"north": {"uv": [9.5, 0, 9.5625, 0.0625], "texture": "#3"},
				"east": {"uv": [4, 1, 4.875, 1.0625], "texture": "#3"},
				"south": {"uv": [0.5, 9.5, 0.5625, 9.5625], "texture": "#3"},
				"west": {"uv": [1.5, 4, 2.375, 4.0625], "texture": "#3"},
				"up": {"uv": [4.0625, 2.375, 4, 1.5], "texture": "#3"},
				"down": {"uv": [2.5625, 4, 2.5, 4.875], "texture": "#3"}
			}
		},
		{
			"from": [7.825, 0.025, 7.175],
			"to": [7.875, 0.075, 8.825],
			"rotation": {"angle": 45, "axis": "y", "origin": [8, 0.15, 8]},
			"faces": {
				"north": {"uv": [9.5, 1, 9.5625, 1.0625], "texture": "#3"},
				"east": {"uv": [4, 3, 4.8125, 3.0625], "texture": "#3"},
				"south": {"uv": [1.5, 9.5, 1.5625, 9.5625], "texture": "#3"},
				"west": {"uv": [1.5, 4.5, 2.3125, 4.5625], "texture": "#3"},
				"up": {"uv": [4.5625, 2.3125, 4.5, 1.5], "texture": "#3"},
				"down": {"uv": [3.0625, 4.5, 3, 5.3125], "texture": "#3"}
			}
		},
		{
			"from": [8.125, 0.025, 7.175],
			"to": [8.175, 0.075, 8.825],
			"rotation": {"angle": 45, "axis": "y", "origin": [8, 0.15, 8]},
			"faces": {
				"north": {"uv": [9.5, 0.5, 9.5625, 0.5625], "texture": "#3"},
				"east": {"uv": [4, 2.5, 4.8125, 2.5625], "texture": "#3"},
				"south": {"uv": [1, 9.5, 1.0625, 9.5625], "texture": "#3"},
				"west": {"uv": [3, 4, 3.8125, 4.0625], "texture": "#3"},
				"up": {"uv": [4.0625, 4.8125, 4, 4], "texture": "#3"},
				"down": {"uv": [0.5625, 4.5, 0.5, 5.3125], "texture": "#3"}
			}
		},
		{
			"from": [7.825, 0.075, 7.2],
			"to": [7.875, 0.125, 8.8],
			"rotation": {"angle": 45, "axis": "y", "origin": [8, 0.15, 8]},
			"faces": {
				"north": {"uv": [9.5, 2, 9.5625, 2.0625], "texture": "#3"},
				"east": {"uv": [5, 0, 5.8125, 0.0625], "texture": "#3"},
				"south": {"uv": [2.5, 9.5, 2.5625, 9.5625], "texture": "#3"},
				"west": {"uv": [5, 0.5, 5.8125, 0.5625], "texture": "#3"},
				"up": {"uv": [0.0625, 5.8125, 0, 5], "texture": "#3"},
				"down": {"uv": [1.0625, 5, 1, 5.8125], "texture": "#3"}
			}
		},
		{
			"from": [8.125, 0.075, 7.2],
			"to": [8.175, 0.125, 8.8],
			"rotation": {"angle": 45, "axis": "y", "origin": [8, 0.15, 8]},
			"faces": {
				"north": {"uv": [9.5, 1.5, 9.5625, 1.5625], "texture": "#3"},
				"east": {"uv": [4.5, 3.5, 5.3125, 3.5625], "texture": "#3"},
				"south": {"uv": [2, 9.5, 2.0625, 9.5625], "texture": "#3"},
				"west": {"uv": [4.5, 4, 5.3125, 4.0625], "texture": "#3"},
				"up": {"uv": [3.5625, 5.3125, 3.5, 4.5], "texture": "#3"},
				"down": {"uv": [4.5625, 4.5, 4.5, 5.3125], "texture": "#3"}
			}
		},
		{
			"from": [7.7, 0.35, 7.9],
			"to": [8.3, 0.4, 8.1],
			"rotation": {"angle": 45, "axis": "y", "origin": [8, 0.35, 8]},
			"faces": {
				"north": {"uv": [6, 8, 6.3125, 8.0625], "texture": "#3"},
				"east": {"uv": [4, 9, 4.125, 9.0625], "texture": "#3"},
				"south": {"uv": [8, 6, 8.3125, 6.0625], "texture": "#3"},
				"west": {"uv": [9, 4, 9.125, 4.0625], "texture": "#3"},
				"up": {"uv": [5.3125, 2.125, 5, 2], "texture": "#3"},
				"down": {"uv": [2.8125, 5, 2.5, 5.125], "texture": "#3"}
			}
		},
		{
			"from": [7.8, -2.475, 7.8],
			"to": [8.2, -0.8, 8.2],
			"rotation": {"angle": 0, "axis": "y", "origin": [7.83125, -2.29375, 8.16875]},
			"faces": {
				"north": {"uv": [1.5, 1.5, 1.6875, 2.3125], "texture": "#3"},
				"east": {"uv": [2, 0, 2.1875, 0.8125], "texture": "#3"},
				"south": {"uv": [1, 2, 1.1875, 2.8125], "texture": "#3"},
				"west": {"uv": [2, 1, 2.1875, 1.8125], "texture": "#3"},
				"up": {"uv": [6.1875, 0.6875, 6, 0.5], "texture": "#3"},
				"down": {"uv": [1.1875, 6, 1, 6.1875], "texture": "#3"}
			}
		},
		{
			"from": [7.825, -0.8, 7.825],
			"to": [8.175, -0.75, 8.175],
			"faces": {
				"north": {"uv": [8.5, 5.5, 8.6875, 5.5625], "texture": "#3"},
				"east": {"uv": [6, 8.5, 6.1875, 8.5625], "texture": "#3"},
				"south": {"uv": [8.5, 6, 8.6875, 6.0625], "texture": "#3"},
				"west": {"uv": [6.5, 8.5, 6.6875, 8.5625], "texture": "#3"},
				"up": {"uv": [6.1875, 1.1875, 6, 1], "texture": "#3"},
				"down": {"uv": [6.1875, 1.5, 6, 1.6875], "texture": "#3"}
			}
		},
		{
			"from": [7.825, -2.525, 7.825],
			"to": [8.175, -2.275, 8.175],
			"faces": {
				"north": {"uv": [7.5, 2, 7.6875, 2.125], "texture": "#3"},
				"east": {"uv": [2.5, 7.5, 2.6875, 7.625], "texture": "#3"},
				"south": {"uv": [7.5, 2.5, 7.6875, 2.625], "texture": "#3"},
				"west": {"uv": [3, 7.5, 3.1875, 7.625], "texture": "#3"},
				"up": {"uv": [6.1875, 2.1875, 6, 2], "texture": "#3"},
				"down": {"uv": [6.1875, 2.5, 6, 2.6875], "texture": "#3"}
			}
		},
		{
			"from": [7.8, -3.875, 7.8],
			"to": [8.2, -3.85, 8.2],
			"rotation": {"angle": 0, "axis": "y", "origin": [0, -0.2, 0]},
			"faces": {
				"north": {"uv": [8.5, 6.5, 8.6875, 6.5625], "texture": "#3"},
				"east": {"uv": [7, 8.5, 7.1875, 8.5625], "texture": "#3"},
				"south": {"uv": [8.5, 7, 8.6875, 7.0625], "texture": "#3"},
				"west": {"uv": [7.5, 8.5, 7.6875, 8.5625], "texture": "#3"},
				"up": {"uv": [6.1875, 4.6875, 6, 4.5], "texture": "#3"},
				"down": {"uv": [6.1875, 5, 6, 5.1875], "texture": "#3"}
			}
		},
		{
			"from": [7.825, -3.9, 7.825],
			"to": [8.175, -3.875, 8.175],
			"rotation": {"angle": 0, "axis": "y", "origin": [0, -0.2, 0]},
			"faces": {
				"north": {"uv": [8.5, 7.5, 8.6875, 7.5625], "texture": "#3"},
				"east": {"uv": [8, 8.5, 8.1875, 8.5625], "texture": "#3"},
				"south": {"uv": [8.5, 8, 8.6875, 8.0625], "texture": "#3"},
				"west": {"uv": [8.5, 8.5, 8.6875, 8.5625], "texture": "#3"},
				"up": {"uv": [5.6875, 6.1875, 5.5, 6], "texture": "#3"},
				"down": {"uv": [6.1875, 5.5, 6, 5.6875], "texture": "#3"}
			}
		},
		{
			"from": [7.775, -0.75, 7.775],
			"to": [8.225, 0.25, 8.225],
			"faces": {
				"north": {"uv": [1, 3, 1.25, 3.5], "texture": "#3"},
				"east": {"uv": [3, 1, 3.25, 1.5], "texture": "#3"},
				"south": {"uv": [3, 1.5, 3.25, 2], "texture": "#3"},
				"west": {"uv": [3, 2, 3.25, 2.5], "texture": "#3"},
				"up": {"uv": [2.25, 3.75, 2, 3.5], "texture": "#3"},
				"down": {"uv": [3.75, 2, 3.5, 2.25], "texture": "#3"}
			}
		},
		{
			"from": [7.775, -3.85, 7.85],
			"to": [8.15, -2.525, 8.225],
			"rotation": {"angle": 0, "axis": "y", "origin": [0, -0.2, 0]},
			"faces": {
				"north": {"uv": [0.5, 2.5, 0.6875, 3.1875], "texture": "#3"},
				"east": {"uv": [2.5, 0.5, 2.6875, 1.1875], "texture": "#3"},
				"south": {"uv": [1.5, 2.5, 1.6875, 3.1875], "texture": "#3"},
				"west": {"uv": [2.5, 1.5, 2.6875, 2.1875], "texture": "#3"},
				"up": {"uv": [6.1875, 3.1875, 6, 3], "texture": "#3"},
				"down": {"uv": [6.1875, 3.5, 6, 3.6875], "texture": "#3"}
			}
		},
		{
			"from": [7.95, -3.85, 8.225],
			"to": [8.025, -2.55, 8.25],
			"rotation": {"angle": 0, "axis": "y", "origin": [7.83125, -2.49375, 8.16875]},
			"faces": {
				"north": {"uv": [5, 2.5, 5.0625, 3.125], "texture": "#3"},
				"east": {"uv": [4, 5, 4.0625, 5.625], "texture": "#3"},
				"south": {"uv": [5, 4.5, 5.0625, 5.125], "texture": "#3"},
				"west": {"uv": [0.5, 5.5, 0.5625, 6.125], "texture": "#3"},
				"up": {"uv": [1.0625, 10.0625, 1, 10], "texture": "#3"},
				"down": {"uv": [10.0625, 1, 10, 1.0625], "texture": "#3"}
			}
		},
		{
			"from": [7.975, -3.85, 7.75],
			"to": [8.05, -2.55, 7.775],
			"rotation": {"angle": 0, "axis": "y", "origin": [7.83125, -2.49375, 8.16875]},
			"faces": {
				"north": {"uv": [2.5, 5.5, 2.5625, 6.125], "texture": "#3"},
				"east": {"uv": [3, 5.5, 3.0625, 6.125], "texture": "#3"},
				"south": {"uv": [5.5, 3, 5.5625, 3.625], "texture": "#3"},
				"west": {"uv": [3.5, 5.5, 3.5625, 6.125], "texture": "#3"},
				"up": {"uv": [6.0625, 11.0625, 6, 11], "texture": "#3"},
				"down": {"uv": [11.0625, 6, 11, 6.0625], "texture": "#3"}
			}
		},
		{
			"from": [7.95, -1.2, 8.2],
			"to": [8.025, -0.8, 8.225],
			"rotation": {"angle": 0, "axis": "y", "origin": [7.83125, -2.29375, 8.16875]},
			"faces": {
				"north": {"uv": [1, 9, 1.0625, 9.1875], "texture": "#3"},
				"east": {"uv": [9, 1, 9.0625, 1.1875], "texture": "#3"},
				"south": {"uv": [1.5, 9, 1.5625, 9.1875], "texture": "#3"},
				"west": {"uv": [9, 1.5, 9.0625, 1.6875], "texture": "#3"},
				"up": {"uv": [5.5625, 11.0625, 5.5, 11], "texture": "#3"},
				"down": {"uv": [11.0625, 5.5, 11, 5.5625], "texture": "#3"}
			}
		},
		{
			"from": [7.95, -1.2, 7.775],
			"to": [8.025, -0.8, 7.8],
			"rotation": {"angle": 0, "axis": "y", "origin": [7.83125, -2.29375, 8.16875]},
			"faces": {
				"north": {"uv": [2, 9, 2.0625, 9.1875], "texture": "#3"},
				"east": {"uv": [9, 2, 9.0625, 2.1875], "texture": "#3"},
				"south": {"uv": [2.5, 9, 2.5625, 9.1875], "texture": "#3"},
				"west": {"uv": [9, 2.5, 9.0625, 2.6875], "texture": "#3"},
				"up": {"uv": [8.0625, 12.0625, 8, 12], "texture": "#3"},
				"down": {"uv": [12.0625, 8, 12, 8.0625], "texture": "#3"}
			}
		},
		{
			"from": [7.95, -3.825, 8.25],
			"to": [8.025, -2.7, 8.275],
			"rotation": {"angle": 0, "axis": "y", "origin": [7.83125, -2.49375, 8.16875]},
			"faces": {
				"north": {"uv": [6, 6, 6.0625, 6.5625], "texture": "#3"},
				"east": {"uv": [0, 6.5, 0.0625, 7.0625], "texture": "#3"},
				"south": {"uv": [6.5, 0, 6.5625, 0.5625], "texture": "#3"},
				"west": {"uv": [0.5, 6.5, 0.5625, 7.0625], "texture": "#3"},
				"up": {"uv": [5.0625, 10.0625, 5, 10], "texture": "#3"},
				"down": {"uv": [10.0625, 5, 10, 5.0625], "texture": "#3"}
			}
		},
		{
			"from": [7.95, -3.8, 8.275],
			"to": [8.025, -3.525, 8.3],
			"rotation": {"angle": 0, "axis": "y", "origin": [7.83125, -2.49375, 8.16875]},
			"faces": {
				"north": {"uv": [6, 9, 6.0625, 9.125], "texture": "#3"},
				"east": {"uv": [9, 6, 9.0625, 6.125], "texture": "#3"},
				"south": {"uv": [6.5, 9, 6.5625, 9.125], "texture": "#3"},
				"west": {"uv": [9, 6.5, 9.0625, 6.625], "texture": "#3"},
				"up": {"uv": [6.5625, 10.0625, 6.5, 10], "texture": "#3"},
				"down": {"uv": [10.0625, 6.5, 10, 6.5625], "texture": "#3"}
			}
		},
		{
			"from": [7.95, -3.775, 8.3],
			"to": [8.025, -3.65, 8.325],
			"rotation": {"angle": 0, "axis": "y", "origin": [7.83125, -2.49375, 8.16875]},
			"faces": {
				"north": {"uv": [7, 10, 7.0625, 10.0625], "texture": "#3"},
				"east": {"uv": [10, 7, 10.0625, 7.0625], "texture": "#3"},
				"south": {"uv": [7.5, 10, 7.5625, 10.0625], "texture": "#3"},
				"west": {"uv": [10, 7.5, 10.0625, 7.5625], "texture": "#3"},
				"up": {"uv": [8.0625, 10.0625, 8, 10], "texture": "#3"},
				"down": {"uv": [10.0625, 8, 10, 8.0625], "texture": "#3"}
			}
		},
		{
			"from": [7.75, -3.85, 7.975],
			"to": [7.775, -2.55, 8.05],
			"rotation": {"angle": 0, "axis": "y", "origin": [7.83125, -2.49375, 8.16875]},
			"faces": {
				"north": {"uv": [5.5, 1, 5.5625, 1.625], "texture": "#3"},
				"east": {"uv": [1.5, 5.5, 1.5625, 6.125], "texture": "#3"},
				"south": {"uv": [2, 5.5, 2.0625, 6.125], "texture": "#3"},
				"west": {"uv": [5.5, 2, 5.5625, 2.625], "texture": "#3"},
				"up": {"uv": [1.5625, 10.0625, 1.5, 10], "texture": "#3"},
				"down": {"uv": [10.0625, 1.5, 10, 1.5625], "texture": "#3"}
			}
		},
		{
			"from": [7.775, -1.2, 7.975],
			"to": [7.8, -0.8, 8.05],
			"rotation": {"angle": 0, "axis": "y", "origin": [7.83125, -2.29375, 8.16875]},
			"faces": {
				"north": {"uv": [0, 9, 0.0625, 9.1875], "texture": "#3"},
				"east": {"uv": [9, 0, 9.0625, 0.1875], "texture": "#3"},
				"south": {"uv": [0.5, 9, 0.5625, 9.1875], "texture": "#3"},
				"west": {"uv": [9, 0.5, 9.0625, 0.6875], "texture": "#3"},
				"up": {"uv": [5.0625, 11.0625, 5, 11], "texture": "#3"},
				"down": {"uv": [11.0625, 5, 11, 5.0625], "texture": "#3"}
			}
		},
		{
			"from": [8.2, -1.2, 7.975],
			"to": [8.225, -0.8, 8.05],
			"rotation": {"angle": 0, "axis": "y", "origin": [7.83125, -2.29375, 8.16875]},
			"faces": {
				"north": {"uv": [3, 9, 3.0625, 9.1875], "texture": "#3"},
				"east": {"uv": [9, 3, 9.0625, 3.1875], "texture": "#3"},
				"south": {"uv": [3.5, 9, 3.5625, 9.1875], "texture": "#3"},
				"west": {"uv": [9, 3.5, 9.0625, 3.6875], "texture": "#3"},
				"up": {"uv": [8.5625, 12.0625, 8.5, 12], "texture": "#3"},
				"down": {"uv": [12.0625, 8.5, 12, 8.5625], "texture": "#3"}
			}
		},
		{
			"from": [7.725, -3.825, 7.975],
			"to": [7.75, -2.7, 8.05],
			"rotation": {"angle": 0, "axis": "y", "origin": [7.83125, -2.49375, 8.16875]},
			"faces": {
				"north": {"uv": [1, 6.5, 1.0625, 7.0625], "texture": "#3"},
				"east": {"uv": [6.5, 1, 6.5625, 1.5625], "texture": "#3"},
				"south": {"uv": [1.5, 6.5, 1.5625, 7.0625], "texture": "#3"},
				"west": {"uv": [2, 6.5, 2.0625, 7.0625], "texture": "#3"},
				"up": {"uv": [5.5625, 10.0625, 5.5, 10], "texture": "#3"},
				"down": {"uv": [10.0625, 5.5, 10, 5.5625], "texture": "#3"}
			}
		},
		{
			"from": [7.7, -3.8, 7.975],
			"to": [7.725, -3.525, 8.05],
			"rotation": {"angle": 0, "axis": "y", "origin": [7.83125, -2.49375, 8.16875]},
			"faces": {
				"north": {"uv": [5, 9, 5.0625, 9.125], "texture": "#3"},
				"east": {"uv": [9, 5, 9.0625, 5.125], "texture": "#3"},
				"south": {"uv": [5.5, 9, 5.5625, 9.125], "texture": "#3"},
				"west": {"uv": [9, 5.5, 9.0625, 5.625], "texture": "#3"},
				"up": {"uv": [6.0625, 10.0625, 6, 10], "texture": "#3"},
				"down": {"uv": [10.0625, 6, 10, 6.0625], "texture": "#3"}
			}
		},
		{
			"from": [7.675, -3.775, 7.975],
			"to": [7.7, -3.65, 8.05],
			"rotation": {"angle": 0, "axis": "y", "origin": [7.83125, -2.49375, 8.16875]},
			"faces": {
				"north": {"uv": [8.5, 10, 8.5625, 10.0625], "texture": "#3"},
				"east": {"uv": [10, 8.5, 10.0625, 8.5625], "texture": "#3"},
				"south": {"uv": [9, 10, 9.0625, 10.0625], "texture": "#3"},
				"west": {"uv": [10, 9, 10.0625, 9.0625], "texture": "#3"},
				"up": {"uv": [9.5625, 10.0625, 9.5, 10], "texture": "#3"},
				"down": {"uv": [10.0625, 9.5, 10, 9.5625], "texture": "#3"}
			}
		},
		{
			"from": [7.975, -2.7, 8.25],
			"to": [8, -2.625, 8.275],
			"rotation": {"angle": 0, "axis": "y", "origin": [7.83125, -2.49375, 8.16875]},
			"faces": {
				"north": {"uv": [3.5, 10, 3.5625, 10.0625], "texture": "#3"},
				"east": {"uv": [10, 3.5, 10.0625, 3.5625], "texture": "#3"},
				"south": {"uv": [4, 10, 4.0625, 10.0625], "texture": "#3"},
				"west": {"uv": [10, 4, 10.0625, 4.0625], "texture": "#3"},
				"up": {"uv": [4.5625, 10.0625, 4.5, 10], "texture": "#3"},
				"down": {"uv": [10.0625, 4.5, 10, 4.5625], "texture": "#3"}
			}
		},
		{
			"from": [7.975, -3.525, 8.275],
			"to": [8, -2.7, 8.3],
			"rotation": {"angle": 0, "axis": "y", "origin": [7.83125, -2.49375, 8.16875]},
			"faces": {
				"north": {"uv": [7, 3, 7.0625, 3.4375], "texture": "#3"},
				"east": {"uv": [7, 3.5, 7.0625, 3.9375], "texture": "#3"},
				"south": {"uv": [7, 4, 7.0625, 4.4375], "texture": "#3"},
				"west": {"uv": [7, 4.5, 7.0625, 4.9375], "texture": "#3"},
				"up": {"uv": [10.5625, 0.0625, 10.5, 0], "texture": "#3"},
				"down": {"uv": [0.5625, 10.5, 0.5, 10.5625], "texture": "#3"}
			}
		},
		{
			"from": [7.975, -3.65, 8.3],
			"to": [8, -3.525, 8.325],
			"rotation": {"angle": 0, "axis": "y", "origin": [7.83125, -2.49375, 8.16875]},
			"faces": {
				"north": {"uv": [10.5, 2, 10.5625, 2.0625], "texture": "#3"},
				"east": {"uv": [2.5, 10.5, 2.5625, 10.5625], "texture": "#3"},
				"south": {"uv": [10.5, 2.5, 10.5625, 2.5625], "texture": "#3"},
				"west": {"uv": [3, 10.5, 3.0625, 10.5625], "texture": "#3"},
				"up": {"uv": [10.5625, 3.0625, 10.5, 3], "texture": "#3"},
				"down": {"uv": [3.5625, 10.5, 3.5, 10.5625], "texture": "#3"}
			}
		},
		{
			"from": [7.725, -2.7, 8],
			"to": [7.75, -2.625, 8.025],
			"rotation": {"angle": 0, "axis": "y", "origin": [7.83125, -2.49375, 8.16875]},
			"faces": {
				"north": {"uv": [2, 10, 2.0625, 10.0625], "texture": "#3"},
				"east": {"uv": [10, 2, 10.0625, 2.0625], "texture": "#3"},
				"south": {"uv": [2.5, 10, 2.5625, 10.0625], "texture": "#3"},
				"west": {"uv": [10, 2.5, 10.0625, 2.5625], "texture": "#3"},
				"up": {"uv": [3.0625, 10.0625, 3, 10], "texture": "#3"},
				"down": {"uv": [10.0625, 3, 10, 3.0625], "texture": "#3"}
			}
		},
		{
			"from": [7.7, -3.525, 8],
			"to": [7.725, -2.7, 8.025],
			"rotation": {"angle": 0, "axis": "y", "origin": [7.83125, -2.49375, 8.16875]},
			"faces": {
				"north": {"uv": [7, 1, 7.0625, 1.4375], "texture": "#3"},
				"east": {"uv": [7, 1.5, 7.0625, 1.9375], "texture": "#3"},
				"south": {"uv": [7, 2, 7.0625, 2.4375], "texture": "#3"},
				"west": {"uv": [7, 2.5, 7.0625, 2.9375], "texture": "#3"},
				"up": {"uv": [10.0625, 10.0625, 10, 10], "texture": "#3"},
				"down": {"uv": [0.0625, 10.5, 0, 10.5625], "texture": "#3"}
			}
		},
		{
			"from": [7.675, -3.65, 8],
			"to": [7.7, -3.525, 8.025],
			"rotation": {"angle": 0, "axis": "y", "origin": [7.83125, -2.49375, 8.16875]},
			"faces": {
				"north": {"uv": [10.5, 0.5, 10.5625, 0.5625], "texture": "#3"},
				"east": {"uv": [1, 10.5, 1.0625, 10.5625], "texture": "#3"},
				"south": {"uv": [10.5, 1, 10.5625, 1.0625], "texture": "#3"},
				"west": {"uv": [1.5, 10.5, 1.5625, 10.5625], "texture": "#3"},
				"up": {"uv": [10.5625, 1.5625, 10.5, 1.5], "texture": "#3"},
				"down": {"uv": [2.0625, 10.5, 2, 10.5625], "texture": "#3"}
			}
		},
		{
			"from": [7.975, -3.775, 8.325],
			"to": [8, -3.65, 8.35],
			"rotation": {"angle": 0, "axis": "y", "origin": [7.83125, -2.49375, 8.16875]},
			"faces": {
				"north": {"uv": [10.5, 5, 10.5625, 5.0625], "texture": "#3"},
				"east": {"uv": [5.5, 10.5, 5.5625, 10.5625], "texture": "#3"},
				"south": {"uv": [10.5, 5.5, 10.5625, 5.5625], "texture": "#3"},
				"west": {"uv": [6, 10.5, 6.0625, 10.5625], "texture": "#3"},
				"up": {"uv": [10.5625, 6.0625, 10.5, 6], "texture": "#3"},
				"down": {"uv": [6.5625, 10.5, 6.5, 10.5625], "texture": "#3"}
			}
		},
		{
			"from": [7.975, -3.8, 8.3],
			"to": [8, -3.675, 8.325],
			"rotation": {"angle": 0, "axis": "y", "origin": [7.83125, -2.49375, 8.16875]},
			"faces": {
				"north": {"uv": [0.5, 11, 0.5625, 11.0625], "texture": "#3"},
				"east": {"uv": [11, 0.5, 11.0625, 0.5625], "texture": "#3"},
				"south": {"uv": [1, 11, 1.0625, 11.0625], "texture": "#3"},
				"west": {"uv": [11, 1, 11.0625, 1.0625], "texture": "#3"},
				"up": {"uv": [1.5625, 11.0625, 1.5, 11], "texture": "#3"},
				"down": {"uv": [11.0625, 1.5, 11, 1.5625], "texture": "#3"}
			}
		},
		{
			"from": [7.975, -3.825, 8.275],
			"to": [8, -3.7, 8.3],
			"rotation": {"angle": 0, "axis": "y", "origin": [7.83125, -2.49375, 8.16875]},
			"faces": {
				"north": {"uv": [2, 11, 2.0625, 11.0625], "texture": "#3"},
				"east": {"uv": [11, 2, 11.0625, 2.0625], "texture": "#3"},
				"south": {"uv": [2.5, 11, 2.5625, 11.0625], "texture": "#3"},
				"west": {"uv": [11, 2.5, 11.0625, 2.5625], "texture": "#3"},
				"up": {"uv": [3.0625, 11.0625, 3, 11], "texture": "#3"},
				"down": {"uv": [11.0625, 3, 11, 3.0625], "texture": "#3"}
			}
		},
		{
			"from": [7.975, -3.85, 8.25],
			"to": [8, -3.725, 8.275],
			"rotation": {"angle": 0, "axis": "y", "origin": [7.83125, -2.49375, 8.16875]},
			"faces": {
				"north": {"uv": [3.5, 11, 3.5625, 11.0625], "texture": "#3"},
				"east": {"uv": [11, 3.5, 11.0625, 3.5625], "texture": "#3"},
				"south": {"uv": [4, 11, 4.0625, 11.0625], "texture": "#3"},
				"west": {"uv": [11, 4, 11.0625, 4.0625], "texture": "#3"},
				"up": {"uv": [4.5625, 11.0625, 4.5, 11], "texture": "#3"},
				"down": {"uv": [11.0625, 4.5, 11, 4.5625], "texture": "#3"}
			}
		},
		{
			"from": [8, -2.7, 7.725],
			"to": [8.025, -2.625, 7.75],
			"rotation": {"angle": 0, "axis": "y", "origin": [7.83125, -2.49375, 8.16875]},
			"faces": {
				"north": {"uv": [11.5, 5.5, 11.5625, 5.5625], "texture": "#3"},
				"east": {"uv": [6, 11.5, 6.0625, 11.5625], "texture": "#3"},
				"south": {"uv": [11.5, 6, 11.5625, 6.0625], "texture": "#3"},
				"west": {"uv": [6.5, 11.5, 6.5625, 11.5625], "texture": "#3"},
				"up": {"uv": [11.5625, 6.5625, 11.5, 6.5], "texture": "#3"},
				"down": {"uv": [7.0625, 11.5, 7, 11.5625], "texture": "#3"}
			}
		},
		{
			"from": [8, -3.525, 7.7],
			"to": [8.025, -2.7, 7.725],
			"rotation": {"angle": 0, "axis": "y", "origin": [7.83125, -2.49375, 8.16875]},
			"faces": {
				"north": {"uv": [5, 7, 5.0625, 7.4375], "texture": "#3"},
				"east": {"uv": [7, 5, 7.0625, 5.4375], "texture": "#3"},
				"south": {"uv": [5.5, 7, 5.5625, 7.4375], "texture": "#3"},
				"west": {"uv": [7, 5.5, 7.0625, 5.9375], "texture": "#3"},
				"up": {"uv": [11.5625, 5.0625, 11.5, 5], "texture": "#3"},
				"down": {"uv": [5.5625, 11.5, 5.5, 11.5625], "texture": "#3"}
			}
		},
		{
			"from": [7.975, -3.825, 7.725],
			"to": [8.05, -2.7, 7.75],
			"rotation": {"angle": 0, "axis": "y", "origin": [7.83125, -2.49375, 8.16875]},
			"faces": {
				"north": {"uv": [6.5, 2, 6.5625, 2.5625], "texture": "#3"},
				"east": {"uv": [2.5, 6.5, 2.5625, 7.0625], "texture": "#3"},
				"south": {"uv": [3, 6.5, 3.0625, 7.0625], "texture": "#3"},
				"west": {"uv": [6.5, 3, 6.5625, 3.5625], "texture": "#3"},
				"up": {"uv": [11.5625, 4.5625, 11.5, 4.5], "texture": "#3"},
				"down": {"uv": [5.0625, 11.5, 5, 11.5625], "texture": "#3"}
			}
		},
		{
			"from": [8, -3.65, 7.675],
			"to": [8.025, -3.525, 7.7],
			"rotation": {"angle": 0, "axis": "y", "origin": [7.83125, -2.49375, 8.16875]},
			"faces": {
				"north": {"uv": [11.5, 3, 11.5625, 3.0625], "texture": "#3"},
				"east": {"uv": [3.5, 11.5, 3.5625, 11.5625], "texture": "#3"},
				"south": {"uv": [11.5, 3.5, 11.5625, 3.5625], "texture": "#3"},
				"west": {"uv": [4, 11.5, 4.0625, 11.5625], "texture": "#3"},
				"up": {"uv": [11.5625, 4.0625, 11.5, 4], "texture": "#3"},
				"down": {"uv": [4.5625, 11.5, 4.5, 11.5625], "texture": "#3"}
			}
		},
		{
			"from": [7.975, -3.8, 7.7],
			"to": [8.05, -3.525, 7.725],
			"rotation": {"angle": 0, "axis": "y", "origin": [7.83125, -2.49375, 8.16875]},
			"faces": {
				"north": {"uv": [7, 9, 7.0625, 9.125], "texture": "#3"},
				"east": {"uv": [9, 7, 9.0625, 7.125], "texture": "#3"},
				"south": {"uv": [7.5, 9, 7.5625, 9.125], "texture": "#3"},
				"west": {"uv": [9, 7.5, 9.0625, 7.625], "texture": "#3"},
				"up": {"uv": [11.5625, 2.5625, 11.5, 2.5], "texture": "#3"},
				"down": {"uv": [3.0625, 11.5, 3, 11.5625], "texture": "#3"}
			}
		},
		{
			"from": [7.975, -3.775, 7.675],
			"to": [8.05, -3.65, 7.7],
			"rotation": {"angle": 0, "axis": "y", "origin": [7.83125, -2.49375, 8.16875]},
			"faces": {
				"north": {"uv": [11.5, 1, 11.5625, 1.0625], "texture": "#3"},
				"east": {"uv": [1.5, 11.5, 1.5625, 11.5625], "texture": "#3"},
				"south": {"uv": [11.5, 1.5, 11.5625, 1.5625], "texture": "#3"},
				"west": {"uv": [2, 11.5, 2.0625, 11.5625], "texture": "#3"},
				"up": {"uv": [11.5625, 2.0625, 11.5, 2], "texture": "#3"},
				"down": {"uv": [2.5625, 11.5, 2.5, 11.5625], "texture": "#3"}
			}
		},
		{
			"from": [8, -3.775, 7.65],
			"to": [8.025, -3.65, 7.675],
			"rotation": {"angle": 0, "axis": "y", "origin": [7.83125, -2.49375, 8.16875]},
			"faces": {
				"north": {"uv": [11, 11, 11.0625, 11.0625], "texture": "#3"},
				"east": {"uv": [0, 11.5, 0.0625, 11.5625], "texture": "#3"},
				"south": {"uv": [11.5, 0, 11.5625, 0.0625], "texture": "#3"},
				"west": {"uv": [0.5, 11.5, 0.5625, 11.5625], "texture": "#3"},
				"up": {"uv": [11.5625, 0.5625, 11.5, 0.5], "texture": "#3"},
				"down": {"uv": [1.0625, 11.5, 1, 11.5625], "texture": "#3"}
			}
		},
		{
			"from": [8, -3.8, 7.675],
			"to": [8.025, -3.675, 7.7],
			"rotation": {"angle": 0, "axis": "y", "origin": [7.83125, -2.49375, 8.16875]},
			"faces": {
				"north": {"uv": [9.5, 11, 9.5625, 11.0625], "texture": "#3"},
				"east": {"uv": [11, 9.5, 11.0625, 9.5625], "texture": "#3"},
				"south": {"uv": [10, 11, 10.0625, 11.0625], "texture": "#3"},
				"west": {"uv": [11, 10, 11.0625, 10.0625], "texture": "#3"},
				"up": {"uv": [10.5625, 11.0625, 10.5, 11], "texture": "#3"},
				"down": {"uv": [11.0625, 10.5, 11, 10.5625], "texture": "#3"}
			}
		},
		{
			"from": [8, -3.825, 7.7],
			"to": [8.025, -3.7, 7.725],
			"rotation": {"angle": 0, "axis": "y", "origin": [7.83125, -2.49375, 8.16875]},
			"faces": {
				"north": {"uv": [8, 11, 8.0625, 11.0625], "texture": "#3"},
				"east": {"uv": [11, 8, 11.0625, 8.0625], "texture": "#3"},
				"south": {"uv": [8.5, 11, 8.5625, 11.0625], "texture": "#3"},
				"west": {"uv": [11, 8.5, 11.0625, 8.5625], "texture": "#3"},
				"up": {"uv": [9.0625, 11.0625, 9, 11], "texture": "#3"},
				"down": {"uv": [11.0625, 9, 11, 9.0625], "texture": "#3"}
			}
		},
		{
			"from": [8, -3.85, 7.725],
			"to": [8.025, -3.725, 7.75],
			"rotation": {"angle": 0, "axis": "y", "origin": [7.83125, -2.49375, 8.16875]},
			"faces": {
				"north": {"uv": [6.5, 11, 6.5625, 11.0625], "texture": "#3"},
				"east": {"uv": [11, 6.5, 11.0625, 6.5625], "texture": "#3"},
				"south": {"uv": [7, 11, 7.0625, 11.0625], "texture": "#3"},
				"west": {"uv": [11, 7, 11.0625, 7.0625], "texture": "#3"},
				"up": {"uv": [7.5625, 11.0625, 7.5, 11], "texture": "#3"},
				"down": {"uv": [11.0625, 7.5, 11, 7.5625], "texture": "#3"}
			}
		},
		{
			"from": [7.65, -3.775, 8],
			"to": [7.675, -3.65, 8.025],
			"rotation": {"angle": 0, "axis": "y", "origin": [7.83125, -2.49375, 8.16875]},
			"faces": {
				"north": {"uv": [10.5, 3.5, 10.5625, 3.5625], "texture": "#3"},
				"east": {"uv": [4, 10.5, 4.0625, 10.5625], "texture": "#3"},
				"south": {"uv": [10.5, 4, 10.5625, 4.0625], "texture": "#3"},
				"west": {"uv": [4.5, 10.5, 4.5625, 10.5625], "texture": "#3"},
				"up": {"uv": [10.5625, 4.5625, 10.5, 4.5], "texture": "#3"},
				"down": {"uv": [5.0625, 10.5, 5, 10.5625], "texture": "#3"}
			}
		},
		{
			"from": [8.225, -3.85, 7.95],
			"to": [8.25, -2.55, 8.025],
			"rotation": {"angle": 0, "axis": "y", "origin": [7.83125, -2.49375, 8.16875]},
			"faces": {
				"north": {"uv": [5.5, 4, 5.5625, 4.625], "texture": "#3"},
				"east": {"uv": [4.5, 5.5, 4.5625, 6.125], "texture": "#3"},
				"south": {"uv": [5, 5.5, 5.0625, 6.125], "texture": "#3"},
				"west": {"uv": [5.5, 5, 5.5625, 5.625], "texture": "#3"},
				"up": {"uv": [3.0625, 12.0625, 3, 12], "texture": "#3"},
				"down": {"uv": [12.0625, 3, 12, 3.0625], "texture": "#3"}
			}
		},
		{
			"from": [8.25, -3.825, 7.95],
			"to": [8.275, -2.7, 8.025],
			"rotation": {"angle": 0, "axis": "y", "origin": [7.83125, -2.49375, 8.16875]},
			"faces": {
				"north": {"uv": [3.5, 6.5, 3.5625, 7.0625], "texture": "#3"},
				"east": {"uv": [4, 6.5, 4.0625, 7.0625], "texture": "#3"},
				"south": {"uv": [6.5, 4, 6.5625, 4.5625], "texture": "#3"},
				"west": {"uv": [4.5, 6.5, 4.5625, 7.0625], "texture": "#3"},
				"up": {"uv": [2.5625, 12.0625, 2.5, 12], "texture": "#3"},
				"down": {"uv": [12.0625, 2.5, 12, 2.5625], "texture": "#3"}
			}
		},
		{
			"from": [8.275, -3.525, 7.975],
			"to": [8.3, -2.7, 8],
			"rotation": {"angle": 0, "axis": "y", "origin": [7.83125, -2.49375, 8.16875]},
			"faces": {
				"north": {"uv": [6, 7, 6.0625, 7.4375], "texture": "#3"},
				"east": {"uv": [7, 6, 7.0625, 6.4375], "texture": "#3"},
				"south": {"uv": [6.5, 7, 6.5625, 7.4375], "texture": "#3"},
				"west": {"uv": [7, 6.5, 7.0625, 6.9375], "texture": "#3"},
				"up": {"uv": [2.0625, 12.0625, 2, 12], "texture": "#3"},
				"down": {"uv": [12.0625, 2, 12, 2.0625], "texture": "#3"}
			}
		},
		{
			"from": [8.3, -3.65, 7.975],
			"to": [8.325, -3.525, 8],
			"rotation": {"angle": 0, "axis": "y", "origin": [7.83125, -2.49375, 8.16875]},
			"faces": {
				"north": {"uv": [0.5, 12, 0.5625, 12.0625], "texture": "#3"},
				"east": {"uv": [12, 0.5, 12.0625, 0.5625], "texture": "#3"},
				"south": {"uv": [1, 12, 1.0625, 12.0625], "texture": "#3"},
				"west": {"uv": [12, 1, 12.0625, 1.0625], "texture": "#3"},
				"up": {"uv": [1.5625, 12.0625, 1.5, 12], "texture": "#3"},
				"down": {"uv": [12.0625, 1.5, 12, 1.5625], "texture": "#3"}
			}
		},
		{
			"from": [8.3, -3.775, 7.95],
			"to": [8.325, -3.65, 8.025],
			"rotation": {"angle": 0, "axis": "y", "origin": [7.83125, -2.49375, 8.16875]},
			"faces": {
				"north": {"uv": [11.5, 10.5, 11.5625, 10.5625], "texture": "#3"},
				"east": {"uv": [11, 11.5, 11.0625, 11.5625], "texture": "#3"},
				"south": {"uv": [11.5, 11, 11.5625, 11.0625], "texture": "#3"},
				"west": {"uv": [11.5, 11.5, 11.5625, 11.5625], "texture": "#3"},
				"up": {"uv": [0.0625, 12.0625, 0, 12], "texture": "#3"},
				"down": {"uv": [12.0625, 0, 12, 0.0625], "texture": "#3"}
			}
		},
		{
			"from": [8.325, -3.775, 7.975],
			"to": [8.35, -3.65, 8],
			"rotation": {"angle": 0, "axis": "y", "origin": [7.83125, -2.49375, 8.16875]},
			"faces": {
				"north": {"uv": [11.5, 9, 11.5625, 9.0625], "texture": "#3"},
				"east": {"uv": [9.5, 11.5, 9.5625, 11.5625], "texture": "#3"},
				"south": {"uv": [11.5, 9.5, 11.5625, 9.5625], "texture": "#3"},
				"west": {"uv": [10, 11.5, 10.0625, 11.5625], "texture": "#3"},
				"up": {"uv": [11.5625, 10.0625, 11.5, 10], "texture": "#3"},
				"down": {"uv": [10.5625, 11.5, 10.5, 11.5625], "texture": "#3"}
			}
		},
		{
			"from": [8.3, -3.8, 7.975],
			"to": [8.325, -3.675, 8],
			"rotation": {"angle": 0, "axis": "y", "origin": [7.83125, -2.49375, 8.16875]},
			"faces": {
				"north": {"uv": [3.5, 12, 3.5625, 12.0625], "texture": "#3"},
				"east": {"uv": [12, 3.5, 12.0625, 3.5625], "texture": "#3"},
				"south": {"uv": [4, 12, 4.0625, 12.0625], "texture": "#3"},
				"west": {"uv": [12, 4, 12.0625, 4.0625], "texture": "#3"},
				"up": {"uv": [4.5625, 12.0625, 4.5, 12], "texture": "#3"},
				"down": {"uv": [12.0625, 4.5, 12, 4.5625], "texture": "#3"}
			}
		},
		{
			"from": [8.275, -3.825, 7.975],
			"to": [8.3, -3.7, 8],
			"rotation": {"angle": 0, "axis": "y", "origin": [7.83125, -2.49375, 8.16875]},
			"faces": {
				"north": {"uv": [5, 12, 5.0625, 12.0625], "texture": "#3"},
				"east": {"uv": [12, 5, 12.0625, 5.0625], "texture": "#3"},
				"south": {"uv": [5.5, 12, 5.5625, 12.0625], "texture": "#3"},
				"west": {"uv": [12, 5.5, 12.0625, 5.5625], "texture": "#3"},
				"up": {"uv": [6.0625, 12.0625, 6, 12], "texture": "#3"},
				"down": {"uv": [12.0625, 6, 12, 6.0625], "texture": "#3"}
			}
		},
		{
			"from": [8.25, -3.85, 7.975],
			"to": [8.275, -3.725, 8],
			"rotation": {"angle": 0, "axis": "y", "origin": [7.83125, -2.49375, 8.16875]},
			"faces": {
				"north": {"uv": [6.5, 12, 6.5625, 12.0625], "texture": "#3"},
				"east": {"uv": [12, 6.5, 12.0625, 6.5625], "texture": "#3"},
				"south": {"uv": [7, 12, 7.0625, 12.0625], "texture": "#3"},
				"west": {"uv": [12, 7, 12.0625, 7.0625], "texture": "#3"},
				"up": {"uv": [7.5625, 12.0625, 7.5, 12], "texture": "#3"},
				"down": {"uv": [12.0625, 7.5, 12, 7.5625], "texture": "#3"}
			}
		},
		{
			"from": [8.25, -2.7, 7.975],
			"to": [8.275, -2.625, 8],
			"rotation": {"angle": 0, "axis": "y", "origin": [7.83125, -2.49375, 8.16875]},
			"faces": {
				"north": {"uv": [11.5, 7.5, 11.5625, 7.5625], "texture": "#3"},
				"east": {"uv": [8, 11.5, 8.0625, 11.5625], "texture": "#3"},
				"south": {"uv": [11.5, 8, 11.5625, 8.0625], "texture": "#3"},
				"west": {"uv": [8.5, 11.5, 8.5625, 11.5625], "texture": "#3"},
				"up": {"uv": [11.5625, 8.5625, 11.5, 8.5], "texture": "#3"},
				"down": {"uv": [9.0625, 11.5, 9, 11.5625], "texture": "#3"}
			}
		},
		{
			"from": [8.275, -3.8, 7.95],
			"to": [8.3, -3.525, 8.025],
			"rotation": {"angle": 0, "axis": "y", "origin": [7.83125, -2.49375, 8.16875]},
			"faces": {
				"north": {"uv": [8, 9, 8.0625, 9.125], "texture": "#3"},
				"east": {"uv": [9, 8, 9.0625, 8.125], "texture": "#3"},
				"south": {"uv": [8.5, 9, 8.5625, 9.125], "texture": "#3"},
				"west": {"uv": [9, 8.5, 9.0625, 8.625], "texture": "#3"},
				"up": {"uv": [11.5625, 7.0625, 11.5, 7], "texture": "#3"},
				"down": {"uv": [7.5625, 11.5, 7.5, 11.5625], "texture": "#3"}
			}
		},
		{
			"from": [7.675, -3.8, 8],
			"to": [7.7, -3.675, 8.025],
			"rotation": {"angle": 0, "axis": "y", "origin": [7.83125, -2.49375, 8.16875]},
			"faces": {
				"north": {"uv": [10.5, 6.5, 10.5625, 6.5625], "texture": "#3"},
				"east": {"uv": [7, 10.5, 7.0625, 10.5625], "texture": "#3"},
				"south": {"uv": [10.5, 7, 10.5625, 7.0625], "texture": "#3"},
				"west": {"uv": [7.5, 10.5, 7.5625, 10.5625], "texture": "#3"},
				"up": {"uv": [10.5625, 7.5625, 10.5, 7.5], "texture": "#3"},
				"down": {"uv": [8.0625, 10.5, 8, 10.5625], "texture": "#3"}
			}
		},
		{
			"from": [7.7, -3.825, 8],
			"to": [7.725, -3.7, 8.025],
			"rotation": {"angle": 0, "axis": "y", "origin": [7.83125, -2.49375, 8.16875]},
			"faces": {
				"north": {"uv": [10.5, 8, 10.5625, 8.0625], "texture": "#3"},
				"east": {"uv": [8.5, 10.5, 8.5625, 10.5625], "texture": "#3"},
				"south": {"uv": [10.5, 8.5, 10.5625, 8.5625], "texture": "#3"},
				"west": {"uv": [9, 10.5, 9.0625, 10.5625], "texture": "#3"},
				"up": {"uv": [10.5625, 9.0625, 10.5, 9], "texture": "#3"},
				"down": {"uv": [9.5625, 10.5, 9.5, 10.5625], "texture": "#3"}
			}
		},
		{
			"from": [7.725, -3.85, 8],
			"to": [7.75, -3.725, 8.025],
			"rotation": {"angle": 0, "axis": "y", "origin": [7.83125, -2.49375, 8.16875]},
			"faces": {
				"north": {"uv": [10.5, 9.5, 10.5625, 9.5625], "texture": "#3"},
				"east": {"uv": [10, 10.5, 10.0625, 10.5625], "texture": "#3"},
				"south": {"uv": [10.5, 10, 10.5625, 10.0625], "texture": "#3"},
				"west": {"uv": [10.5, 10.5, 10.5625, 10.5625], "texture": "#3"},
				"up": {"uv": [0.0625, 11.0625, 0, 11], "texture": "#3"},
				"down": {"uv": [11.0625, 0, 11, 0.0625], "texture": "#3"}
			}
		},
		{
			"from": [7.85, -3.85, 7.775],
			"to": [8.225, -2.525, 8.15],
			"rotation": {"angle": 0, "axis": "y", "origin": [0, -0.2, 0]},
			"faces": {
				"north": {"uv": [2, 2.5, 2.1875, 3.1875], "texture": "#3"},
				"east": {"uv": [2.5, 2.5, 2.6875, 3.1875], "texture": "#3"},
				"south": {"uv": [0, 3, 0.1875, 3.6875], "texture": "#3"},
				"west": {"uv": [3, 0, 3.1875, 0.6875], "texture": "#3"},
				"up": {"uv": [4.1875, 6.1875, 4, 6], "texture": "#3"},
				"down": {"uv": [6.1875, 4, 6, 4.1875], "texture": "#3"}
			}
		},
		{
			"from": [7.95, -2.625, 7.725],
			"to": [8.05, -2.575, 8.275],
			"rotation": {"angle": 45, "axis": "y", "origin": [8, -3.1875, 8]},
			"faces": {
				"north": {"uv": [9.5, 2.5, 9.5625, 2.5625], "texture": "#3"},
				"east": {"uv": [8.5, 2.5, 8.75, 2.5625], "texture": "#3"},
				"south": {"uv": [3, 9.5, 3.0625, 9.5625], "texture": "#3"},
				"west": {"uv": [3, 8.5, 3.25, 8.5625], "texture": "#3"},
				"up": {"uv": [8.5625, 3.25, 8.5, 3], "texture": "#3"},
				"down": {"uv": [3.5625, 8.5, 3.5, 8.75], "texture": "#3"}
			}
		},
		{
			"from": [7.95, -2.575, 7.75],
			"to": [8.05, -2.525, 8.25],
			"rotation": {"angle": 45, "axis": "y", "origin": [8, -3.1875, 8]},
			"faces": {
				"north": {"uv": [0.5, 10, 0.5625, 10.0625], "texture": "#3"},
				"east": {"uv": [8.5, 3.5, 8.75, 3.5625], "texture": "#3"},
				"south": {"uv": [10, 0.5, 10.0625, 0.5625], "texture": "#3"},
				"west": {"uv": [4, 8.5, 4.25, 8.5625], "texture": "#3"},
				"up": {"uv": [8.5625, 4.25, 8.5, 4], "texture": "#3"},
				"down": {"uv": [4.5625, 8.5, 4.5, 8.75], "texture": "#3"}
			}
		},
		{
			"from": [7.975, -2.625, 7.7],
			"to": [8.025, -2.575, 8.3],
			"rotation": {"angle": 45, "axis": "y", "origin": [8, -3.1875, 8]},
			"faces": {
				"north": {"uv": [9.5, 5.5, 9.5625, 5.5625], "texture": "#3"},
				"east": {"uv": [8.5, 0.5, 8.8125, 0.5625], "texture": "#3"},
				"south": {"uv": [6, 9.5, 6.0625, 9.5625], "texture": "#3"},
				"west": {"uv": [1, 8.5, 1.3125, 8.5625], "texture": "#3"},
				"up": {"uv": [8.5625, 1.3125, 8.5, 1], "texture": "#3"},
				"down": {"uv": [1.5625, 8.5, 1.5, 8.8125], "texture": "#3"}
			}
		},
		{
			"from": [7.95, -2.7, 7.7],
			"to": [8.05, -2.625, 8.3],
			"rotation": {"angle": 45, "axis": "y", "origin": [8, -3.1875, 8]},
			"faces": {
				"north": {"uv": [9.5, 3, 9.5625, 3.0625], "texture": "#3"},
				"east": {"uv": [6.5, 8, 6.8125, 8.0625], "texture": "#3"},
				"south": {"uv": [3.5, 9.5, 3.5625, 9.5625], "texture": "#3"},
				"west": {"uv": [8, 6.5, 8.3125, 6.5625], "texture": "#3"},
				"up": {"uv": [7.0625, 8.3125, 7, 8], "texture": "#3"},
				"down": {"uv": [8.0625, 7, 8, 7.3125], "texture": "#3"}
			}
		},
		{
			"from": [7.975, -2.7, 7.675],
			"to": [8.025, -2.625, 8.325],
			"rotation": {"angle": 45, "axis": "y", "origin": [8, -3.1875, 8]},
			"faces": {
				"north": {"uv": [9.5, 5, 9.5625, 5.0625], "texture": "#3"},
				"east": {"uv": [8, 8, 8.3125, 8.0625], "texture": "#3"},
				"south": {"uv": [5.5, 9.5, 5.5625, 9.5625], "texture": "#3"},
				"west": {"uv": [0, 8.5, 0.3125, 8.5625], "texture": "#3"},
				"up": {"uv": [8.5625, 0.3125, 8.5, 0], "texture": "#3"},
				"down": {"uv": [0.5625, 8.5, 0.5, 8.8125], "texture": "#3"}
			}
		},
		{
			"from": [7.95, -3.525, 7.675],
			"to": [8.05, -2.7, 8.325],
			"rotation": {"angle": 45, "axis": "y", "origin": [8, -3.1875, 8]},
			"faces": {
				"north": {"uv": [5, 6.5, 5.0625, 6.9375], "texture": "#3"},
				"east": {"uv": [2, 2, 2.3125, 2.4375], "texture": "#3"},
				"south": {"uv": [6.5, 5, 6.5625, 5.4375], "texture": "#3"},
				"west": {"uv": [2.5, 0, 2.8125, 0.4375], "texture": "#3"},
				"up": {"uv": [7.5625, 8.3125, 7.5, 8], "texture": "#3"},
				"down": {"uv": [8.0625, 7.5, 8, 7.8125], "texture": "#3"}
			}
		},
		{
			"from": [7.975, -3.525, 7.65],
			"to": [8.025, -2.7, 8.35],
			"rotation": {"angle": 45, "axis": "y", "origin": [8, -3.1875, 8]},
			"faces": {
				"north": {"uv": [5.5, 6.5, 5.5625, 6.9375], "texture": "#3"},
				"east": {"uv": [1, 1.5, 1.375, 1.9375], "texture": "#3"},
				"south": {"uv": [6.5, 5.5, 6.5625, 5.9375], "texture": "#3"},
				"west": {"uv": [1.5, 1, 1.875, 1.4375], "texture": "#3"},
				"up": {"uv": [7.5625, 6.375, 7.5, 6], "texture": "#3"},
				"down": {"uv": [6.5625, 7.5, 6.5, 7.875], "texture": "#3"}
			}
		},
		{
			"from": [7.95, -3.725, 7.625],
			"to": [8.05, -3.65, 8.375],
			"rotation": {"angle": 45, "axis": "y", "origin": [8, -3.1875, 8]},
			"faces": {
				"north": {"uv": [9.5, 3.5, 9.5625, 3.5625], "texture": "#3"},
				"east": {"uv": [7.5, 3, 7.875, 3.0625], "texture": "#3"},
				"south": {"uv": [4, 9.5, 4.0625, 9.5625], "texture": "#3"},
				"west": {"uv": [3.5, 7.5, 3.875, 7.5625], "texture": "#3"},
				"up": {"uv": [7.5625, 3.875, 7.5, 3.5], "texture": "#3"},
				"down": {"uv": [4.0625, 7.5, 4, 7.875], "texture": "#3"}
			}
		},
		{
			"from": [7.975, -3.725, 7.6],
			"to": [8.025, -3.65, 8.4],
			"rotation": {"angle": 45, "axis": "y", "origin": [8, -3.1875, 8]},
			"faces": {
				"north": {"uv": [9.5, 6.5, 9.5625, 6.5625], "texture": "#3"},
				"east": {"uv": [0, 8, 0.375, 8.0625], "texture": "#3"},
				"south": {"uv": [7, 9.5, 7.0625, 9.5625], "texture": "#3"},
				"west": {"uv": [8, 0, 8.375, 0.0625], "texture": "#3"},
				"up": {"uv": [0.5625, 8.375, 0.5, 8], "texture": "#3"},
				"down": {"uv": [8.0625, 0.5, 8, 0.875], "texture": "#3"}
			}
		},
		{
			"from": [7.95, -3.8, 7.625],
			"to": [8.05, -3.775, 8.375],
			"rotation": {"angle": 45, "axis": "y", "origin": [8, -3.1875, 8]},
			"faces": {
				"north": {"uv": [9.5, 8.5, 9.5625, 8.5625], "texture": "#3"},
				"east": {"uv": [4, 8, 4.375, 8.0625], "texture": "#3"},
				"south": {"uv": [9, 9.5, 9.0625, 9.5625], "texture": "#3"},
				"west": {"uv": [8, 4, 8.375, 4.0625], "texture": "#3"},
				"up": {"uv": [4.5625, 8.375, 4.5, 8], "texture": "#3"},
				"down": {"uv": [8.0625, 4.5, 8, 4.875], "texture": "#3"}
			}
		},
		{
			"from": [7.975, -3.8, 7.6],
			"to": [8.025, -3.775, 8.4],
			"rotation": {"angle": 45, "axis": "y", "origin": [8, -3.1875, 8]},
			"faces": {
				"north": {"uv": [9.5, 8, 9.5625, 8.0625], "texture": "#3"},
				"east": {"uv": [3, 8, 3.375, 8.0625], "texture": "#3"},
				"south": {"uv": [8.5, 9.5, 8.5625, 9.5625], "texture": "#3"},
				"west": {"uv": [8, 3, 8.375, 3.0625], "texture": "#3"},
				"up": {"uv": [3.5625, 8.375, 3.5, 8], "texture": "#3"},
				"down": {"uv": [8.0625, 3.5, 8, 3.875], "texture": "#3"}
			}
		},
		{
			"from": [7.95, -3.775, 7.6],
			"to": [8.05, -3.725, 8.4],
			"rotation": {"angle": 45, "axis": "y", "origin": [8, -3.1875, 8]},
			"faces": {
				"north": {"uv": [0, 10, 0.0625, 10.0625], "texture": "#3"},
				"east": {"uv": [5, 8, 5.375, 8.0625], "texture": "#3"},
				"south": {"uv": [10, 0, 10.0625, 0.0625], "texture": "#3"},
				"west": {"uv": [8, 5, 8.375, 5.0625], "texture": "#3"},
				"up": {"uv": [5.5625, 8.375, 5.5, 8], "texture": "#3"},
				"down": {"uv": [8.0625, 5.5, 8, 5.875], "texture": "#3"}
			}
		},
		{
			"from": [7.975, -3.775, 7.575],
			"to": [8.025, -3.725, 8.425],
			"rotation": {"angle": 45, "axis": "y", "origin": [8, -3.1875, 8]},
			"faces": {
				"north": {"uv": [9.5, 9, 9.5625, 9.0625], "texture": "#3"},
				"east": {"uv": [6.5, 6, 6.9375, 6.0625], "texture": "#3"},
				"south": {"uv": [9.5, 9.5, 9.5625, 9.5625], "texture": "#3"},
				"west": {"uv": [6.5, 6.5, 6.9375, 6.5625], "texture": "#3"},
				"up": {"uv": [7.0625, 0.4375, 7, 0], "texture": "#3"},
				"down": {"uv": [7.0625, 0.5, 7, 0.9375], "texture": "#3"}
			}
		},
		{
			"from": [7.95, -3.65, 7.65],
			"to": [8.05, -3.525, 8.35],
			"rotation": {"angle": 45, "axis": "y", "origin": [8, -3.1875, 8]},
			"faces": {
				"north": {"uv": [9.5, 4.5, 9.5625, 4.5625], "texture": "#3"},
				"east": {"uv": [7.5, 5, 7.875, 5.0625], "texture": "#3"},
				"south": {"uv": [5, 9.5, 5.0625, 9.5625], "texture": "#3"},
				"west": {"uv": [5.5, 7.5, 5.875, 7.5625], "texture": "#3"},
				"up": {"uv": [7.5625, 5.875, 7.5, 5.5], "texture": "#3"},
				"down": {"uv": [6.0625, 7.5, 6, 7.875], "texture": "#3"}
			}
		},
		{
			"from": [7.975, -3.65, 7.625],
			"to": [8.025, -3.525, 8.375],
			"rotation": {"angle": 45, "axis": "y", "origin": [8, -3.1875, 8]},
			"faces": {
				"north": {"uv": [9.5, 6, 9.5625, 6.0625], "texture": "#3"},
				"east": {"uv": [7.5, 6.5, 7.875, 6.5625], "texture": "#3"},
				"south": {"uv": [6.5, 9.5, 6.5625, 9.5625], "texture": "#3"},
				"west": {"uv": [7, 7.5, 7.375, 7.5625], "texture": "#3"},
				"up": {"uv": [7.5625, 7.375, 7.5, 7], "texture": "#3"},
				"down": {"uv": [7.5625, 7.5, 7.5, 7.875], "texture": "#3"}
			}
		},
		{
			"from": [7.975, -3.85, 7.65],
			"to": [8.025, -3.825, 8.35],
			"rotation": {"angle": 45, "axis": "y", "origin": [8, -3.1875, 8]},
			"faces": {
				"north": {"uv": [9.5, 7, 9.5625, 7.0625], "texture": "#3"},
				"east": {"uv": [1, 8, 1.375, 8.0625], "texture": "#3"},
				"south": {"uv": [7.5, 9.5, 7.5625, 9.5625], "texture": "#3"},
				"west": {"uv": [8, 1, 8.375, 1.0625], "texture": "#3"},
				"up": {"uv": [1.5625, 8.375, 1.5, 8], "texture": "#3"},
				"down": {"uv": [8.0625, 1.5, 8, 1.875], "texture": "#3"}
			}
		},
		{
			"from": [7.975, -3.825, 7.625],
			"to": [8.025, -3.8, 8.375],
			"rotation": {"angle": 45, "axis": "y", "origin": [8, -3.1875, 8]},
			"faces": {
				"north": {"uv": [9.5, 7.5, 9.5625, 7.5625], "texture": "#3"},
				"east": {"uv": [2, 8, 2.375, 8.0625], "texture": "#3"},
				"south": {"uv": [8, 9.5, 8.0625, 9.5625], "texture": "#3"},
				"west": {"uv": [8, 2, 8.375, 2.0625], "texture": "#3"},
				"up": {"uv": [2.5625, 8.375, 2.5, 8], "texture": "#3"},
				"down": {"uv": [8.0625, 2.5, 8, 2.875], "texture": "#3"}
			}
		},
		{
			"from": [7.875, 9.3, 7.875],
			"to": [8.125, 9.775, 8.125],
			"faces": {
				"north": {"uv": [7.875, 1.125, 7.99687, 1.25], "texture": "#1"},
				"east": {"uv": [7.875, 1.125, 7.99687, 1.25], "texture": "#1"},
				"south": {"uv": [7.875, 1.125, 7.99687, 1.25], "texture": "#1"},
				"west": {"uv": [7.875, 1.125, 7.99687, 1.25], "texture": "#1"},
				"up": {"uv": [7.875, 1.125, 7.99687, 1.25], "texture": "#1"},
				"down": {"uv": [7.875, 1.125, 7.99687, 1.25], "texture": "#1"}
			}
		},
		{
			"from": [7.85, 9.2, 7.85],
			"to": [8.15, 9.6, 8.15],
			"faces": {
				"north": {"uv": [7.875, 1.125, 7.99687, 1.25], "texture": "#1"},
				"east": {"uv": [7.875, 1.125, 7.99687, 1.25], "texture": "#1"},
				"south": {"uv": [7.875, 1.125, 7.99687, 1.25], "texture": "#1"},
				"west": {"uv": [7.875, 1.125, 7.99687, 1.25], "texture": "#1"},
				"up": {"uv": [7.875, 1.125, 7.99687, 1.25], "texture": "#1"},
				"down": {"uv": [7.875, 1.125, 7.99687, 1.25], "texture": "#1"}
			}
		},
		{
			"from": [7.925, 9.525, 7.925],
			"to": [8.075, 9.925, 8.075],
			"faces": {
				"north": {"uv": [7.875, 1.125, 7.99687, 1.25], "texture": "#1"},
				"east": {"uv": [7.875, 1.125, 7.99687, 1.25], "texture": "#1"},
				"south": {"uv": [7.875, 1.125, 7.99687, 1.25], "texture": "#1"},
				"west": {"uv": [7.875, 1.125, 7.99687, 1.25], "texture": "#1"},
				"up": {"uv": [7.875, 1.125, 7.99687, 1.25], "texture": "#1"},
				"down": {"uv": [7.875, 1.125, 7.99687, 1.25], "texture": "#1"}
			}
		},
		{
			"from": [8.15, 0.45, 7.95],
			"to": [8.15, 10.55, 8.775],
			"rotation": {"angle": 45, "axis": "y", "origin": [7.625, 13.3625, 8.375]},
			"faces": {
				"north": {"uv": [0, 0, 0, 5.175], "texture": "#2"},
				"east": {"uv": [2.69218, 0.89688, 3.19844, 7.88438], "texture": "#2"},
				"south": {"uv": [0, 0, 0, 5.175], "texture": "#2"},
				"west": {"uv": [2.67656, 0.89688, 3.18281, 7.88438], "texture": "#2"},
				"up": {"uv": [0, 0, 0, 0.3], "texture": "#2"},
				"down": {"uv": [0, 0, 0, 0.3], "texture": "#2"}
			}
		},
		{
			"from": [8.15, -0.075, 5.625],
			"to": [8.15, 0.275, 7.825],
			"rotation": {"angle": 45, "axis": "y", "origin": [7.625, 13.3625, 8.375]},
			"faces": {
				"north": {"uv": [0, 0, 0, 5.175], "texture": "#2"},
				"east": {"uv": [9.80156, 2.95625, 14.875, 3.61563], "texture": "#2"},
				"south": {"uv": [0, 0, 0, 5.175], "texture": "#2"},
				"west": {"uv": [9.42656, 5.20625, 14.5, 5.86563], "texture": "#2"},
				"up": {"uv": [0, 0, 0, 0.3], "texture": "#2"},
				"down": {"uv": [0, 0, 0, 0.3], "texture": "#2"}
			}
		},
		{
			"from": [8.15, -0.075, 8.975],
			"to": [8.15, 0.275, 11.175],
			"rotation": {"angle": 45, "axis": "y", "origin": [7.625, 13.3625, 8.375]},
			"faces": {
				"north": {"uv": [0, 0, 0, 5.175], "texture": "#2"},
				"east": {"uv": [9.42656, 5.20625, 14.5, 5.86563], "texture": "#2"},
				"south": {"uv": [0, 0, 0, 5.175], "texture": "#2"},
				"west": {"uv": [9.92656, 2.95625, 15, 3.61563], "texture": "#2"},
				"up": {"uv": [0, 0, 0, 0.3], "texture": "#2"},
				"down": {"uv": [0, 0, 0, 0.3], "texture": "#2"}
			}
		},
		{
			"from": [7.95, -3.825, 7.65],
			"to": [8.05, -3.8, 8.35],
			"rotation": {"angle": 45, "axis": "y", "origin": [8, -3.1875, 8]},
			"faces": {
				"north": {"uv": [9.5, 4, 9.5625, 4.0625], "texture": "#3"},
				"east": {"uv": [7.5, 4, 7.875, 4.0625], "texture": "#3"},
				"south": {"uv": [4.5, 9.5, 4.5625, 9.5625], "texture": "#3"},
				"west": {"uv": [4.5, 7.5, 4.875, 7.5625], "texture": "#3"},
				"up": {"uv": [7.5625, 4.875, 7.5, 4.5], "texture": "#3"},
				"down": {"uv": [5.0625, 7.5, 5, 7.875], "texture": "#3"}
			}
		}
	],
	"display": {
		"thirdperson_righthand": {
			"rotation": [0, 135, 0],
			"translation": [0, 26.5, 0],
			"scale": [3, 3, 3]
		},
		"thirdperson_lefthand": {
			"rotation": [0, 45, 0],
			"translation": [0, 26, 0],
			"scale": [3, 3, 3]
		},
		"firstperson_righthand": {
			"rotation": [-11, 149, 0],
			"translation": [0.75, 14, -1],
			"scale": [1.5, 1.5, 1.5]
		},
		"firstperson_lefthand": {
			"rotation": [-11, 71, 0],
			"translation": [0.75, 14, -1],
			"scale": [1.5, 1.5, 1.5]
		},
		"ground": {
			"translation": [0, 31.75, 0],
			"scale": [3, 3, 3]
		},
		"gui": {
			"rotation": [0, 0, -45],
			"translation": [6.25, 6.25, 0],
			"scale": [1.75, 1.75, 1.75]
		},
		"head": {
			"translation": [0, 16.25, 0]
		},
		"fixed": {
			"rotation": [-35, 29, 56],
			"translation": [-7.25, 7, -0.5],
			"scale": [2, 2, 2]
		}
	}
}