{
	"credit": "Made for DrDude42 by Magiya using Blockbench",
	"textures": {
		"0": "item/lightsabers/chartruse_saber",
		"1": "item/lightsabers/hilt",
		"particle": "item/lightsabers/chartruse_saber"
	},
	"elements": [
		{
			"name": "bottom",
			"from": [7, 0, 7],
			"to": [9, 1.25, 9],
			"faces": {
				"north": {"uv": [7, 4, 9, 5], "texture": "#1"},
				"east": {"uv": [7, 5, 9, 6], "texture": "#1"},
				"south": {"uv": [4, 8, 6, 9], "texture": "#1"},
				"west": {"uv": [6, 8, 8, 9], "texture": "#1"},
				"up": {"uv": [5, 2, 3, 0], "texture": "#1"},
				"down": {"uv": [5, 2, 3, 4], "texture": "#1"}
			}
		},
		{
			"from": [7.775, 0.5068, 7.75],
			"to": [8.525, 1.7568, 8.25],
			"rotation": {"angle": 45, "axis": "z", "origin": [8, 1.75, 8]},
			"faces": {
				"north": {"uv": [10, 2, 11, 3], "texture": "#1"},
				"east": {"uv": [10, 3, 11, 4], "texture": "#1"},
				"south": {"uv": [4, 10, 5, 11], "texture": "#1"},
				"west": {"uv": [5, 10, 6, 11], "texture": "#1"},
				"up": {"uv": [7, 11, 6, 10], "texture": "#1"},
				"down": {"uv": [11, 6, 10, 7], "texture": "#1"}
			}
		},
		{
			"from": [7.751, 0.5, 6.75],
			"to": [8.249, 1.25, 7],
			"faces": {
				"north": {"uv": [7, 10, 8, 11], "texture": "#1"},
				"east": {"uv": [10, 7, 11, 8], "texture": "#1"},
				"south": {"uv": [8, 10, 9, 11], "texture": "#1"},
				"west": {"uv": [10, 8, 11, 9], "texture": "#1"},
				"up": {"uv": [10, 11, 9, 10], "texture": "#1"},
				"down": {"uv": [11, 9, 10, 10], "texture": "#1"}
			}
		},
		{
			"from": [9, 0.5, 7.749],
			"to": [9.248, 1.25, 8.249],
			"faces": {
				"north": {"uv": [10, 10, 11, 11], "texture": "#1"},
				"east": {"uv": [0, 11, 1, 12], "texture": "#1"},
				"south": {"uv": [1, 11, 2, 12], "texture": "#1"},
				"west": {"uv": [2, 11, 3, 12], "texture": "#1"},
				"up": {"uv": [12, 3, 11, 2], "texture": "#1"},
				"down": {"uv": [4, 11, 3, 12], "texture": "#1"}
			}
		},
		{
			"from": [6.75, 0.5, 7.751],
			"to": [7, 1.25, 8.249],
			"faces": {
				"north": {"uv": [11, 3, 12, 4], "texture": "#1"},
				"east": {"uv": [4, 11, 5, 12], "texture": "#1"},
				"south": {"uv": [11, 4, 12, 5], "texture": "#1"},
				"west": {"uv": [5, 11, 6, 12], "texture": "#1"},
				"up": {"uv": [12, 6, 11, 5], "texture": "#1"},
				"down": {"uv": [7, 11, 6, 12], "texture": "#1"}
			}
		},
		{
			"from": [7.749, 0.5, 9],
			"to": [8.249, 1.25, 9.248],
			"faces": {
				"north": {"uv": [11, 6, 12, 7], "texture": "#1"},
				"east": {"uv": [7, 11, 8, 12], "texture": "#1"},
				"south": {"uv": [11, 7, 12, 8], "texture": "#1"},
				"west": {"uv": [8, 11, 9, 12], "texture": "#1"},
				"up": {"uv": [12, 9, 11, 8], "texture": "#1"},
				"down": {"uv": [10, 11, 9, 12], "texture": "#1"}
			}
		},
		{
			"from": [7.75, 1.225, 8.075],
			"to": [8.25, 2.475, 8.825],
			"rotation": {"angle": -45, "axis": "x", "origin": [8, 1.75, 9]},
			"faces": {
				"north": {"uv": [11, 9, 12, 10], "texture": "#1"},
				"east": {"uv": [10, 11, 11, 12], "texture": "#1"},
				"south": {"uv": [11, 10, 12, 11], "texture": "#1"},
				"west": {"uv": [11, 11, 12, 12], "texture": "#1"},
				"up": {"uv": [1, 13, 0, 12], "texture": "#1"},
				"down": {"uv": [13, 0, 12, 1], "texture": "#1"}
			}
		},
		{
			"from": [7.75, 1.225, 7.175],
			"to": [8.25, 2.475, 7.925],
			"rotation": {"angle": 45, "axis": "x", "origin": [8, 1.75, 7]},
			"faces": {
				"north": {"uv": [1, 12, 2, 13], "texture": "#1"},
				"east": {"uv": [12, 1, 13, 2], "texture": "#1"},
				"south": {"uv": [2, 12, 3, 13], "texture": "#1"},
				"west": {"uv": [12, 2, 13, 3], "texture": "#1"},
				"up": {"uv": [4, 13, 3, 12], "texture": "#1"},
				"down": {"uv": [13, 3, 12, 4], "texture": "#1"}
			}
		},
		{
			"from": [7.08462, 0.8068, 7.75],
			"to": [7.83462, 2.0568, 8.25],
			"rotation": {"angle": -45, "axis": "z", "origin": [7.45962, 1.4318, 8]},
			"faces": {
				"north": {"uv": [4, 12, 5, 13], "texture": "#1"},
				"east": {"uv": [12, 4, 13, 5], "texture": "#1"},
				"south": {"uv": [5, 12, 6, 13], "texture": "#1"},
				"west": {"uv": [12, 5, 13, 6], "texture": "#1"},
				"up": {"uv": [7, 13, 6, 12], "texture": "#1"},
				"down": {"uv": [13, 6, 12, 7], "texture": "#1"}
			}
		},
		{
			"name": "ridge1",
			"from": [7.25, 4.2, 7.25],
			"to": [8.75, 4.45, 8.75],
			"faces": {
				"north": {"uv": [8, 6, 10, 7], "texture": "#1"},
				"east": {"uv": [8, 7, 10, 8], "texture": "#1"},
				"south": {"uv": [8, 8, 10, 9], "texture": "#1"},
				"west": {"uv": [4, 9, 6, 10], "texture": "#1"},
				"up": {"uv": [5, 6, 3, 4], "texture": "#1"},
				"down": {"uv": [7, 0, 5, 2], "texture": "#1"}
			}
		},
		{
			"name": "ridge2",
			"from": [7.25, 4.6, 7.25],
			"to": [8.75, 4.85, 8.75],
			"faces": {
				"north": {"uv": [9, 4, 11, 5], "texture": "#1"},
				"east": {"uv": [9, 5, 11, 6], "texture": "#1"},
				"south": {"uv": [6, 9, 8, 10], "texture": "#1"},
				"west": {"uv": [8, 9, 10, 10], "texture": "#1"},
				"up": {"uv": [7, 4, 5, 2], "texture": "#1"},
				"down": {"uv": [7, 4, 5, 6], "texture": "#1"}
			}
		},
		{
			"name": "collar",
			"from": [6.75, 5, 6.75],
			"to": [9.25, 5.75, 9.25],
			"faces": {
				"north": {"uv": [7, 0, 10, 1], "texture": "#1"},
				"east": {"uv": [7, 1, 10, 2], "texture": "#1"},
				"south": {"uv": [7, 2, 10, 3], "texture": "#1"},
				"west": {"uv": [7, 3, 10, 4], "texture": "#1"},
				"up": {"uv": [3, 3, 0, 0], "texture": "#1"},
				"down": {"uv": [3, 3, 0, 6], "texture": "#1"}
			}
		},
		{
			"name": "handle",
			"from": [7.5, 1, 7.5],
			"to": [8.5, 5, 8.5],
			"faces": {
				"north": {"uv": [0, 6, 1, 10], "texture": "#1"},
				"east": {"uv": [1, 6, 2, 10], "texture": "#1"},
				"south": {"uv": [2, 6, 3, 10], "texture": "#1"},
				"west": {"uv": [3, 6, 4, 10], "texture": "#1"},
				"up": {"uv": [8, 13, 7, 12], "texture": "#1"},
				"down": {"uv": [13, 7, 12, 8], "texture": "#1"}
			}
		},
		{
			"name": "top",
			"from": [7, 5.75, 7],
			"to": [9, 6.5, 9],
			"faces": {
				"north": {"uv": [0, 10, 2, 11], "texture": "#1"},
				"east": {"uv": [10, 0, 12, 1], "texture": "#1"},
				"south": {"uv": [10, 1, 12, 2], "texture": "#1"},
				"west": {"uv": [2, 10, 4, 11], "texture": "#1"},
				"up": {"uv": [6, 8, 4, 6], "texture": "#1"},
				"down": {"uv": [8, 6, 6, 8], "texture": "#1"}
			}
		},
		{
			"name": "tip",
			"from": [7.65, 20.925, 7.65],
			"to": [8.35, 21.375, 8.35],
			"rotation": {"angle": 0, "axis": "y", "origin": [0, 6.5, 0]},
			"faces": {
				"north": {"uv": [7.75, 1.25, 7.85, 1.35], "texture": "#0"},
				"east": {"uv": [7.75, 1.25, 7.85, 1.35], "texture": "#0"},
				"south": {"uv": [7.75, 1.25, 7.85, 1.35], "texture": "#0"},
				"west": {"uv": [7.75, 1.25, 7.85, 1.35], "texture": "#0"},
				"up": {"uv": [7.75, 1.25, 7.85, 1.35], "texture": "#0"},
				"down": {"uv": [7.75, 1.25, 7.85, 1.35], "texture": "#0"}
			}
		},
		{
			"name": "core",
			"from": [7.575, 6.5, 7.575],
			"to": [8.425, 21.3, 8.425],
			"rotation": {"angle": 0, "axis": "y", "origin": [8, 14.5, 8]},
			"faces": {
				"north": {"uv": [7.75, 1.125, 8.1, 7.125], "texture": "#0"},
				"east": {"uv": [7.75, 1.125, 8.1, 7.125], "texture": "#0"},
				"south": {"uv": [7.75, 1.125, 8.1, 7.125], "texture": "#0"},
				"west": {"uv": [7.75, 1.125, 8.1, 7.125], "texture": "#0"},
				"up": {"uv": [6, 3, 5.75, 2.75], "texture": "#0"},
				"down": {"uv": [4.25, 13, 4, 13.25], "texture": "#0"}
			}
		},
		{
			"name": "glow",
			"from": [7.15, 6.5, 8.3625],
			"to": [9.15, 22.5, 8.3625],
			"rotation": {"angle": 45, "axis": "y", "origin": [7.625, 19.8625, 8.375]},
			"faces": {
				"north": {"uv": [2.625, 1, 3.25, 6.5], "texture": "#0"},
				"east": {"uv": [2.625, 1, 3.25, 6.5], "texture": "#0"},
				"south": {"uv": [2.625, 1, 3.25, 6.5], "texture": "#0"},
				"west": {"uv": [2.625, 1, 3.25, 6.5], "texture": "#0"},
				"up": {"uv": [0, 0, 0, 0.6], "texture": "#0"},
				"down": {"uv": [0, 0, 0, 0.6], "texture": "#0"}
			}
		}
	],
	"display": {
		"thirdperson_righthand": {
			"rotation": [0, 60, 0],
			"translation": [0, 5.25, 0],
			"scale": [1.5, 1.5, 1.5]
		},
		"thirdperson_lefthand": {
			"rotation": [0, 60, 0],
			"translation": [0, 5.25, 0],
			"scale": [1.5, 1.5, 1.5]
		},
		"firstperson_righthand": {
			"rotation": [-5, 90, 0],
			"translation": [1.25, 6, 0],
			"scale": [0.8, 0.8, 0.8]
		},
		"firstperson_lefthand": {
			"rotation": [-5, 0, 0],
			"translation": [1.25, 6, 0],
			"scale": [0.8, 0.8, 0.8]
		},
		"ground": {
			"rotation": [-30, 0, 70],
			"translation": [0, 1.25, 0]
		},
		"gui": {
			"rotation": [-20, -20, -50],
			"translation": [-1.25, -1.25, 0],
			"scale": [0.9, 0.9, 0.9]
		},
		"head": {
			"translation": [0, 22, 0],
			"scale": [2, 2, 2]
		},
		"fixed": {
			"rotation": [20, -20, 45],
			"translation": [1.5, -2, 0]
		}
	},
	"groups": [
		{
			"name": "hilt",
			"origin": [8, 1.75, 8],
			"color": 0,
			"children": [
				0,
				{
					"name": "fins",
					"origin": [7.45962, 1.4318, 8],
					"color": 0,
					"children": [1, 2, 3, 4, 5, 6, 7, 8]
				},
				9,
				10,
				11,
				12,
				13
			]
		},
		{
			"name": "blade",
			"origin": [7.625, 19.8625, 8.375],
			"color": 0,
			"children": [14, 15, 16]
		}
	]
}