{
	"credit": "Made with Blockbench",
	"texture_size": [32, 32],
	"textures": {
		"0": "item/lightsabers/obi_wan",
		"1": "item/lightsabers/blue_saber",
		"2": "item/lightsabers/blue_saber_beam",
		"particle": "item/lightsabers/obi_wan"
	},
	"elements": [
		{
			"name": "blade",
			"from": [7.825, 0.45, 7.825],
			"to": [8.175, 8.9, 8.175],
			"rotation": {"angle": 0, "axis": "y", "origin": [8, 8, 8]},
			"faces": {
				"north": {"uv": [7.875, 1.125, 8.125, 8.875], "texture": "#1"},
				"east": {"uv": [7.75, 1.125, 8, 8.875], "texture": "#1"},
				"south": {"uv": [7.875, 1.125, 8.125, 8.875], "texture": "#1"},
				"west": {"uv": [7.75, 1.125, 8, 8.875], "texture": "#1"},
				"up": {"uv": [3, 1.5, 2.875, 1.375], "texture": "#1"},
				"down": {"uv": [2.125, 6.5, 2, 6.625], "texture": "#1"}
			}
		},
		{
			"name": "blade",
			"from": [7.875, -2.55, 7.875],
			"to": [8.125, 0.45, 8.125],
			"rotation": {"angle": 0, "axis": "y", "origin": [8, 8, 8]},
			"faces": {
				"north": {"uv": [2, 0, 2.125, 1.5], "texture": "#0"},
				"east": {"uv": [2, 1.5, 2.125, 3], "texture": "#0"},
				"south": {"uv": [2.5, 0, 2.625, 1.5], "texture": "#0"},
				"west": {"uv": [2.5, 1.5, 2.625, 3], "texture": "#0"},
				"up": {"uv": [6.625, 2.125, 6.5, 2], "texture": "#0"},
				"down": {"uv": [2.625, 6.5, 2.5, 6.625], "texture": "#0"}
			}
		},
		{
			"from": [7.7, 0.375, 7.7],
			"to": [8.3, 0.45, 8.3],
			"faces": {
				"north": {"uv": [3, 6, 3.3125, 6.0625], "texture": "#0"},
				"east": {"uv": [6, 3, 6.3125, 3.0625], "texture": "#0"},
				"south": {"uv": [3.5, 6, 3.8125, 6.0625], "texture": "#0"},
				"west": {"uv": [6, 3.5, 6.3125, 3.5625], "texture": "#0"},
				"up": {"uv": [3.3125, 0.3125, 3, 0], "texture": "#0"},
				"down": {"uv": [3.3125, 0.5, 3, 0.8125], "texture": "#0"}
			}
		},
		{
			"from": [7.775, 0.15, 7.775],
			"to": [8.225, 0.375, 8.225],
			"faces": {
				"north": {"uv": [1, 6, 1.25, 6.125], "texture": "#0"},
				"east": {"uv": [6, 1, 6.25, 1.125], "texture": "#0"},
				"south": {"uv": [1.5, 6, 1.75, 6.125], "texture": "#0"},
				"west": {"uv": [6, 1.5, 6.25, 1.625], "texture": "#0"},
				"up": {"uv": [4.25, 0.25, 4, 0], "texture": "#0"},
				"down": {"uv": [4.25, 0.5, 4, 0.75], "texture": "#0"}
			}
		},
		{
			"from": [7.825, 0.075, 7.825],
			"to": [8.175, 0.15, 8.175],
			"faces": {
				"north": {"uv": [7.5, 6.5, 7.6875, 6.5625], "texture": "#0"},
				"east": {"uv": [7, 7.5, 7.1875, 7.5625], "texture": "#0"},
				"south": {"uv": [7.5, 7, 7.6875, 7.0625], "texture": "#0"},
				"west": {"uv": [7.5, 7.5, 7.6875, 7.5625], "texture": "#0"},
				"up": {"uv": [4.1875, 5.1875, 4, 5], "texture": "#0"},
				"down": {"uv": [5.1875, 4, 5, 4.1875], "texture": "#0"}
			}
		},
		{
			"from": [7.8, -0.15, 7.8],
			"to": [8.2, -0.025, 8.2],
			"faces": {
				"north": {"uv": [0, 8, 0.1875, 8.0625], "texture": "#0"},
				"east": {"uv": [8, 0, 8.1875, 0.0625], "texture": "#0"},
				"south": {"uv": [0.5, 8, 0.6875, 8.0625], "texture": "#0"},
				"west": {"uv": [8, 0.5, 8.1875, 0.5625], "texture": "#0"},
				"up": {"uv": [4.6875, 5.1875, 4.5, 5], "texture": "#0"},
				"down": {"uv": [5.1875, 4.5, 5, 4.6875], "texture": "#0"}
			}
		},
		{
			"from": [7.75, -0.175, 7.75],
			"to": [8.25, -0.15, 8.25],
			"faces": {
				"north": {"uv": [6.5, 2.5, 6.75, 2.5625], "texture": "#0"},
				"east": {"uv": [3, 6.5, 3.25, 6.5625], "texture": "#0"},
				"south": {"uv": [6.5, 3, 6.75, 3.0625], "texture": "#0"},
				"west": {"uv": [3.5, 6.5, 3.75, 6.5625], "texture": "#0"},
				"up": {"uv": [4.25, 1.25, 4, 1], "texture": "#0"},
				"down": {"uv": [4.25, 1.5, 4, 1.75], "texture": "#0"}
			}
		},
		{
			"from": [7.775, -0.375, 7.775],
			"to": [8.225, -0.325, 8.225],
			"faces": {
				"north": {"uv": [6.5, 3.5, 6.75, 3.5625], "texture": "#0"},
				"east": {"uv": [4, 6.5, 4.25, 6.5625], "texture": "#0"},
				"south": {"uv": [6.5, 4, 6.75, 4.0625], "texture": "#0"},
				"west": {"uv": [4.5, 6.5, 4.75, 6.5625], "texture": "#0"},
				"up": {"uv": [2.25, 4.25, 2, 4], "texture": "#0"},
				"down": {"uv": [4.25, 2, 4, 2.25], "texture": "#0"}
			}
		},
		{
			"from": [7.8, -0.325, 7.8],
			"to": [8.2, -0.275, 8.2],
			"faces": {
				"north": {"uv": [1, 8, 1.1875, 8.0625], "texture": "#0"},
				"east": {"uv": [8, 1, 8.1875, 1.0625], "texture": "#0"},
				"south": {"uv": [1.5, 8, 1.6875, 8.0625], "texture": "#0"},
				"west": {"uv": [8, 1.5, 8.1875, 1.5625], "texture": "#0"},
				"up": {"uv": [5.1875, 5.1875, 5, 5], "texture": "#0"},
				"down": {"uv": [0.1875, 5.5, 0, 5.6875], "texture": "#0"}
			}
		},
		{
			"from": [7.8, -0.425, 7.8],
			"to": [8.2, -0.375, 8.2],
			"faces": {
				"north": {"uv": [2, 8, 2.1875, 8.0625], "texture": "#0"},
				"east": {"uv": [8, 2, 8.1875, 2.0625], "texture": "#0"},
				"south": {"uv": [2.5, 8, 2.6875, 8.0625], "texture": "#0"},
				"west": {"uv": [8, 2.5, 8.1875, 2.5625], "texture": "#0"},
				"up": {"uv": [5.6875, 0.1875, 5.5, 0], "texture": "#0"},
				"down": {"uv": [0.6875, 5.5, 0.5, 5.6875], "texture": "#0"}
			}
		},
		{
			"from": [7.775, -0.475, 7.775],
			"to": [8.225, -0.425, 8.225],
			"faces": {
				"north": {"uv": [6.5, 4.5, 6.75, 4.5625], "texture": "#0"},
				"east": {"uv": [5, 6.5, 5.25, 6.5625], "texture": "#0"},
				"south": {"uv": [6.5, 5, 6.75, 5.0625], "texture": "#0"},
				"west": {"uv": [5.5, 6.5, 5.75, 6.5625], "texture": "#0"},
				"up": {"uv": [2.75, 4.25, 2.5, 4], "texture": "#0"},
				"down": {"uv": [4.25, 2.5, 4, 2.75], "texture": "#0"}
			}
		},
		{
			"from": [7.8, -0.525, 7.8],
			"to": [8.2, -0.475, 8.2],
			"faces": {
				"north": {"uv": [3, 8, 3.1875, 8.0625], "texture": "#0"},
				"east": {"uv": [8, 3, 8.1875, 3.0625], "texture": "#0"},
				"south": {"uv": [3.5, 8, 3.6875, 8.0625], "texture": "#0"},
				"west": {"uv": [8, 3.5, 8.1875, 3.5625], "texture": "#0"},
				"up": {"uv": [5.6875, 0.6875, 5.5, 0.5], "texture": "#0"},
				"down": {"uv": [1.1875, 5.5, 1, 5.6875], "texture": "#0"}
			}
		},
		{
			"from": [7.775, -0.575, 7.775],
			"to": [8.225, -0.525, 8.225],
			"faces": {
				"north": {"uv": [6.5, 5.5, 6.75, 5.5625], "texture": "#0"},
				"east": {"uv": [6, 6.5, 6.25, 6.5625], "texture": "#0"},
				"south": {"uv": [6.5, 6, 6.75, 6.0625], "texture": "#0"},
				"west": {"uv": [6.5, 6.5, 6.75, 6.5625], "texture": "#0"},
				"up": {"uv": [3.25, 4.25, 3, 4], "texture": "#0"},
				"down": {"uv": [4.25, 3, 4, 3.25], "texture": "#0"}
			}
		},
		{
			"from": [7.8, -0.625, 7.8],
			"to": [8.2, -0.575, 8.2],
			"faces": {
				"north": {"uv": [4, 8, 4.1875, 8.0625], "texture": "#0"},
				"east": {"uv": [8, 4, 8.1875, 4.0625], "texture": "#0"},
				"south": {"uv": [4.5, 8, 4.6875, 8.0625], "texture": "#0"},
				"west": {"uv": [8, 4.5, 8.1875, 4.5625], "texture": "#0"},
				"up": {"uv": [5.6875, 1.1875, 5.5, 1], "texture": "#0"},
				"down": {"uv": [1.6875, 5.5, 1.5, 5.6875], "texture": "#0"}
			}
		},
		{
			"from": [7.775, -0.675, 7.775],
			"to": [8.225, -0.625, 8.225],
			"faces": {
				"north": {"uv": [0, 7, 0.25, 7.0625], "texture": "#0"},
				"east": {"uv": [7, 0, 7.25, 0.0625], "texture": "#0"},
				"south": {"uv": [0.5, 7, 0.75, 7.0625], "texture": "#0"},
				"west": {"uv": [7, 0.5, 7.25, 0.5625], "texture": "#0"},
				"up": {"uv": [3.75, 4.25, 3.5, 4], "texture": "#0"},
				"down": {"uv": [4.25, 3.5, 4, 3.75], "texture": "#0"}
			}
		},
		{
			"from": [7.8, -1.025, 7.8],
			"to": [8.2, -0.975, 8.2],
			"faces": {
				"north": {"uv": [8, 8, 8.1875, 8.0625], "texture": "#0"},
				"east": {"uv": [0, 8.5, 0.1875, 8.5625], "texture": "#0"},
				"south": {"uv": [8.5, 0, 8.6875, 0.0625], "texture": "#0"},
				"west": {"uv": [0.5, 8.5, 0.6875, 8.5625], "texture": "#0"},
				"up": {"uv": [5.6875, 3.1875, 5.5, 3], "texture": "#0"},
				"down": {"uv": [3.6875, 5.5, 3.5, 5.6875], "texture": "#0"}
			}
		},
		{
			"from": [7.775, -1.075, 7.775],
			"to": [8.225, -1.025, 8.225],
			"faces": {
				"north": {"uv": [4, 7, 4.25, 7.0625], "texture": "#0"},
				"east": {"uv": [7, 4, 7.25, 4.0625], "texture": "#0"},
				"south": {"uv": [4.5, 7, 4.75, 7.0625], "texture": "#0"},
				"west": {"uv": [7, 4.5, 7.25, 4.5625], "texture": "#0"},
				"up": {"uv": [4.75, 2.25, 4.5, 2], "texture": "#0"},
				"down": {"uv": [2.75, 4.5, 2.5, 4.75], "texture": "#0"}
			}
		},
		{
			"from": [7.775, -0.975, 7.775],
			"to": [8.225, -0.925, 8.225],
			"faces": {
				"north": {"uv": [3, 7, 3.25, 7.0625], "texture": "#0"},
				"east": {"uv": [7, 3, 7.25, 3.0625], "texture": "#0"},
				"south": {"uv": [3.5, 7, 3.75, 7.0625], "texture": "#0"},
				"west": {"uv": [7, 3.5, 7.25, 3.5625], "texture": "#0"},
				"up": {"uv": [4.75, 1.75, 4.5, 1.5], "texture": "#0"},
				"down": {"uv": [2.25, 4.5, 2, 4.75], "texture": "#0"}
			}
		},
		{
			"from": [7.8, -0.925, 7.8],
			"to": [8.2, -0.875, 8.2],
			"faces": {
				"north": {"uv": [7, 8, 7.1875, 8.0625], "texture": "#0"},
				"east": {"uv": [8, 7, 8.1875, 7.0625], "texture": "#0"},
				"south": {"uv": [7.5, 8, 7.6875, 8.0625], "texture": "#0"},
				"west": {"uv": [8, 7.5, 8.1875, 7.5625], "texture": "#0"},
				"up": {"uv": [5.6875, 2.6875, 5.5, 2.5], "texture": "#0"},
				"down": {"uv": [3.1875, 5.5, 3, 5.6875], "texture": "#0"}
			}
		},
		{
			"from": [7.775, -0.875, 7.775],
			"to": [8.225, -0.825, 8.225],
			"faces": {
				"north": {"uv": [2, 7, 2.25, 7.0625], "texture": "#0"},
				"east": {"uv": [7, 2, 7.25, 2.0625], "texture": "#0"},
				"south": {"uv": [2.5, 7, 2.75, 7.0625], "texture": "#0"},
				"west": {"uv": [7, 2.5, 7.25, 2.5625], "texture": "#0"},
				"up": {"uv": [4.75, 0.75, 4.5, 0.5], "texture": "#0"},
				"down": {"uv": [4.75, 1, 4.5, 1.25], "texture": "#0"}
			}
		},
		{
			"from": [7.8, -0.825, 7.8],
			"to": [8.2, -0.775, 8.2],
			"faces": {
				"north": {"uv": [6, 8, 6.1875, 8.0625], "texture": "#0"},
				"east": {"uv": [8, 6, 8.1875, 6.0625], "texture": "#0"},
				"south": {"uv": [6.5, 8, 6.6875, 8.0625], "texture": "#0"},
				"west": {"uv": [8, 6.5, 8.1875, 6.5625], "texture": "#0"},
				"up": {"uv": [5.6875, 2.1875, 5.5, 2], "texture": "#0"},
				"down": {"uv": [2.6875, 5.5, 2.5, 5.6875], "texture": "#0"}
			}
		},
		{
			"from": [7.775, -0.775, 7.775],
			"to": [8.225, -0.725, 8.225],
			"faces": {
				"north": {"uv": [1, 7, 1.25, 7.0625], "texture": "#0"},
				"east": {"uv": [7, 1, 7.25, 1.0625], "texture": "#0"},
				"south": {"uv": [1.5, 7, 1.75, 7.0625], "texture": "#0"},
				"west": {"uv": [7, 1.5, 7.25, 1.5625], "texture": "#0"},
				"up": {"uv": [4.25, 4.25, 4, 4], "texture": "#0"},
				"down": {"uv": [4.75, 0, 4.5, 0.25], "texture": "#0"}
			}
		},
		{
			"from": [7.8, -0.725, 7.8],
			"to": [8.2, -0.675, 8.2],
			"faces": {
				"north": {"uv": [5, 8, 5.1875, 8.0625], "texture": "#0"},
				"east": {"uv": [8, 5, 8.1875, 5.0625], "texture": "#0"},
				"south": {"uv": [5.5, 8, 5.6875, 8.0625], "texture": "#0"},
				"west": {"uv": [8, 5.5, 8.1875, 5.5625], "texture": "#0"},
				"up": {"uv": [5.6875, 1.6875, 5.5, 1.5], "texture": "#0"},
				"down": {"uv": [2.1875, 5.5, 2, 5.6875], "texture": "#0"}
			}
		},
		{
			"from": [7.8, -1.425, 7.8],
			"to": [8.2, -1.375, 8.2],
			"faces": {
				"north": {"uv": [8.5, 3.5, 8.6875, 3.5625], "texture": "#0"},
				"east": {"uv": [4, 8.5, 4.1875, 8.5625], "texture": "#0"},
				"south": {"uv": [8.5, 4, 8.6875, 4.0625], "texture": "#0"},
				"west": {"uv": [4.5, 8.5, 4.6875, 8.5625], "texture": "#0"},
				"up": {"uv": [5.6875, 5.1875, 5.5, 5], "texture": "#0"},
				"down": {"uv": [5.6875, 5.5, 5.5, 5.6875], "texture": "#0"}
			}
		},
		{
			"from": [7.775, -1.475, 7.775],
			"to": [8.225, -1.425, 8.225],
			"faces": {
				"north": {"uv": [7.5, 0.5, 7.75, 0.5625], "texture": "#0"},
				"east": {"uv": [1, 7.5, 1.25, 7.5625], "texture": "#0"},
				"south": {"uv": [7.5, 1, 7.75, 1.0625], "texture": "#0"},
				"west": {"uv": [1.5, 7.5, 1.75, 7.5625], "texture": "#0"},
				"up": {"uv": [4.75, 4.25, 4.5, 4], "texture": "#0"},
				"down": {"uv": [4.75, 4.5, 4.5, 4.75], "texture": "#0"}
			}
		},
		{
			"from": [7.775, -2.225, 7.775],
			"to": [8.225, -2.175, 8.225],
			"faces": {
				"north": {"uv": [7.5, 4.5, 7.75, 4.5625], "texture": "#0"},
				"east": {"uv": [5, 7.5, 5.25, 7.5625], "texture": "#0"},
				"south": {"uv": [7.5, 5, 7.75, 5.0625], "texture": "#0"},
				"west": {"uv": [5.5, 7.5, 5.75, 7.5625], "texture": "#0"},
				"up": {"uv": [1.75, 5.25, 1.5, 5], "texture": "#0"},
				"down": {"uv": [5.25, 1.5, 5, 1.75], "texture": "#0"}
			}
		},
		{
			"from": [7.775, -2.825, 7.775],
			"to": [8.225, -2.775, 8.225],
			"faces": {
				"north": {"uv": [7.5, 5.5, 7.75, 5.5625], "texture": "#0"},
				"east": {"uv": [6, 7.5, 6.25, 7.5625], "texture": "#0"},
				"south": {"uv": [7.5, 6, 7.75, 6.0625], "texture": "#0"},
				"west": {"uv": [6.5, 7.5, 6.75, 7.5625], "texture": "#0"},
				"up": {"uv": [2.25, 5.25, 2, 5], "texture": "#0"},
				"down": {"uv": [5.25, 2, 5, 2.25], "texture": "#0"}
			}
		},
		{
			"from": [7.8, -2.9, 7.8],
			"to": [8.2, -2.825, 8.2],
			"faces": {
				"north": {"uv": [8.5, 4.5, 8.6875, 4.5625], "texture": "#0"},
				"east": {"uv": [5, 8.5, 5.1875, 8.5625], "texture": "#0"},
				"south": {"uv": [8.5, 5, 8.6875, 5.0625], "texture": "#0"},
				"west": {"uv": [5.5, 8.5, 5.6875, 8.5625], "texture": "#0"},
				"up": {"uv": [0.1875, 6.1875, 0, 6], "texture": "#0"},
				"down": {"uv": [6.1875, 0, 6, 0.1875], "texture": "#0"}
			}
		},
		{
			"from": [7.8, -3.175, 7.8],
			"to": [8.2, -3.125, 8.2],
			"faces": {
				"north": {"uv": [8.5, 5.5, 8.6875, 5.5625], "texture": "#0"},
				"east": {"uv": [6, 8.5, 6.1875, 8.5625], "texture": "#0"},
				"south": {"uv": [8.5, 6, 8.6875, 6.0625], "texture": "#0"},
				"west": {"uv": [6.5, 8.5, 6.6875, 8.5625], "texture": "#0"},
				"up": {"uv": [0.6875, 6.1875, 0.5, 6], "texture": "#0"},
				"down": {"uv": [6.1875, 0.5, 6, 0.6875], "texture": "#0"}
			}
		},
		{
			"from": [7.775, -3.125, 7.775],
			"to": [8.225, -2.9, 8.225],
			"faces": {
				"north": {"uv": [2, 6, 2.25, 6.125], "texture": "#0"},
				"east": {"uv": [6, 2, 6.25, 2.125], "texture": "#0"},
				"south": {"uv": [2.5, 6, 2.75, 6.125], "texture": "#0"},
				"west": {"uv": [6, 2.5, 6.25, 2.625], "texture": "#0"},
				"up": {"uv": [2.75, 5.25, 2.5, 5], "texture": "#0"},
				"down": {"uv": [5.25, 2.5, 5, 2.75], "texture": "#0"}
			}
		},
		{
			"from": [7.7, -3.1, 7.85],
			"to": [8.3, -2.925, 8.15],
			"faces": {
				"north": {"uv": [6.5, 1, 6.8125, 1.0625], "texture": "#0"},
				"east": {"uv": [8.5, 7, 8.625, 7.0625], "texture": "#0"},
				"south": {"uv": [1.5, 6.5, 1.8125, 6.5625], "texture": "#0"},
				"west": {"uv": [7.5, 8.5, 7.625, 8.5625], "texture": "#0"},
				"up": {"uv": [3.8125, 5.125, 3.5, 5], "texture": "#0"},
				"down": {"uv": [5.3125, 3.5, 5, 3.625], "texture": "#0"}
			}
		},
		{
			"from": [7.85, -3.1, 7.7],
			"to": [8.15, -2.925, 8.3],
			"faces": {
				"north": {"uv": [8.5, 6.5, 8.625, 6.5625], "texture": "#0"},
				"east": {"uv": [6.5, 0.5, 6.8125, 0.5625], "texture": "#0"},
				"south": {"uv": [7, 8.5, 7.125, 8.5625], "texture": "#0"},
				"west": {"uv": [1, 6.5, 1.3125, 6.5625], "texture": "#0"},
				"up": {"uv": [3.125, 5.3125, 3, 5], "texture": "#0"},
				"down": {"uv": [5.125, 3, 5, 3.3125], "texture": "#0"}
			}
		},
		{
			"from": [7.775, -2.775, 7.775],
			"to": [8.225, -2.225, 8.225],
			"faces": {
				"north": {"uv": [0, 5, 0.25, 5.25], "texture": "#0"},
				"east": {"uv": [5, 0, 5.25, 0.25], "texture": "#0"},
				"south": {"uv": [0.5, 5, 0.75, 5.25], "texture": "#0"},
				"west": {"uv": [5, 0.5, 5.25, 0.75], "texture": "#0"},
				"up": {"uv": [1.25, 5.25, 1, 5], "texture": "#0"},
				"down": {"uv": [5.25, 1, 5, 1.25], "texture": "#0"}
			}
		},
		{
			"from": [7.95, -2.775, 7.7],
			"to": [8.05, -2.225, 8.3],
			"faces": {
				"north": {"uv": [7.5, 3, 7.5625, 3.25], "texture": "#0"},
				"east": {"uv": [3.5, 1.5, 3.8125, 1.75], "texture": "#0"},
				"south": {"uv": [3.5, 7.5, 3.5625, 7.75], "texture": "#0"},
				"west": {"uv": [2, 3.5, 2.3125, 3.75], "texture": "#0"},
				"up": {"uv": [5.5625, 6.3125, 5.5, 6], "texture": "#0"},
				"down": {"uv": [6.0625, 5.5, 6, 5.8125], "texture": "#0"}
			}
		},
		{
			"from": [8.1, -2.775, 7.7],
			"to": [8.2, -2.225, 8.3],
			"faces": {
				"north": {"uv": [7.5, 3.5, 7.5625, 3.75], "texture": "#0"},
				"east": {"uv": [3.5, 2, 3.8125, 2.25], "texture": "#0"},
				"south": {"uv": [4, 7.5, 4.0625, 7.75], "texture": "#0"},
				"west": {"uv": [2.5, 3.5, 2.8125, 3.75], "texture": "#0"},
				"up": {"uv": [6.0625, 6.3125, 6, 6], "texture": "#0"},
				"down": {"uv": [0.0625, 6.5, 0, 6.8125], "texture": "#0"}
			}
		},
		{
			"from": [7.8, -2.775, 7.7],
			"to": [7.9, -2.225, 8.3],
			"faces": {
				"north": {"uv": [7.5, 4, 7.5625, 4.25], "texture": "#0"},
				"east": {"uv": [3.5, 2.5, 3.8125, 2.75], "texture": "#0"},
				"south": {"uv": [4.5, 7.5, 4.5625, 7.75], "texture": "#0"},
				"west": {"uv": [3, 3.5, 3.3125, 3.75], "texture": "#0"},
				"up": {"uv": [6.5625, 0.3125, 6.5, 0], "texture": "#0"},
				"down": {"uv": [0.5625, 6.5, 0.5, 6.8125], "texture": "#0"}
			}
		},
		{
			"from": [7.7, -2.775, 7.95],
			"to": [8.3, -2.225, 8.05],
			"faces": {
				"north": {"uv": [2.5, 3, 2.8125, 3.25], "texture": "#0"},
				"east": {"uv": [7.5, 1.5, 7.5625, 1.75], "texture": "#0"},
				"south": {"uv": [3, 2.5, 3.3125, 2.75], "texture": "#0"},
				"west": {"uv": [2, 7.5, 2.0625, 7.75], "texture": "#0"},
				"up": {"uv": [4.3125, 6.0625, 4, 6], "texture": "#0"},
				"down": {"uv": [6.3125, 4, 6, 4.0625], "texture": "#0"}
			}
		},
		{
			"from": [7.7, -2.775, 8.1],
			"to": [8.3, -2.225, 8.2],
			"faces": {
				"north": {"uv": [3, 3, 3.3125, 3.25], "texture": "#0"},
				"east": {"uv": [7.5, 2, 7.5625, 2.25], "texture": "#0"},
				"south": {"uv": [3.5, 0, 3.8125, 0.25], "texture": "#0"},
				"west": {"uv": [2.5, 7.5, 2.5625, 7.75], "texture": "#0"},
				"up": {"uv": [4.8125, 6.0625, 4.5, 6], "texture": "#0"},
				"down": {"uv": [6.3125, 4.5, 6, 4.5625], "texture": "#0"}
			}
		},
		{
			"from": [7.7, -2.775, 7.8],
			"to": [8.3, -2.225, 7.9],
			"faces": {
				"north": {"uv": [3.5, 0.5, 3.8125, 0.75], "texture": "#0"},
				"east": {"uv": [7.5, 2.5, 7.5625, 2.75], "texture": "#0"},
				"south": {"uv": [3.5, 1, 3.8125, 1.25], "texture": "#0"},
				"west": {"uv": [3, 7.5, 3.0625, 7.75], "texture": "#0"},
				"up": {"uv": [5.3125, 6.0625, 5, 6], "texture": "#0"},
				"down": {"uv": [6.3125, 5, 6, 5.0625], "texture": "#0"}
			}
		},
		{
			"from": [7.75, -2.175, 7.75],
			"to": [8.25, -1.475, 8.25],
			"faces": {
				"north": {"uv": [3, 1, 3.25, 1.375], "texture": "#0"},
				"east": {"uv": [3, 1.5, 3.25, 1.875], "texture": "#0"},
				"south": {"uv": [2, 3, 2.25, 3.375], "texture": "#0"},
				"west": {"uv": [3, 2, 3.25, 2.375], "texture": "#0"},
				"up": {"uv": [3.75, 3.25, 3.5, 3], "texture": "#0"},
				"down": {"uv": [3.75, 3.5, 3.5, 3.75], "texture": "#0"}
			}
		},
		{
			"from": [7.775, -1.375, 7.775],
			"to": [8.225, -1.325, 8.225],
			"faces": {
				"north": {"uv": [7, 7, 7.25, 7.0625], "texture": "#0"},
				"east": {"uv": [0, 7.5, 0.25, 7.5625], "texture": "#0"},
				"south": {"uv": [7.5, 0, 7.75, 0.0625], "texture": "#0"},
				"west": {"uv": [0.5, 7.5, 0.75, 7.5625], "texture": "#0"},
				"up": {"uv": [4.75, 3.75, 4.5, 3.5], "texture": "#0"},
				"down": {"uv": [4.25, 4.5, 4, 4.75], "texture": "#0"}
			}
		},
		{
			"from": [7.8, -1.325, 7.8],
			"to": [8.2, -1.275, 8.2],
			"faces": {
				"north": {"uv": [8.5, 2.5, 8.6875, 2.5625], "texture": "#0"},
				"east": {"uv": [3, 8.5, 3.1875, 8.5625], "texture": "#0"},
				"south": {"uv": [8.5, 3, 8.6875, 3.0625], "texture": "#0"},
				"west": {"uv": [3.5, 8.5, 3.6875, 8.5625], "texture": "#0"},
				"up": {"uv": [5.6875, 4.6875, 5.5, 4.5], "texture": "#0"},
				"down": {"uv": [5.1875, 5.5, 5, 5.6875], "texture": "#0"}
			}
		},
		{
			"from": [7.775, -1.275, 7.775],
			"to": [8.225, -1.225, 8.225],
			"faces": {
				"north": {"uv": [6, 7, 6.25, 7.0625], "texture": "#0"},
				"east": {"uv": [7, 6, 7.25, 6.0625], "texture": "#0"},
				"south": {"uv": [6.5, 7, 6.75, 7.0625], "texture": "#0"},
				"west": {"uv": [7, 6.5, 7.25, 6.5625], "texture": "#0"},
				"up": {"uv": [4.75, 3.25, 4.5, 3], "texture": "#0"},
				"down": {"uv": [3.75, 4.5, 3.5, 4.75], "texture": "#0"}
			}
		},
		{
			"from": [7.8, -1.225, 7.8],
			"to": [8.2, -1.175, 8.2],
			"faces": {
				"north": {"uv": [8.5, 1.5, 8.6875, 1.5625], "texture": "#0"},
				"east": {"uv": [2, 8.5, 2.1875, 8.5625], "texture": "#0"},
				"south": {"uv": [8.5, 2, 8.6875, 2.0625], "texture": "#0"},
				"west": {"uv": [2.5, 8.5, 2.6875, 8.5625], "texture": "#0"},
				"up": {"uv": [5.6875, 4.1875, 5.5, 4], "texture": "#0"},
				"down": {"uv": [4.6875, 5.5, 4.5, 5.6875], "texture": "#0"}
			}
		},
		{
			"from": [7.775, -1.175, 7.775],
			"to": [8.225, -1.125, 8.225],
			"faces": {
				"north": {"uv": [5, 7, 5.25, 7.0625], "texture": "#0"},
				"east": {"uv": [7, 5, 7.25, 5.0625], "texture": "#0"},
				"south": {"uv": [5.5, 7, 5.75, 7.0625], "texture": "#0"},
				"west": {"uv": [7, 5.5, 7.25, 5.5625], "texture": "#0"},
				"up": {"uv": [4.75, 2.75, 4.5, 2.5], "texture": "#0"},
				"down": {"uv": [3.25, 4.5, 3, 4.75], "texture": "#0"}
			}
		},
		{
			"from": [7.8, -1.125, 7.8],
			"to": [8.2, -1.075, 8.2],
			"faces": {
				"north": {"uv": [8.5, 0.5, 8.6875, 0.5625], "texture": "#0"},
				"east": {"uv": [1, 8.5, 1.1875, 8.5625], "texture": "#0"},
				"south": {"uv": [8.5, 1, 8.6875, 1.0625], "texture": "#0"},
				"west": {"uv": [1.5, 8.5, 1.6875, 8.5625], "texture": "#0"},
				"up": {"uv": [5.6875, 3.6875, 5.5, 3.5], "texture": "#0"},
				"down": {"uv": [4.1875, 5.5, 4, 5.6875], "texture": "#0"}
			}
		},
		{
			"from": [7.85, 8.75, 7.85],
			"to": [8.15, 8.95, 8.15],
			"faces": {
				"north": {"uv": [7.875, 1.125, 7.99687, 1.25], "texture": "#1"},
				"east": {"uv": [7.875, 1.125, 7.99687, 1.25], "texture": "#1"},
				"south": {"uv": [7.875, 1.125, 7.99687, 1.25], "texture": "#1"},
				"west": {"uv": [7.875, 1.125, 7.99687, 1.25], "texture": "#1"},
				"up": {"uv": [7.875, 1.125, 7.99687, 1.25], "texture": "#1"},
				"down": {"uv": [7.875, 1.125, 7.99687, 1.25], "texture": "#1"}
			}
		},
		{
			"from": [8.15, 0.45, 7.95],
			"to": [8.15, 9.475, 8.775],
			"rotation": {"angle": 45, "axis": "y", "origin": [7.625, 13.3625, 8.375]},
			"faces": {
				"north": {"uv": [0, 0, 0, 5.175], "texture": "#2"},
				"east": {"uv": [2.69218, 0.89688, 3.19844, 7.88438], "texture": "#2"},
				"south": {"uv": [0, 0, 0, 5.175], "texture": "#2"},
				"west": {"uv": [2.67656, 0.89688, 3.18281, 7.88438], "texture": "#2"},
				"up": {"uv": [0, 0, 0, 0.3], "texture": "#2"},
				"down": {"uv": [0, 0, 0, 0.3], "texture": "#2"}
			}
		}
	],
	"display": {
		"thirdperson_righthand": {
			"rotation": [0, -45, 0],
			"translation": [0, 24.75, 0],
			"scale": [3, 3, 3]
		},
		"thirdperson_lefthand": {
			"rotation": [0, 45, 0],
			"translation": [0, 24.75, 0],
			"scale": [3, 3, 3]
		},
		"firstperson_righthand": {
			"rotation": [-11, 0, 0],
			"translation": [0.75, 14, -1],
			"scale": [1.5, 1.5, 1.5]
		},
		"firstperson_lefthand": {
			"rotation": [-11, 90, 0],
			"translation": [0.75, 14, -1],
			"scale": [1.5, 1.5, 1.5]
		},
		"ground": {
			"translation": [0, 31.75, 0],
			"scale": [3, 3, 3]
		},
		"gui": {
			"rotation": [0, 0, -45],
			"translation": [6.75, 7.5, 0],
			"scale": [2, 2, 2]
		},
		"head": {
			"translation": [0, 16.25, 0]
		},
		"fixed": {
			"rotation": [0, 0, 45],
			"translation": [-7.25, 7.25, 0],
			"scale": [2, 2, 2]
		}
	}
}