{
	"credit": "Made with Blockbench",
	"texture_size": [32, 32],
	"textures": {
		"0": "item/lightsabers/purple_saber_beam",
		"1": "item/lightsabers/mk4",
		"particle": "item/lightsabers/purple_saber_beam"
	},
	"elements": [
		{
			"name": "blade",
			"from": [7.875, -3.675, 7.875],
			"to": [8.125, 0.45, 8.125],
			"rotation": {"angle": 0, "axis": "y", "origin": [8, 8, 8]},
			"faces": {
				"north": {"uv": [0, 0, 0.125, 2.0625], "texture": "#1"},
				"east": {"uv": [0.5, 0, 0.625, 2.0625], "texture": "#1"},
				"south": {"uv": [1, 0, 1.125, 2.0625], "texture": "#1"},
				"west": {"uv": [1.5, 0, 1.625, 2.0625], "texture": "#1"},
				"up": {"uv": [5.625, 6.125, 5.5, 6], "texture": "#1"},
				"down": {"uv": [6.125, 5.5, 6, 5.625], "texture": "#1"}
			}
		},
		{
			"name": "blade",
			"from": [7.8, 0.45, 7.95],
			"to": [8.2, 0.875, 8.05],
			"rotation": {"angle": 0, "axis": "y", "origin": [8, 8, 8]},
			"faces": {
				"north": {"uv": [2.5, 2.5, 2.6875, 2.6875], "texture": "#1"},
				"east": {"uv": [1.5, 7, 1.5625, 7.1875], "texture": "#1"},
				"south": {"uv": [3, 0, 3.1875, 0.1875], "texture": "#1"},
				"west": {"uv": [7, 1.5, 7.0625, 1.6875], "texture": "#1"},
				"up": {"uv": [2.1875, 7.0625, 2, 7], "texture": "#1"},
				"down": {"uv": [7.1875, 2, 7, 2.0625], "texture": "#1"}
			}
		},
		{
			"name": "blade",
			"from": [7.8, 0.45, 7.875],
			"to": [8.2, 0.775, 7.925],
			"rotation": {"angle": 0, "axis": "y", "origin": [8, 8, 8]},
			"faces": {
				"north": {"uv": [0.5, 3, 0.6875, 3.1875], "texture": "#1"},
				"east": {"uv": [2.5, 7, 2.5625, 7.1875], "texture": "#1"},
				"south": {"uv": [3, 0.5, 3.1875, 0.6875], "texture": "#1"},
				"west": {"uv": [7, 2.5, 7.0625, 2.6875], "texture": "#1"},
				"up": {"uv": [3.1875, 7.0625, 3, 7], "texture": "#1"},
				"down": {"uv": [7.1875, 3, 7, 3.0625], "texture": "#1"}
			}
		},
		{
			"name": "blade",
			"from": [7.8, 0.45, 7.8],
			"to": [7.85, 0.675, 7.85],
			"rotation": {"angle": 0, "axis": "y", "origin": [8, 8, 8]},
			"faces": {
				"north": {"uv": [9.5, 5, 9.5625, 5.125], "texture": "#1"},
				"east": {"uv": [5.5, 9.5, 5.5625, 9.625], "texture": "#1"},
				"south": {"uv": [9.5, 5.5, 9.5625, 5.625], "texture": "#1"},
				"west": {"uv": [6, 9.5, 6.0625, 9.625], "texture": "#1"},
				"up": {"uv": [10.5625, 4.5625, 10.5, 4.5], "texture": "#1"},
				"down": {"uv": [5.0625, 10.5, 5, 10.5625], "texture": "#1"}
			}
		},
		{
			"name": "blade",
			"from": [7.8, 0.45, 8.15],
			"to": [7.85, 0.675, 8.2],
			"rotation": {"angle": 0, "axis": "y", "origin": [8, 8, 8]},
			"faces": {
				"north": {"uv": [9.5, 6, 9.5625, 6.125], "texture": "#1"},
				"east": {"uv": [6.5, 9.5, 6.5625, 9.625], "texture": "#1"},
				"south": {"uv": [9.5, 6.5, 9.5625, 6.625], "texture": "#1"},
				"west": {"uv": [7, 9.5, 7.0625, 9.625], "texture": "#1"},
				"up": {"uv": [10.5625, 5.0625, 10.5, 5], "texture": "#1"},
				"down": {"uv": [5.5625, 10.5, 5.5, 10.5625], "texture": "#1"}
			}
		},
		{
			"name": "blade",
			"from": [8.15, 0.45, 8.15],
			"to": [8.2, 0.675, 8.2],
			"rotation": {"angle": 0, "axis": "y", "origin": [8, 8, 8]},
			"faces": {
				"north": {"uv": [9.5, 7, 9.5625, 7.125], "texture": "#1"},
				"east": {"uv": [7.5, 9.5, 7.5625, 9.625], "texture": "#1"},
				"south": {"uv": [9.5, 7.5, 9.5625, 7.625], "texture": "#1"},
				"west": {"uv": [8, 9.5, 8.0625, 9.625], "texture": "#1"},
				"up": {"uv": [10.5625, 5.5625, 10.5, 5.5], "texture": "#1"},
				"down": {"uv": [6.0625, 10.5, 6, 10.5625], "texture": "#1"}
			}
		},
		{
			"name": "blade",
			"from": [7.8, 0.45, 8.075],
			"to": [8.2, 0.775, 8.125],
			"rotation": {"angle": 0, "axis": "y", "origin": [8, 8, 8]},
			"faces": {
				"north": {"uv": [1, 3, 1.1875, 3.1875], "texture": "#1"},
				"east": {"uv": [3.5, 7, 3.5625, 7.1875], "texture": "#1"},
				"south": {"uv": [3, 1, 3.1875, 1.1875], "texture": "#1"},
				"west": {"uv": [7, 3.5, 7.0625, 3.6875], "texture": "#1"},
				"up": {"uv": [4.1875, 7.0625, 4, 7], "texture": "#1"},
				"down": {"uv": [7.1875, 4, 7, 4.0625], "texture": "#1"}
			}
		},
		{
			"name": "blade",
			"from": [8.15, 0.45, 7.8],
			"to": [8.2, 0.675, 7.85],
			"rotation": {"angle": 0, "axis": "y", "origin": [8, 8, 8]},
			"faces": {
				"north": {"uv": [9.5, 8, 9.5625, 8.125], "texture": "#1"},
				"east": {"uv": [8.5, 9.5, 8.5625, 9.625], "texture": "#1"},
				"south": {"uv": [9.5, 8.5, 9.5625, 8.625], "texture": "#1"},
				"west": {"uv": [9, 9.5, 9.0625, 9.625], "texture": "#1"},
				"up": {"uv": [10.5625, 6.0625, 10.5, 6], "texture": "#1"},
				"down": {"uv": [6.5625, 10.5, 6.5, 10.5625], "texture": "#1"}
			}
		},
		{
			"name": "blade",
			"from": [7.95, 0.45, 7.8],
			"to": [8.05, 0.875, 8.2],
			"rotation": {"angle": 0, "axis": "y", "origin": [8, 0.6625, 8]},
			"faces": {
				"north": {"uv": [4.5, 7, 4.5625, 7.1875], "texture": "#1"},
				"east": {"uv": [1.5, 3, 1.6875, 3.1875], "texture": "#1"},
				"south": {"uv": [7, 4.5, 7.0625, 4.6875], "texture": "#1"},
				"west": {"uv": [3, 1.5, 3.1875, 1.6875], "texture": "#1"},
				"up": {"uv": [5.0625, 7.1875, 5, 7], "texture": "#1"},
				"down": {"uv": [7.0625, 5, 7, 5.1875], "texture": "#1"}
			}
		},
		{
			"name": "blade",
			"from": [7.8, 0.3, 7.8],
			"to": [8.2, 0.45, 8.2],
			"rotation": {"angle": 0, "axis": "y", "origin": [8, 0.6625, 8]},
			"faces": {
				"north": {"uv": [5.5, 7, 5.6875, 7.0625], "texture": "#1"},
				"east": {"uv": [7, 5.5, 7.1875, 5.5625], "texture": "#1"},
				"south": {"uv": [6, 7, 6.1875, 7.0625], "texture": "#1"},
				"west": {"uv": [7, 6, 7.1875, 6.0625], "texture": "#1"},
				"up": {"uv": [2.1875, 3.1875, 2, 3], "texture": "#1"},
				"down": {"uv": [3.1875, 2, 3, 2.1875], "texture": "#1"}
			}
		},
		{
			"name": "blade",
			"from": [7.825, 0.175, 7.825],
			"to": [8.175, 0.3, 8.175],
			"rotation": {"angle": 0, "axis": "y", "origin": [8, 0.6625, 8]},
			"faces": {
				"north": {"uv": [6.5, 7, 6.6875, 7.0625], "texture": "#1"},
				"east": {"uv": [7, 6.5, 7.1875, 6.5625], "texture": "#1"},
				"south": {"uv": [7, 7, 7.1875, 7.0625], "texture": "#1"},
				"west": {"uv": [0, 7.5, 0.1875, 7.5625], "texture": "#1"},
				"up": {"uv": [2.6875, 3.1875, 2.5, 3], "texture": "#1"},
				"down": {"uv": [3.1875, 2.5, 3, 2.6875], "texture": "#1"}
			}
		},
		{
			"name": "blade",
			"from": [7.85, 0.05, 7.85],
			"to": [8.15, 0.175, 8.15],
			"rotation": {"angle": 0, "axis": "y", "origin": [8, 0.6625, 8]},
			"faces": {
				"north": {"uv": [9.5, 9, 9.625, 9.0625], "texture": "#1"},
				"east": {"uv": [9.5, 9.5, 9.625, 9.5625], "texture": "#1"},
				"south": {"uv": [0, 10, 0.125, 10.0625], "texture": "#1"},
				"west": {"uv": [10, 0, 10.125, 0.0625], "texture": "#1"},
				"up": {"uv": [6.125, 6.125, 6, 6], "texture": "#1"},
				"down": {"uv": [0.125, 6.5, 0, 6.625], "texture": "#1"}
			}
		},
		{
			"name": "blade",
			"from": [7.85, -0.3, 7.85],
			"to": [8.15, -0.2, 8.15],
			"rotation": {"angle": 0, "axis": "y", "origin": [8, 0.6625, 8]},
			"faces": {
				"north": {"uv": [0.5, 10, 0.625, 10.0625], "texture": "#1"},
				"east": {"uv": [10, 0.5, 10.125, 0.5625], "texture": "#1"},
				"south": {"uv": [1, 10, 1.125, 10.0625], "texture": "#1"},
				"west": {"uv": [10, 1, 10.125, 1.0625], "texture": "#1"},
				"up": {"uv": [6.625, 0.125, 6.5, 0], "texture": "#1"},
				"down": {"uv": [0.625, 6.5, 0.5, 6.625], "texture": "#1"}
			}
		},
		{
			"name": "blade",
			"from": [7.85, -0.1, 7.85],
			"to": [8.15, -0.05, 8.15],
			"rotation": {"angle": 0, "axis": "y", "origin": [8, 0.6625, 8]},
			"faces": {
				"north": {"uv": [1.5, 10, 1.625, 10.0625], "texture": "#1"},
				"east": {"uv": [10, 1.5, 10.125, 1.5625], "texture": "#1"},
				"south": {"uv": [2, 10, 2.125, 10.0625], "texture": "#1"},
				"west": {"uv": [10, 2, 10.125, 2.0625], "texture": "#1"},
				"up": {"uv": [6.625, 0.625, 6.5, 0.5], "texture": "#1"},
				"down": {"uv": [1.125, 6.5, 1, 6.625], "texture": "#1"}
			}
		},
		{
			"name": "blade",
			"from": [7.825, -0.35, 7.825],
			"to": [8.175, -0.25, 8.175],
			"rotation": {"angle": 0, "axis": "y", "origin": [8, 0.6625, 8]},
			"faces": {
				"north": {"uv": [7.5, 0, 7.6875, 0.0625], "texture": "#1"},
				"east": {"uv": [0.5, 7.5, 0.6875, 7.5625], "texture": "#1"},
				"south": {"uv": [7.5, 0.5, 7.6875, 0.5625], "texture": "#1"},
				"west": {"uv": [1, 7.5, 1.1875, 7.5625], "texture": "#1"},
				"up": {"uv": [3.1875, 3.1875, 3, 3], "texture": "#1"},
				"down": {"uv": [0.1875, 3.5, 0, 3.6875], "texture": "#1"}
			}
		},
		{
			"name": "blade",
			"from": [7.8, -0.45, 7.8],
			"to": [8.2, -0.35, 8.2],
			"rotation": {"angle": 0, "axis": "y", "origin": [8, 0.6625, 8]},
			"faces": {
				"north": {"uv": [7.5, 1, 7.6875, 1.0625], "texture": "#1"},
				"east": {"uv": [1.5, 7.5, 1.6875, 7.5625], "texture": "#1"},
				"south": {"uv": [7.5, 1.5, 7.6875, 1.5625], "texture": "#1"},
				"west": {"uv": [2, 7.5, 2.1875, 7.5625], "texture": "#1"},
				"up": {"uv": [3.6875, 0.1875, 3.5, 0], "texture": "#1"},
				"down": {"uv": [0.6875, 3.5, 0.5, 3.6875], "texture": "#1"}
			}
		},
		{
			"name": "blade",
			"from": [7.825, -2.45, 7.825],
			"to": [8.175, -2.375, 8.175],
			"rotation": {"angle": 0, "axis": "y", "origin": [8, 0.6625, 8]},
			"faces": {
				"north": {"uv": [7.5, 2, 7.6875, 2.0625], "texture": "#1"},
				"east": {"uv": [2.5, 7.5, 2.6875, 7.5625], "texture": "#1"},
				"south": {"uv": [7.5, 2.5, 7.6875, 2.5625], "texture": "#1"},
				"west": {"uv": [3, 7.5, 3.1875, 7.5625], "texture": "#1"},
				"up": {"uv": [3.6875, 0.6875, 3.5, 0.5], "texture": "#1"},
				"down": {"uv": [1.1875, 3.5, 1, 3.6875], "texture": "#1"}
			}
		},
		{
			"name": "blade",
			"from": [7.825, -3.8, 7.825],
			"to": [8.175, -3.125, 8.175],
			"rotation": {"angle": 0, "axis": "y", "origin": [8, 0.6625, 8]},
			"faces": {
				"north": {"uv": [2.5, 1, 2.6875, 1.3125], "texture": "#1"},
				"east": {"uv": [1.5, 2.5, 1.6875, 2.8125], "texture": "#1"},
				"south": {"uv": [2.5, 1.5, 2.6875, 1.8125], "texture": "#1"},
				"west": {"uv": [2.5, 2, 2.6875, 2.3125], "texture": "#1"},
				"up": {"uv": [3.6875, 1.1875, 3.5, 1], "texture": "#1"},
				"down": {"uv": [1.6875, 3.5, 1.5, 3.6875], "texture": "#1"}
			}
		},
		{
			"name": "blade",
			"from": [7.8, -2.6, 7.8],
			"to": [8.2, -2.475, 8.2],
			"rotation": {"angle": 0, "axis": "y", "origin": [8, 0.6625, 8]},
			"faces": {
				"north": {"uv": [7.5, 2.9375, 7.6875, 3.0625], "texture": "#1"},
				"east": {"uv": [3.5, 7.4375, 3.6875, 7.5625], "texture": "#1"},
				"south": {"uv": [7.5, 3.4375, 7.6875, 3.5625], "texture": "#1"},
				"west": {"uv": [4, 7.4375, 4.1875, 7.5625], "texture": "#1"},
				"up": {"uv": [3.6875, 1.6875, 3.5, 1.5], "texture": "#1"},
				"down": {"uv": [2.1875, 3.5, 2, 3.6875], "texture": "#1"}
			}
		},
		{
			"name": "blade",
			"from": [7.85, -2.925, 7.85],
			"to": [8.15, -2.875, 8.15],
			"rotation": {"angle": 0, "axis": "y", "origin": [8, 0.6625, 8]},
			"faces": {
				"north": {"uv": [2.5, 10, 2.625, 10.0625], "texture": "#1"},
				"east": {"uv": [10, 2.5, 10.125, 2.5625], "texture": "#1"},
				"south": {"uv": [3, 10, 3.125, 10.0625], "texture": "#1"},
				"west": {"uv": [10, 3, 10.125, 3.0625], "texture": "#1"},
				"up": {"uv": [6.625, 1.125, 6.5, 1], "texture": "#1"},
				"down": {"uv": [1.625, 6.5, 1.5, 6.625], "texture": "#1"}
			}
		},
		{
			"name": "blade",
			"from": [7.825, -2.975, 7.825],
			"to": [8.175, -2.925, 8.175],
			"rotation": {"angle": 0, "axis": "y", "origin": [8, 0.6625, 8]},
			"faces": {
				"north": {"uv": [7.5, 4, 7.6875, 4.0625], "texture": "#1"},
				"east": {"uv": [4.5, 7.5, 4.6875, 7.5625], "texture": "#1"},
				"south": {"uv": [7.5, 4.5, 7.6875, 4.5625], "texture": "#1"},
				"west": {"uv": [5, 7.5, 5.1875, 7.5625], "texture": "#1"},
				"up": {"uv": [3.6875, 2.1875, 3.5, 2], "texture": "#1"},
				"down": {"uv": [2.6875, 3.5, 2.5, 3.6875], "texture": "#1"}
			}
		},
		{
			"name": "blade",
			"from": [7.85, -2.475, 7.85],
			"to": [8.15, -0.425, 8.15],
			"rotation": {"angle": 0, "axis": "y", "origin": [8, 0.6625, 8]},
			"faces": {
				"north": {"uv": [2, 0, 2.125, 1], "texture": "#1"},
				"east": {"uv": [2, 1, 2.125, 2], "texture": "#1"},
				"south": {"uv": [2, 2, 2.125, 3], "texture": "#1"},
				"west": {"uv": [0, 2.5, 0.125, 3.5], "texture": "#1"},
				"up": {"uv": [6.625, 1.625, 6.5, 1.5], "texture": "#1"},
				"down": {"uv": [2.125, 6.5, 2, 6.625], "texture": "#1"}
			}
		},
		{
			"name": "blade",
			"from": [7.825, -0.5, 7.825],
			"to": [8.175, -0.45, 8.175],
			"rotation": {"angle": 0, "axis": "y", "origin": [8, 0.6625, 8]},
			"faces": {
				"north": {"uv": [7.5, 5, 7.6875, 5.0625], "texture": "#1"},
				"east": {"uv": [5.5, 7.5, 5.6875, 7.5625], "texture": "#1"},
				"south": {"uv": [7.5, 5.5, 7.6875, 5.5625], "texture": "#1"},
				"west": {"uv": [6, 7.5, 6.1875, 7.5625], "texture": "#1"},
				"up": {"uv": [3.6875, 2.6875, 3.5, 2.5], "texture": "#1"},
				"down": {"uv": [3.1875, 3.5, 3, 3.6875], "texture": "#1"}
			}
		},
		{
			"name": "blade",
			"from": [7.825, -0.575, 7.825],
			"to": [8.175, -0.525, 8.175],
			"rotation": {"angle": 0, "axis": "y", "origin": [8, 0.6625, 8]},
			"faces": {
				"north": {"uv": [7.5, 6, 7.6875, 6.0625], "texture": "#1"},
				"east": {"uv": [6.5, 7.5, 6.6875, 7.5625], "texture": "#1"},
				"south": {"uv": [7.5, 6.5, 7.6875, 6.5625], "texture": "#1"},
				"west": {"uv": [7, 7.5, 7.1875, 7.5625], "texture": "#1"},
				"up": {"uv": [3.6875, 3.1875, 3.5, 3], "texture": "#1"},
				"down": {"uv": [3.6875, 3.5, 3.5, 3.6875], "texture": "#1"}
			}
		},
		{
			"name": "blade",
			"from": [7.825, -1.125, 7.825],
			"to": [8.175, -1.075, 8.175],
			"rotation": {"angle": 0, "axis": "y", "origin": [8, 0.6625, 8]},
			"faces": {
				"north": {"uv": [7.5, 7, 7.6875, 7.0625], "texture": "#1"},
				"east": {"uv": [7.5, 7.5, 7.6875, 7.5625], "texture": "#1"},
				"south": {"uv": [0, 8, 0.1875, 8.0625], "texture": "#1"},
				"west": {"uv": [8, 0, 8.1875, 0.0625], "texture": "#1"},
				"up": {"uv": [0.1875, 4.1875, 0, 4], "texture": "#1"},
				"down": {"uv": [4.1875, 0, 4, 0.1875], "texture": "#1"}
			}
		},
		{
			"name": "blade",
			"from": [7.825, -1.2, 7.825],
			"to": [8.175, -1.15, 8.175],
			"rotation": {"angle": 0, "axis": "y", "origin": [8, 0.6625, 8]},
			"faces": {
				"north": {"uv": [0.5, 8, 0.6875, 8.0625], "texture": "#1"},
				"east": {"uv": [8, 0.5, 8.1875, 0.5625], "texture": "#1"},
				"south": {"uv": [1, 8, 1.1875, 8.0625], "texture": "#1"},
				"west": {"uv": [8, 1, 8.1875, 1.0625], "texture": "#1"},
				"up": {"uv": [0.6875, 4.1875, 0.5, 4], "texture": "#1"},
				"down": {"uv": [4.1875, 0.5, 4, 0.6875], "texture": "#1"}
			}
		},
		{
			"name": "blade",
			"from": [7.825, -1.275, 7.825],
			"to": [8.175, -1.225, 8.175],
			"rotation": {"angle": 0, "axis": "y", "origin": [8, 0.6625, 8]},
			"faces": {
				"north": {"uv": [1.5, 8, 1.6875, 8.0625], "texture": "#1"},
				"east": {"uv": [8, 1.5, 8.1875, 1.5625], "texture": "#1"},
				"south": {"uv": [2, 8, 2.1875, 8.0625], "texture": "#1"},
				"west": {"uv": [8, 2, 8.1875, 2.0625], "texture": "#1"},
				"up": {"uv": [1.1875, 4.1875, 1, 4], "texture": "#1"},
				"down": {"uv": [4.1875, 1, 4, 1.1875], "texture": "#1"}
			}
		},
		{
			"name": "blade",
			"from": [7.825, -1.35, 7.825],
			"to": [8.175, -1.3, 8.175],
			"rotation": {"angle": 0, "axis": "y", "origin": [8, 0.6625, 8]},
			"faces": {
				"north": {"uv": [2.5, 8, 2.6875, 8.0625], "texture": "#1"},
				"east": {"uv": [8, 2.5, 8.1875, 2.5625], "texture": "#1"},
				"south": {"uv": [3, 8, 3.1875, 8.0625], "texture": "#1"},
				"west": {"uv": [8, 3, 8.1875, 3.0625], "texture": "#1"},
				"up": {"uv": [1.6875, 4.1875, 1.5, 4], "texture": "#1"},
				"down": {"uv": [4.1875, 1.5, 4, 1.6875], "texture": "#1"}
			}
		},
		{
			"name": "blade",
			"from": [7.825, -1.425, 7.825],
			"to": [8.175, -1.375, 8.175],
			"rotation": {"angle": 0, "axis": "y", "origin": [8, 0.6625, 8]},
			"faces": {
				"north": {"uv": [3.5, 8, 3.6875, 8.0625], "texture": "#1"},
				"east": {"uv": [8, 3.5, 8.1875, 3.5625], "texture": "#1"},
				"south": {"uv": [4, 8, 4.1875, 8.0625], "texture": "#1"},
				"west": {"uv": [8, 4, 8.1875, 4.0625], "texture": "#1"},
				"up": {"uv": [2.1875, 4.1875, 2, 4], "texture": "#1"},
				"down": {"uv": [4.1875, 2, 4, 2.1875], "texture": "#1"}
			}
		},
		{
			"name": "blade",
			"from": [7.825, -1.65, 7.825],
			"to": [8.175, -1.6, 8.175],
			"rotation": {"angle": 0, "axis": "y", "origin": [8, 0.6625, 8]},
			"faces": {
				"north": {"uv": [4.5, 8, 4.6875, 8.0625], "texture": "#1"},
				"east": {"uv": [8, 4.5, 8.1875, 4.5625], "texture": "#1"},
				"south": {"uv": [5, 8, 5.1875, 8.0625], "texture": "#1"},
				"west": {"uv": [8, 5, 8.1875, 5.0625], "texture": "#1"},
				"up": {"uv": [2.6875, 4.1875, 2.5, 4], "texture": "#1"},
				"down": {"uv": [4.1875, 2.5, 4, 2.6875], "texture": "#1"}
			}
		},
		{
			"name": "blade",
			"from": [7.825, -1.5, 7.825],
			"to": [8.175, -1.45, 8.175],
			"rotation": {"angle": 0, "axis": "y", "origin": [8, 0.6625, 8]},
			"faces": {
				"north": {"uv": [5.5, 8, 5.6875, 8.0625], "texture": "#1"},
				"east": {"uv": [8, 5.5, 8.1875, 5.5625], "texture": "#1"},
				"south": {"uv": [6, 8, 6.1875, 8.0625], "texture": "#1"},
				"west": {"uv": [8, 6, 8.1875, 6.0625], "texture": "#1"},
				"up": {"uv": [3.1875, 4.1875, 3, 4], "texture": "#1"},
				"down": {"uv": [4.1875, 3, 4, 3.1875], "texture": "#1"}
			}
		},
		{
			"name": "blade",
			"from": [7.825, -1.575, 7.825],
			"to": [8.175, -1.525, 8.175],
			"rotation": {"angle": 0, "axis": "y", "origin": [8, 0.6625, 8]},
			"faces": {
				"north": {"uv": [6.5, 8, 6.6875, 8.0625], "texture": "#1"},
				"east": {"uv": [8, 6.5, 8.1875, 6.5625], "texture": "#1"},
				"south": {"uv": [7, 8, 7.1875, 8.0625], "texture": "#1"},
				"west": {"uv": [8, 7, 8.1875, 7.0625], "texture": "#1"},
				"up": {"uv": [3.6875, 4.1875, 3.5, 4], "texture": "#1"},
				"down": {"uv": [4.1875, 3.5, 4, 3.6875], "texture": "#1"}
			}
		},
		{
			"name": "blade",
			"from": [7.825, -0.65, 7.825],
			"to": [8.175, -0.6, 8.175],
			"rotation": {"angle": 0, "axis": "y", "origin": [8, 0.6625, 8]},
			"faces": {
				"north": {"uv": [7.5, 8, 7.6875, 8.0625], "texture": "#1"},
				"east": {"uv": [8, 7.5, 8.1875, 7.5625], "texture": "#1"},
				"south": {"uv": [8, 8, 8.1875, 8.0625], "texture": "#1"},
				"west": {"uv": [0, 8.5, 0.1875, 8.5625], "texture": "#1"},
				"up": {"uv": [4.1875, 4.1875, 4, 4], "texture": "#1"},
				"down": {"uv": [0.1875, 4.5, 0, 4.6875], "texture": "#1"}
			}
		},
		{
			"name": "blade",
			"from": [7.825, -0.875, 7.825],
			"to": [8.175, -0.825, 8.175],
			"rotation": {"angle": 0, "axis": "y", "origin": [8, 0.6625, 8]},
			"faces": {
				"north": {"uv": [8.5, 0, 8.6875, 0.0625], "texture": "#1"},
				"east": {"uv": [0.5, 8.5, 0.6875, 8.5625], "texture": "#1"},
				"south": {"uv": [8.5, 0.5, 8.6875, 0.5625], "texture": "#1"},
				"west": {"uv": [1, 8.5, 1.1875, 8.5625], "texture": "#1"},
				"up": {"uv": [4.6875, 0.1875, 4.5, 0], "texture": "#1"},
				"down": {"uv": [0.6875, 4.5, 0.5, 4.6875], "texture": "#1"}
			}
		},
		{
			"name": "blade",
			"from": [7.825, -0.8, 7.825],
			"to": [8.175, -0.75, 8.175],
			"rotation": {"angle": 0, "axis": "y", "origin": [8, 0.6625, 8]},
			"faces": {
				"north": {"uv": [8.5, 1, 8.6875, 1.0625], "texture": "#1"},
				"east": {"uv": [1.5, 8.5, 1.6875, 8.5625], "texture": "#1"},
				"south": {"uv": [8.5, 1.5, 8.6875, 1.5625], "texture": "#1"},
				"west": {"uv": [2, 8.5, 2.1875, 8.5625], "texture": "#1"},
				"up": {"uv": [4.6875, 0.6875, 4.5, 0.5], "texture": "#1"},
				"down": {"uv": [1.1875, 4.5, 1, 4.6875], "texture": "#1"}
			}
		},
		{
			"name": "blade",
			"from": [7.825, -1.025, 7.825],
			"to": [8.175, -0.975, 8.175],
			"rotation": {"angle": 0, "axis": "y", "origin": [8, 0.6625, 8]},
			"faces": {
				"north": {"uv": [8.5, 2, 8.6875, 2.0625], "texture": "#1"},
				"east": {"uv": [2.5, 8.5, 2.6875, 8.5625], "texture": "#1"},
				"south": {"uv": [8.5, 2.5, 8.6875, 2.5625], "texture": "#1"},
				"west": {"uv": [3, 8.5, 3.1875, 8.5625], "texture": "#1"},
				"up": {"uv": [4.6875, 1.1875, 4.5, 1], "texture": "#1"},
				"down": {"uv": [1.6875, 4.5, 1.5, 4.6875], "texture": "#1"}
			}
		},
		{
			"name": "blade",
			"from": [7.825, -0.95, 7.825],
			"to": [8.175, -0.9, 8.175],
			"rotation": {"angle": 0, "axis": "y", "origin": [8, 0.6625, 8]},
			"faces": {
				"north": {"uv": [8.5, 3, 8.6875, 3.0625], "texture": "#1"},
				"east": {"uv": [3.5, 8.5, 3.6875, 8.5625], "texture": "#1"},
				"south": {"uv": [8.5, 3.5, 8.6875, 3.5625], "texture": "#1"},
				"west": {"uv": [4, 8.5, 4.1875, 8.5625], "texture": "#1"},
				"up": {"uv": [4.6875, 1.6875, 4.5, 1.5], "texture": "#1"},
				"down": {"uv": [2.1875, 4.5, 2, 4.6875], "texture": "#1"}
			}
		},
		{
			"name": "blade",
			"from": [7.825, -0.725, 7.825],
			"to": [8.175, -0.675, 8.175],
			"rotation": {"angle": 0, "axis": "y", "origin": [8, 0.6625, 8]},
			"faces": {
				"north": {"uv": [8.5, 4, 8.6875, 4.0625], "texture": "#1"},
				"east": {"uv": [4.5, 8.5, 4.6875, 8.5625], "texture": "#1"},
				"south": {"uv": [8.5, 4.5, 8.6875, 4.5625], "texture": "#1"},
				"west": {"uv": [5, 8.5, 5.1875, 8.5625], "texture": "#1"},
				"up": {"uv": [4.6875, 2.1875, 4.5, 2], "texture": "#1"},
				"down": {"uv": [2.6875, 4.5, 2.5, 4.6875], "texture": "#1"}
			}
		},
		{
			"name": "blade",
			"from": [7.825, -2.275, 7.825],
			"to": [8.175, -2.225, 8.175],
			"rotation": {"angle": 0, "axis": "y", "origin": [8, 0.6625, 8]},
			"faces": {
				"north": {"uv": [8.5, 5, 8.6875, 5.0625], "texture": "#1"},
				"east": {"uv": [5.5, 8.5, 5.6875, 8.5625], "texture": "#1"},
				"south": {"uv": [8.5, 5.5, 8.6875, 5.5625], "texture": "#1"},
				"west": {"uv": [6, 8.5, 6.1875, 8.5625], "texture": "#1"},
				"up": {"uv": [4.6875, 2.6875, 4.5, 2.5], "texture": "#1"},
				"down": {"uv": [3.1875, 4.5, 3, 4.6875], "texture": "#1"}
			}
		},
		{
			"name": "blade",
			"from": [7.825, -2.35, 7.825],
			"to": [8.175, -2.3, 8.175],
			"rotation": {"angle": 0, "axis": "y", "origin": [8, 0.6625, 8]},
			"faces": {
				"north": {"uv": [8.5, 6, 8.6875, 6.0625], "texture": "#1"},
				"east": {"uv": [6.5, 8.5, 6.6875, 8.5625], "texture": "#1"},
				"south": {"uv": [8.5, 6.5, 8.6875, 6.5625], "texture": "#1"},
				"west": {"uv": [7, 8.5, 7.1875, 8.5625], "texture": "#1"},
				"up": {"uv": [4.6875, 3.1875, 4.5, 3], "texture": "#1"},
				"down": {"uv": [3.6875, 4.5, 3.5, 4.6875], "texture": "#1"}
			}
		},
		{
			"name": "blade",
			"from": [7.825, -2.2, 7.825],
			"to": [8.175, -2.15, 8.175],
			"rotation": {"angle": 0, "axis": "y", "origin": [8, 0.6625, 8]},
			"faces": {
				"north": {"uv": [8.5, 7, 8.6875, 7.0625], "texture": "#1"},
				"east": {"uv": [7.5, 8.5, 7.6875, 8.5625], "texture": "#1"},
				"south": {"uv": [8.5, 7.5, 8.6875, 7.5625], "texture": "#1"},
				"west": {"uv": [8, 8.5, 8.1875, 8.5625], "texture": "#1"},
				"up": {"uv": [4.6875, 3.6875, 4.5, 3.5], "texture": "#1"},
				"down": {"uv": [4.1875, 4.5, 4, 4.6875], "texture": "#1"}
			}
		},
		{
			"name": "blade",
			"from": [7.825, -2.125, 7.825],
			"to": [8.175, -2.075, 8.175],
			"rotation": {"angle": 0, "axis": "y", "origin": [8, 0.6625, 8]},
			"faces": {
				"north": {"uv": [8.5, 8, 8.6875, 8.0625], "texture": "#1"},
				"east": {"uv": [8.5, 8.5, 8.6875, 8.5625], "texture": "#1"},
				"south": {"uv": [0, 9, 0.1875, 9.0625], "texture": "#1"},
				"west": {"uv": [9, 0, 9.1875, 0.0625], "texture": "#1"},
				"up": {"uv": [4.6875, 4.1875, 4.5, 4], "texture": "#1"},
				"down": {"uv": [4.6875, 4.5, 4.5, 4.6875], "texture": "#1"}
			}
		},
		{
			"name": "blade",
			"from": [7.825, -2.05, 7.825],
			"to": [8.175, -2, 8.175],
			"rotation": {"angle": 0, "axis": "y", "origin": [8, 0.6625, 8]},
			"faces": {
				"north": {"uv": [0.5, 9, 0.6875, 9.0625], "texture": "#1"},
				"east": {"uv": [9, 0.5, 9.1875, 0.5625], "texture": "#1"},
				"south": {"uv": [1, 9, 1.1875, 9.0625], "texture": "#1"},
				"west": {"uv": [9, 1, 9.1875, 1.0625], "texture": "#1"},
				"up": {"uv": [0.1875, 5.1875, 0, 5], "texture": "#1"},
				"down": {"uv": [5.1875, 0, 5, 0.1875], "texture": "#1"}
			}
		},
		{
			"name": "blade",
			"from": [7.825, -1.975, 7.825],
			"to": [8.175, -1.925, 8.175],
			"rotation": {"angle": 0, "axis": "y", "origin": [8, 0.6625, 8]},
			"faces": {
				"north": {"uv": [1.5, 9, 1.6875, 9.0625], "texture": "#1"},
				"east": {"uv": [9, 1.5, 9.1875, 1.5625], "texture": "#1"},
				"south": {"uv": [2, 9, 2.1875, 9.0625], "texture": "#1"},
				"west": {"uv": [9, 2, 9.1875, 2.0625], "texture": "#1"},
				"up": {"uv": [0.6875, 5.1875, 0.5, 5], "texture": "#1"},
				"down": {"uv": [5.1875, 0.5, 5, 0.6875], "texture": "#1"}
			}
		},
		{
			"name": "blade",
			"from": [7.825, -1.9, 7.825],
			"to": [8.175, -1.85, 8.175],
			"rotation": {"angle": 0, "axis": "y", "origin": [8, 0.6625, 8]},
			"faces": {
				"north": {"uv": [2.5, 9, 2.6875, 9.0625], "texture": "#1"},
				"east": {"uv": [9, 2.5, 9.1875, 2.5625], "texture": "#1"},
				"south": {"uv": [3, 9, 3.1875, 9.0625], "texture": "#1"},
				"west": {"uv": [9, 3, 9.1875, 3.0625], "texture": "#1"},
				"up": {"uv": [1.1875, 5.1875, 1, 5], "texture": "#1"},
				"down": {"uv": [5.1875, 1, 5, 1.1875], "texture": "#1"}
			}
		},
		{
			"name": "blade",
			"from": [7.825, -1.825, 7.825],
			"to": [8.175, -1.775, 8.175],
			"rotation": {"angle": 0, "axis": "y", "origin": [8, 0.6625, 8]},
			"faces": {
				"north": {"uv": [3.5, 9, 3.6875, 9.0625], "texture": "#1"},
				"east": {"uv": [9, 3.5, 9.1875, 3.5625], "texture": "#1"},
				"south": {"uv": [4, 9, 4.1875, 9.0625], "texture": "#1"},
				"west": {"uv": [9, 4, 9.1875, 4.0625], "texture": "#1"},
				"up": {"uv": [1.6875, 5.1875, 1.5, 5], "texture": "#1"},
				"down": {"uv": [5.1875, 1.5, 5, 1.6875], "texture": "#1"}
			}
		},
		{
			"name": "blade",
			"from": [7.825, -1.75, 7.825],
			"to": [8.175, -1.7, 8.175],
			"rotation": {"angle": 0, "axis": "y", "origin": [8, 0.6625, 8]},
			"faces": {
				"north": {"uv": [4.5, 9, 4.6875, 9.0625], "texture": "#1"},
				"east": {"uv": [9, 4.5, 9.1875, 4.5625], "texture": "#1"},
				"south": {"uv": [5, 9, 5.1875, 9.0625], "texture": "#1"},
				"west": {"uv": [9, 5, 9.1875, 5.0625], "texture": "#1"},
				"up": {"uv": [2.1875, 5.1875, 2, 5], "texture": "#1"},
				"down": {"uv": [5.1875, 2, 5, 2.1875], "texture": "#1"}
			}
		},
		{
			"name": "blade",
			"from": [7.8, -3.025, 7.8],
			"to": [8.2, -2.975, 8.2],
			"rotation": {"angle": 0, "axis": "y", "origin": [8, 0.6625, 8]},
			"faces": {
				"north": {"uv": [5.5, 9, 5.6875, 9.0625], "texture": "#1"},
				"east": {"uv": [9, 5.5, 9.1875, 5.5625], "texture": "#1"},
				"south": {"uv": [6, 9, 6.1875, 9.0625], "texture": "#1"},
				"west": {"uv": [9, 6, 9.1875, 6.0625], "texture": "#1"},
				"up": {"uv": [2.6875, 5.1875, 2.5, 5], "texture": "#1"},
				"down": {"uv": [5.1875, 2.5, 5, 2.6875], "texture": "#1"}
			}
		},
		{
			"name": "blade",
			"from": [8.175, -3.85, 7.775],
			"to": [8.225, -3.125, 7.825],
			"rotation": {"angle": 0, "axis": "y", "origin": [8, 0.6625, 8]},
			"faces": {
				"north": {"uv": [5.5, 3, 5.5625, 3.375], "texture": "#1"},
				"east": {"uv": [3.5, 5.5, 3.5625, 5.875], "texture": "#1"},
				"south": {"uv": [5.5, 3.5, 5.5625, 3.875], "texture": "#1"},
				"west": {"uv": [4, 5.5, 4.0625, 5.875], "texture": "#1"},
				"up": {"uv": [10.5625, 6.5625, 10.5, 6.5], "texture": "#1"},
				"down": {"uv": [7.0625, 10.5, 7, 10.5625], "texture": "#1"}
			}
		},
		{
			"name": "blade",
			"from": [8.175, -3.85, 8.175],
			"to": [8.225, -3.125, 8.225],
			"rotation": {"angle": 0, "axis": "y", "origin": [8, 0.6625, 8]},
			"faces": {
				"north": {"uv": [5.5, 4, 5.5625, 4.375], "texture": "#1"},
				"east": {"uv": [4.5, 5.5, 4.5625, 5.875], "texture": "#1"},
				"south": {"uv": [5.5, 4.5, 5.5625, 4.875], "texture": "#1"},
				"west": {"uv": [5, 5.5, 5.0625, 5.875], "texture": "#1"},
				"up": {"uv": [10.5625, 7.0625, 10.5, 7], "texture": "#1"},
				"down": {"uv": [7.5625, 10.5, 7.5, 10.5625], "texture": "#1"}
			}
		},
		{
			"name": "blade",
			"from": [7.775, -3.85, 7.775],
			"to": [7.825, -3.125, 7.825],
			"rotation": {"angle": 0, "axis": "y", "origin": [8, 0.6625, 8]},
			"faces": {
				"north": {"uv": [5.5, 5, 5.5625, 5.375], "texture": "#1"},
				"east": {"uv": [5.5, 5.5, 5.5625, 5.875], "texture": "#1"},
				"south": {"uv": [0, 6, 0.0625, 6.375], "texture": "#1"},
				"west": {"uv": [6, 0, 6.0625, 0.375], "texture": "#1"},
				"up": {"uv": [10.5625, 7.5625, 10.5, 7.5], "texture": "#1"},
				"down": {"uv": [8.0625, 10.5, 8, 10.5625], "texture": "#1"}
			}
		},
		{
			"name": "blade",
			"from": [7.775, -3.85, 8.175],
			"to": [7.825, -3.125, 8.225],
			"rotation": {"angle": 0, "axis": "y", "origin": [8, 0.6625, 8]},
			"faces": {
				"north": {"uv": [0.5, 6, 0.5625, 6.375], "texture": "#1"},
				"east": {"uv": [6, 0.5, 6.0625, 0.875], "texture": "#1"},
				"south": {"uv": [1, 6, 1.0625, 6.375], "texture": "#1"},
				"west": {"uv": [6, 1, 6.0625, 1.375], "texture": "#1"},
				"up": {"uv": [10.5625, 8.0625, 10.5, 8], "texture": "#1"},
				"down": {"uv": [8.5625, 10.5, 8.5, 10.5625], "texture": "#1"}
			}
		},
		{
			"name": "blade",
			"from": [8.125, -2.925, 8.125],
			"to": [8.175, -2.6, 8.175],
			"rotation": {"angle": 0, "axis": "y", "origin": [8, 0.6625, 8]},
			"faces": {
				"north": {"uv": [6.5, 9, 6.5625, 9.1875], "texture": "#1"},
				"east": {"uv": [9, 6.5, 9.0625, 6.6875], "texture": "#1"},
				"south": {"uv": [7, 9, 7.0625, 9.1875], "texture": "#1"},
				"west": {"uv": [9, 7, 9.0625, 7.1875], "texture": "#1"},
				"up": {"uv": [10.5625, 8.5625, 10.5, 8.5], "texture": "#1"},
				"down": {"uv": [9.0625, 10.5, 9, 10.5625], "texture": "#1"}
			}
		},
		{
			"name": "blade",
			"from": [7.825, -2.925, 8.125],
			"to": [7.875, -2.6, 8.175],
			"rotation": {"angle": 0, "axis": "y", "origin": [8, 0.6625, 8]},
			"faces": {
				"north": {"uv": [7.5, 9, 7.5625, 9.1875], "texture": "#1"},
				"east": {"uv": [9, 7.5, 9.0625, 7.6875], "texture": "#1"},
				"south": {"uv": [8, 9, 8.0625, 9.1875], "texture": "#1"},
				"west": {"uv": [9, 8, 9.0625, 8.1875], "texture": "#1"},
				"up": {"uv": [10.5625, 9.0625, 10.5, 9], "texture": "#1"},
				"down": {"uv": [9.5625, 10.5, 9.5, 10.5625], "texture": "#1"}
			}
		},
		{
			"name": "blade",
			"from": [7.825, -2.925, 7.825],
			"to": [7.875, -2.6, 7.875],
			"rotation": {"angle": 0, "axis": "y", "origin": [8, 0.6625, 8]},
			"faces": {
				"north": {"uv": [8.5, 9, 8.5625, 9.1875], "texture": "#1"},
				"east": {"uv": [9, 8.5, 9.0625, 8.6875], "texture": "#1"},
				"south": {"uv": [9, 9, 9.0625, 9.1875], "texture": "#1"},
				"west": {"uv": [0, 9.5, 0.0625, 9.6875], "texture": "#1"},
				"up": {"uv": [10.5625, 9.5625, 10.5, 9.5], "texture": "#1"},
				"down": {"uv": [10.0625, 10.5, 10, 10.5625], "texture": "#1"}
			}
		},
		{
			"name": "blade",
			"from": [8.1, -0.2, 7.85],
			"to": [8.15, -0.1, 7.9],
			"rotation": {"angle": 0, "axis": "y", "origin": [8, 0.6625, 8]},
			"faces": {
				"north": {"uv": [10.5, 9.9375, 10.5625, 10.0625], "texture": "#1"},
				"east": {"uv": [10.5, 10.4375, 10.5625, 10.5625], "texture": "#1"},
				"south": {"uv": [0, 10.9375, 0.0625, 11.0625], "texture": "#1"},
				"west": {"uv": [11, 0.125, 11.0625, 0], "texture": "#1"},
				"up": {"uv": [0.5625, 11.0625, 0.5, 11], "texture": "#1"},
				"down": {"uv": [11.0625, 0.5, 11, 0.5625], "texture": "#1"}
			}
		},
		{
			"name": "blade",
			"from": [7.85, -0.2, 7.85],
			"to": [7.9, -0.1, 7.9],
			"rotation": {"angle": 0, "axis": "y", "origin": [8, 0.6625, 8]},
			"faces": {
				"north": {"uv": [1, 10.9375, 1.0625, 11.0625], "texture": "#1"},
				"east": {"uv": [11, 0.9375, 11.0625, 1.0625], "texture": "#1"},
				"south": {"uv": [1.5, 10.9375, 1.5625, 11.0625], "texture": "#1"},
				"west": {"uv": [11, 1.4375, 11.0625, 1.5625], "texture": "#1"},
				"up": {"uv": [2.0625, 11.0625, 2, 11], "texture": "#1"},
				"down": {"uv": [11.0625, 2, 11, 2.0625], "texture": "#1"}
			}
		},
		{
			"name": "blade",
			"from": [7.85, -0.2, 8.1],
			"to": [7.9, -0.1, 8.15],
			"rotation": {"angle": 0, "axis": "y", "origin": [8, 0.6625, 8]},
			"faces": {
				"north": {"uv": [2.5, 10.9375, 2.5625, 11.0625], "texture": "#1"},
				"east": {"uv": [11, 2.4375, 11.0625, 2.5625], "texture": "#1"},
				"south": {"uv": [3, 10.9375, 3.0625, 11.0625], "texture": "#1"},
				"west": {"uv": [11, 2.9375, 11.0625, 3.0625], "texture": "#1"},
				"up": {"uv": [3.5625, 11.0625, 3.5, 11], "texture": "#1"},
				"down": {"uv": [11.0625, 3.5, 11, 3.5625], "texture": "#1"}
			}
		},
		{
			"name": "blade",
			"from": [8.1, -0.2, 8.1],
			"to": [8.15, -0.1, 8.15],
			"rotation": {"angle": 0, "axis": "y", "origin": [8, 0.6625, 8]},
			"faces": {
				"north": {"uv": [4, 10.9375, 4.0625, 11.0625], "texture": "#1"},
				"east": {"uv": [11, 3.9375, 11.0625, 4.0625], "texture": "#1"},
				"south": {"uv": [4.5, 10.9375, 4.5625, 11.0625], "texture": "#1"},
				"west": {"uv": [11, 4.4375, 11.0625, 4.5625], "texture": "#1"},
				"up": {"uv": [5.0625, 11.0625, 5, 11], "texture": "#1"},
				"down": {"uv": [11.0625, 5, 11, 5.0625], "texture": "#1"}
			}
		},
		{
			"name": "blade",
			"from": [8.125, -2.925, 7.825],
			"to": [8.175, -2.6, 7.875],
			"rotation": {"angle": 0, "axis": "y", "origin": [8, 0.6625, 8]},
			"faces": {
				"north": {"uv": [9.5, 0, 9.5625, 0.1875], "texture": "#1"},
				"east": {"uv": [0.5, 9.5, 0.5625, 9.6875], "texture": "#1"},
				"south": {"uv": [9.5, 0.5, 9.5625, 0.6875], "texture": "#1"},
				"west": {"uv": [1, 9.5, 1.0625, 9.6875], "texture": "#1"},
				"up": {"uv": [5.5625, 11.0625, 5.5, 11], "texture": "#1"},
				"down": {"uv": [11.0625, 5.5, 11, 5.5625], "texture": "#1"}
			}
		},
		{
			"name": "blade",
			"from": [7.775, -3.125, 7.775],
			"to": [8.225, -3.025, 8.225],
			"rotation": {"angle": 0, "axis": "y", "origin": [8, 0.6625, 8]},
			"faces": {
				"north": {"uv": [6.5, 2, 6.75, 2.0625], "texture": "#1"},
				"east": {"uv": [2.5, 6.5, 2.75, 6.5625], "texture": "#1"},
				"south": {"uv": [6.5, 2.5, 6.75, 2.5625], "texture": "#1"},
				"west": {"uv": [3, 6.5, 3.25, 6.5625], "texture": "#1"},
				"up": {"uv": [2.75, 0.25, 2.5, 0], "texture": "#1"},
				"down": {"uv": [0.75, 2.5, 0.5, 2.75], "texture": "#1"}
			}
		},
		{
			"name": "blade",
			"from": [7.775, -3.95, 7.775],
			"to": [8.225, -3.85, 8.225],
			"rotation": {"angle": 0, "axis": "y", "origin": [8, 0.6625, 8]},
			"faces": {
				"north": {"uv": [6.5, 3, 6.75, 3.0625], "texture": "#1"},
				"east": {"uv": [3.5, 6.5, 3.75, 6.5625], "texture": "#1"},
				"south": {"uv": [6.5, 3.5, 6.75, 3.5625], "texture": "#1"},
				"west": {"uv": [4, 6.5, 4.25, 6.5625], "texture": "#1"},
				"up": {"uv": [2.75, 0.75, 2.5, 0.5], "texture": "#1"},
				"down": {"uv": [1.25, 2.5, 1, 2.75], "texture": "#1"}
			}
		},
		{
			"name": "blade",
			"from": [7.8, -3.85, 7.8],
			"to": [8.2, -3.8, 8.2],
			"rotation": {"angle": 0, "axis": "y", "origin": [8, 0.6625, 8]},
			"faces": {
				"north": {"uv": [9.5, 1, 9.6875, 1.0625], "texture": "#1"},
				"east": {"uv": [1.5, 9.5, 1.6875, 9.5625], "texture": "#1"},
				"south": {"uv": [9.5, 1.5, 9.6875, 1.5625], "texture": "#1"},
				"west": {"uv": [2, 9.5, 2.1875, 9.5625], "texture": "#1"},
				"up": {"uv": [3.1875, 5.1875, 3, 5], "texture": "#1"},
				"down": {"uv": [5.1875, 3, 5, 3.1875], "texture": "#1"}
			}
		},
		{
			"name": "blade",
			"from": [7.55, 0.325, 7.95],
			"to": [8.45, 0.425, 8.05],
			"rotation": {"angle": -45, "axis": "y", "origin": [8, 0.375, 8]},
			"faces": {
				"north": {"uv": [4.5, 5, 4.9375, 5.0625], "texture": "#1"},
				"east": {"uv": [6, 11, 6.0625, 11.0625], "texture": "#1"},
				"south": {"uv": [5, 4.5, 5.4375, 4.5625], "texture": "#1"},
				"west": {"uv": [11, 6, 11.0625, 6.0625], "texture": "#1"},
				"up": {"uv": [5.4375, 5.0625, 5, 5], "texture": "#1"},
				"down": {"uv": [0.4375, 5.5, 0, 5.5625], "texture": "#1"}
			}
		},
		{
			"name": "blade",
			"from": [8.375, 0.1, 7.95],
			"to": [8.45, 0.825, 8.05],
			"rotation": {"angle": -45, "axis": "y", "origin": [8, 0.375, 8]},
			"faces": {
				"north": {"uv": [1.5, 6, 1.5625, 6.375], "texture": "#1"},
				"east": {"uv": [6, 1.5, 6.0625, 1.875], "texture": "#1"},
				"south": {"uv": [2, 6, 2.0625, 6.375], "texture": "#1"},
				"west": {"uv": [6, 2, 6.0625, 2.375], "texture": "#1"},
				"up": {"uv": [6.5625, 11.0625, 6.5, 11], "texture": "#1"},
				"down": {"uv": [11.0625, 6.5, 11, 6.5625], "texture": "#1"}
			}
		},
		{
			"name": "blade",
			"from": [7.55, 0.1, 7.95],
			"to": [7.625, 0.825, 8.05],
			"rotation": {"angle": -45, "axis": "y", "origin": [8, 0.375, 8]},
			"faces": {
				"north": {"uv": [2.5, 6, 2.5625, 6.375], "texture": "#1"},
				"east": {"uv": [6, 2.5, 6.0625, 2.875], "texture": "#1"},
				"south": {"uv": [3, 6, 3.0625, 6.375], "texture": "#1"},
				"west": {"uv": [6, 3, 6.0625, 3.375], "texture": "#1"},
				"up": {"uv": [7.0625, 11.0625, 7, 11], "texture": "#1"},
				"down": {"uv": [11.0625, 7, 11, 7.0625], "texture": "#1"}
			}
		},
		{
			"name": "blade",
			"from": [7.6, 0.625, 7.975],
			"to": [7.675, 1.1, 8.025],
			"rotation": {"angle": -45, "axis": "y", "origin": [8, 0.375, 8]},
			"faces": {
				"north": {"uv": [6.5, 4, 6.5625, 4.25], "texture": "#1"},
				"east": {"uv": [4.5, 6.5, 4.5625, 6.75], "texture": "#1"},
				"south": {"uv": [6.5, 4.5, 6.5625, 4.75], "texture": "#1"},
				"west": {"uv": [5, 6.5, 5.0625, 6.75], "texture": "#1"},
				"up": {"uv": [7.5625, 11.0625, 7.5, 11], "texture": "#1"},
				"down": {"uv": [11.0625, 7.5, 11, 7.5625], "texture": "#1"}
			}
		},
		{
			"name": "blade",
			"from": [8.325, 0.625, 7.975],
			"to": [8.4, 1.1, 8.025],
			"rotation": {"angle": -45, "axis": "y", "origin": [8, 0.375, 8]},
			"faces": {
				"north": {"uv": [6.5, 5, 6.5625, 5.25], "texture": "#1"},
				"east": {"uv": [5.5, 6.5, 5.5625, 6.75], "texture": "#1"},
				"south": {"uv": [6.5, 5.5, 6.5625, 5.75], "texture": "#1"},
				"west": {"uv": [6, 6.5, 6.0625, 6.75], "texture": "#1"},
				"up": {"uv": [8.0625, 11.0625, 8, 11], "texture": "#1"},
				"down": {"uv": [11.0625, 8, 11, 8.0625], "texture": "#1"}
			}
		},
		{
			"name": "blade",
			"from": [7.95, 0.325, 7.55],
			"to": [8.05, 0.425, 8.45],
			"rotation": {"angle": -45, "axis": "y", "origin": [8, 0.375, 8]},
			"faces": {
				"north": {"uv": [8.5, 11, 8.5625, 11.0625], "texture": "#1"},
				"east": {"uv": [5.5, 0, 5.9375, 0.0625], "texture": "#1"},
				"south": {"uv": [11, 8.5, 11.0625, 8.5625], "texture": "#1"},
				"west": {"uv": [0.5, 5.5, 0.9375, 5.5625], "texture": "#1"},
				"up": {"uv": [5.5625, 0.9375, 5.5, 0.5], "texture": "#1"},
				"down": {"uv": [1.0625, 5.5, 1, 5.9375], "texture": "#1"}
			}
		},
		{
			"name": "blade",
			"from": [7.95, 0.125, 7.55],
			"to": [8.05, 0.225, 8.45],
			"rotation": {"angle": -45, "axis": "y", "origin": [8, 0.375, 8]},
			"faces": {
				"north": {"uv": [9, 11, 9.0625, 11.0625], "texture": "#1"},
				"east": {"uv": [5.5, 1, 5.9375, 1.0625], "texture": "#1"},
				"south": {"uv": [11, 9, 11.0625, 9.0625], "texture": "#1"},
				"west": {"uv": [1.5, 5.5, 1.9375, 5.5625], "texture": "#1"},
				"up": {"uv": [5.5625, 1.9375, 5.5, 1.5], "texture": "#1"},
				"down": {"uv": [2.0625, 5.5, 2, 5.9375], "texture": "#1"}
			}
		},
		{
			"name": "blade",
			"from": [7.55, 0.125, 7.95],
			"to": [8.45, 0.225, 8.05],
			"rotation": {"angle": -45, "axis": "y", "origin": [8, 0.375, 8]},
			"faces": {
				"north": {"uv": [5.5, 2, 5.9375, 2.0625], "texture": "#1"},
				"east": {"uv": [9.5, 11, 9.5625, 11.0625], "texture": "#1"},
				"south": {"uv": [2.5, 5.5, 2.9375, 5.5625], "texture": "#1"},
				"west": {"uv": [11, 9.5, 11.0625, 9.5625], "texture": "#1"},
				"up": {"uv": [5.9375, 2.5625, 5.5, 2.5], "texture": "#1"},
				"down": {"uv": [3.4375, 5.5, 3, 5.5625], "texture": "#1"}
			}
		},
		{
			"name": "blade",
			"from": [7.95, 0.1, 7.55],
			"to": [8.05, 0.825, 7.625],
			"rotation": {"angle": -45, "axis": "y", "origin": [8, 0.375, 8]},
			"faces": {
				"north": {"uv": [3.5, 6, 3.5625, 6.375], "texture": "#1"},
				"east": {"uv": [6, 3.5, 6.0625, 3.875], "texture": "#1"},
				"south": {"uv": [4, 6, 4.0625, 6.375], "texture": "#1"},
				"west": {"uv": [6, 4, 6.0625, 4.375], "texture": "#1"},
				"up": {"uv": [10.0625, 11.0625, 10, 11], "texture": "#1"},
				"down": {"uv": [11.0625, 10, 11, 10.0625], "texture": "#1"}
			}
		},
		{
			"name": "blade",
			"from": [7.95, 0.1, 8.375],
			"to": [8.05, 0.825, 8.45],
			"rotation": {"angle": -45, "axis": "y", "origin": [8, 0.375, 8]},
			"faces": {
				"north": {"uv": [4.5, 6, 4.5625, 6.375], "texture": "#1"},
				"east": {"uv": [6, 4.5, 6.0625, 4.875], "texture": "#1"},
				"south": {"uv": [5, 6, 5.0625, 6.375], "texture": "#1"},
				"west": {"uv": [6, 5, 6.0625, 5.375], "texture": "#1"},
				"up": {"uv": [10.5625, 11.0625, 10.5, 11], "texture": "#1"},
				"down": {"uv": [11.0625, 10.5, 11, 10.5625], "texture": "#1"}
			}
		},
		{
			"name": "blade",
			"from": [7.975, 0.625, 7.6],
			"to": [8.025, 1.1, 7.675],
			"rotation": {"angle": -45, "axis": "y", "origin": [8, 0.375, 8]},
			"faces": {
				"north": {"uv": [6.5, 6, 6.5625, 6.25], "texture": "#1"},
				"east": {"uv": [6.5, 6.5, 6.5625, 6.75], "texture": "#1"},
				"south": {"uv": [0, 7, 0.0625, 7.25], "texture": "#1"},
				"west": {"uv": [7, 0, 7.0625, 0.25], "texture": "#1"},
				"up": {"uv": [11.0625, 11.0625, 11, 11], "texture": "#1"},
				"down": {"uv": [0.0625, 11.5, 0, 11.5625], "texture": "#1"}
			}
		},
		{
			"name": "blade",
			"from": [7.975, 0.625, 8.325],
			"to": [8.025, 1.1, 8.4],
			"rotation": {"angle": -45, "axis": "y", "origin": [8, 0.375, 8]},
			"faces": {
				"north": {"uv": [0.5, 7, 0.5625, 7.25], "texture": "#1"},
				"east": {"uv": [7, 0.5, 7.0625, 0.75], "texture": "#1"},
				"south": {"uv": [1, 7, 1.0625, 7.25], "texture": "#1"},
				"west": {"uv": [7, 1, 7.0625, 1.25], "texture": "#1"},
				"up": {"uv": [11.5625, 0.0625, 11.5, 0], "texture": "#1"},
				"down": {"uv": [0.5625, 11.5, 0.5, 11.5625], "texture": "#1"}
			}
		},
		{
			"name": "blade",
			"from": [7.975, -0.075, 7.525],
			"to": [8.025, 0.2, 7.6],
			"rotation": {"angle": -45, "axis": "y", "origin": [8, 0.375, 8]},
			"faces": {
				"north": {"uv": [3.5, 10, 3.5625, 10.125], "texture": "#1"},
				"east": {"uv": [10, 3.5, 10.0625, 3.625], "texture": "#1"},
				"south": {"uv": [4, 10, 4.0625, 10.125], "texture": "#1"},
				"west": {"uv": [10, 4, 10.0625, 4.125], "texture": "#1"},
				"up": {"uv": [11.5625, 0.5625, 11.5, 0.5], "texture": "#1"},
				"down": {"uv": [1.0625, 11.5, 1, 11.5625], "texture": "#1"}
			}
		},
		{
			"name": "blade",
			"from": [7.525, -0.075, 7.975],
			"to": [7.6, 0.2, 8.025],
			"rotation": {"angle": -45, "axis": "y", "origin": [8, 0.375, 8]},
			"faces": {
				"north": {"uv": [4.5, 10, 4.5625, 10.125], "texture": "#1"},
				"east": {"uv": [10, 4.5, 10.0625, 4.625], "texture": "#1"},
				"south": {"uv": [5, 10, 5.0625, 10.125], "texture": "#1"},
				"west": {"uv": [10, 5, 10.0625, 5.125], "texture": "#1"},
				"up": {"uv": [11.5625, 1.0625, 11.5, 1], "texture": "#1"},
				"down": {"uv": [1.5625, 11.5, 1.5, 11.5625], "texture": "#1"}
			}
		},
		{
			"name": "blade",
			"from": [7.975, -0.075, 8.4],
			"to": [8.025, 0.2, 8.475],
			"rotation": {"angle": -45, "axis": "y", "origin": [8, 0.375, 8]},
			"faces": {
				"north": {"uv": [5.5, 10, 5.5625, 10.125], "texture": "#1"},
				"east": {"uv": [10, 5.5, 10.0625, 5.625], "texture": "#1"},
				"south": {"uv": [6, 10, 6.0625, 10.125], "texture": "#1"},
				"west": {"uv": [10, 6, 10.0625, 6.125], "texture": "#1"},
				"up": {"uv": [11.5625, 1.5625, 11.5, 1.5], "texture": "#1"},
				"down": {"uv": [2.0625, 11.5, 2, 11.5625], "texture": "#1"}
			}
		},
		{
			"name": "blade",
			"from": [8.4, -0.075, 7.975],
			"to": [8.475, 0.2, 8.025],
			"rotation": {"angle": -45, "axis": "y", "origin": [8, 0.375, 8]},
			"faces": {
				"north": {"uv": [6.5, 10, 6.5625, 10.125], "texture": "#1"},
				"east": {"uv": [10, 6.5, 10.0625, 6.625], "texture": "#1"},
				"south": {"uv": [7, 10, 7.0625, 10.125], "texture": "#1"},
				"west": {"uv": [10, 7, 10.0625, 7.125], "texture": "#1"},
				"up": {"uv": [11.5625, 2.0625, 11.5, 2], "texture": "#1"},
				"down": {"uv": [2.5625, 11.5, 2.5, 11.5625], "texture": "#1"}
			}
		},
		{
			"name": "blade",
			"from": [8.425, -0.225, 7.975],
			"to": [8.5, 0.05, 8.025],
			"rotation": {"angle": -45, "axis": "y", "origin": [8, 0.375, 8]},
			"faces": {
				"north": {"uv": [7.5, 10, 7.5625, 10.125], "texture": "#1"},
				"east": {"uv": [10, 7.5, 10.0625, 7.625], "texture": "#1"},
				"south": {"uv": [8, 10, 8.0625, 10.125], "texture": "#1"},
				"west": {"uv": [10, 8, 10.0625, 8.125], "texture": "#1"},
				"up": {"uv": [11.5625, 2.5625, 11.5, 2.5], "texture": "#1"},
				"down": {"uv": [3.0625, 11.5, 3, 11.5625], "texture": "#1"}
			}
		},
		{
			"name": "blade",
			"from": [7.975, -0.225, 8.425],
			"to": [8.025, 0.05, 8.5],
			"rotation": {"angle": -45, "axis": "y", "origin": [8, 0.375, 8]},
			"faces": {
				"north": {"uv": [9.5, 4, 9.5625, 4.125], "texture": "#1"},
				"east": {"uv": [4.5, 9.5, 4.5625, 9.625], "texture": "#1"},
				"south": {"uv": [9.5, 4.5, 9.5625, 4.625], "texture": "#1"},
				"west": {"uv": [5, 9.5, 5.0625, 9.625], "texture": "#1"},
				"up": {"uv": [10.5625, 4.0625, 10.5, 4], "texture": "#1"},
				"down": {"uv": [4.5625, 10.5, 4.5, 10.5625], "texture": "#1"}
			}
		},
		{
			"name": "blade",
			"from": [7.5, -0.225, 7.975],
			"to": [7.575, 0.05, 8.025],
			"rotation": {"angle": -45, "axis": "y", "origin": [8, 0.375, 8]},
			"faces": {
				"north": {"uv": [8.5, 10, 8.5625, 10.125], "texture": "#1"},
				"east": {"uv": [10, 8.5, 10.0625, 8.625], "texture": "#1"},
				"south": {"uv": [9, 10, 9.0625, 10.125], "texture": "#1"},
				"west": {"uv": [10, 9, 10.0625, 9.125], "texture": "#1"},
				"up": {"uv": [11.5625, 3.0625, 11.5, 3], "texture": "#1"},
				"down": {"uv": [3.5625, 11.5, 3.5, 11.5625], "texture": "#1"}
			}
		},
		{
			"name": "blade",
			"from": [7.975, -0.225, 7.5],
			"to": [8.025, 0.05, 7.575],
			"rotation": {"angle": -45, "axis": "y", "origin": [8, 0.375, 8]},
			"faces": {
				"north": {"uv": [9.5, 10, 9.5625, 10.125], "texture": "#1"},
				"east": {"uv": [10, 9.5, 10.0625, 9.625], "texture": "#1"},
				"south": {"uv": [10, 10, 10.0625, 10.125], "texture": "#1"},
				"west": {"uv": [0, 10.5, 0.0625, 10.625], "texture": "#1"},
				"up": {"uv": [11.5625, 3.5625, 11.5, 3.5], "texture": "#1"},
				"down": {"uv": [4.0625, 11.5, 4, 11.5625], "texture": "#1"}
			}
		},
		{
			"name": "blade",
			"from": [8.275, 0.975, 7.975],
			"to": [8.35, 1.25, 8.025],
			"rotation": {"angle": -45, "axis": "y", "origin": [8, 0.375, 8]},
			"faces": {
				"north": {"uv": [10.5, 0, 10.5625, 0.125], "texture": "#1"},
				"east": {"uv": [0.5, 10.5, 0.5625, 10.625], "texture": "#1"},
				"south": {"uv": [10.5, 0.5, 10.5625, 0.625], "texture": "#1"},
				"west": {"uv": [1, 10.5, 1.0625, 10.625], "texture": "#1"},
				"up": {"uv": [11.5625, 4.0625, 11.5, 4], "texture": "#1"},
				"down": {"uv": [4.5625, 11.5, 4.5, 11.5625], "texture": "#1"}
			}
		},
		{
			"name": "blade",
			"from": [7.65, 0.975, 7.975],
			"to": [7.725, 1.25, 8.025],
			"rotation": {"angle": -45, "axis": "y", "origin": [8, 0.375, 8]},
			"faces": {
				"north": {"uv": [10.5, 1, 10.5625, 1.125], "texture": "#1"},
				"east": {"uv": [1.5, 10.5, 1.5625, 10.625], "texture": "#1"},
				"south": {"uv": [10.5, 1.5, 10.5625, 1.625], "texture": "#1"},
				"west": {"uv": [2, 10.5, 2.0625, 10.625], "texture": "#1"},
				"up": {"uv": [11.5625, 4.5625, 11.5, 4.5], "texture": "#1"},
				"down": {"uv": [5.0625, 11.5, 5, 11.5625], "texture": "#1"}
			}
		},
		{
			"name": "blade",
			"from": [7.975, 0.975, 8.275],
			"to": [8.025, 1.25, 8.35],
			"rotation": {"angle": -45, "axis": "y", "origin": [8, 0.375, 8]},
			"faces": {
				"north": {"uv": [10.5, 2, 10.5625, 2.125], "texture": "#1"},
				"east": {"uv": [2.5, 10.5, 2.5625, 10.625], "texture": "#1"},
				"south": {"uv": [10.5, 2.5, 10.5625, 2.625], "texture": "#1"},
				"west": {"uv": [3, 10.5, 3.0625, 10.625], "texture": "#1"},
				"up": {"uv": [11.5625, 5.0625, 11.5, 5], "texture": "#1"},
				"down": {"uv": [5.5625, 11.5, 5.5, 11.5625], "texture": "#1"}
			}
		},
		{
			"name": "blade",
			"from": [7.975, 0.975, 7.65],
			"to": [8.025, 1.25, 7.725],
			"rotation": {"angle": -45, "axis": "y", "origin": [8, 0.375, 8]},
			"faces": {
				"north": {"uv": [10.5, 3, 10.5625, 3.125], "texture": "#1"},
				"east": {"uv": [3.5, 10.5, 3.5625, 10.625], "texture": "#1"},
				"south": {"uv": [10.5, 3.5, 10.5625, 3.625], "texture": "#1"},
				"west": {"uv": [4, 10.5, 4.0625, 10.625], "texture": "#1"},
				"up": {"uv": [11.5625, 5.5625, 11.5, 5.5], "texture": "#1"},
				"down": {"uv": [6.0625, 11.5, 6, 11.5625], "texture": "#1"}
			}
		},
		{
			"name": "blade",
			"from": [8.075, 0.45, 7.8],
			"to": [8.125, 0.775, 8.2],
			"rotation": {"angle": 0, "axis": "y", "origin": [8, 0.6625, 8]},
			"faces": {
				"north": {"uv": [9.5, 2, 9.5625, 2.1875], "texture": "#1"},
				"east": {"uv": [3.5, 5, 3.6875, 5.1875], "texture": "#1"},
				"south": {"uv": [2.5, 9.5, 2.5625, 9.6875], "texture": "#1"},
				"west": {"uv": [5, 3.5, 5.1875, 3.6875], "texture": "#1"},
				"up": {"uv": [9.5625, 2.6875, 9.5, 2.5], "texture": "#1"},
				"down": {"uv": [3.0625, 9.5, 3, 9.6875], "texture": "#1"}
			}
		},
		{
			"name": "blade",
			"from": [7.875, 0.45, 7.8],
			"to": [7.925, 0.775, 8.2],
			"rotation": {"angle": 0, "axis": "y", "origin": [8, 0.6625, 8]},
			"faces": {
				"north": {"uv": [9.5, 3, 9.5625, 3.1875], "texture": "#1"},
				"east": {"uv": [4, 5, 4.1875, 5.1875], "texture": "#1"},
				"south": {"uv": [3.5, 9.5, 3.5625, 9.6875], "texture": "#1"},
				"west": {"uv": [5, 4, 5.1875, 4.1875], "texture": "#1"},
				"up": {"uv": [9.5625, 3.6875, 9.5, 3.5], "texture": "#1"},
				"down": {"uv": [4.0625, 9.5, 4, 9.6875], "texture": "#1"}
			}
		},
		{
			"name": "blade",
			"from": [7.825, 0.45, 7.825],
			"to": [8.175, 8.9, 8.175],
			"rotation": {"angle": 0, "axis": "y", "origin": [8, 8, 8]},
			"faces": {
				"north": {"uv": [7.875, 1.125, 8.125, 10.375], "texture": "#0"},
				"east": {"uv": [7.75, 1.125, 8, 10.375], "texture": "#0"},
				"south": {"uv": [7.875, 1.125, 8.125, 10.375], "texture": "#0"},
				"west": {"uv": [7.75, 1.125, 8, 10.375], "texture": "#0"},
				"up": {"uv": [8, 1.25, 7.875, 1.125], "texture": "#0"},
				"down": {"uv": [4.25, 13, 4, 13.25], "texture": "#0"}
			}
		},
		{
			"from": [7.85, 8.725, 7.85],
			"to": [8.15, 8.925, 8.15],
			"faces": {
				"north": {"uv": [7.875, 1.125, 7.99374, 1.25], "texture": "#0"},
				"east": {"uv": [7.875, 1.125, 7.99374, 1.25], "texture": "#0"},
				"south": {"uv": [7.875, 1.125, 7.99374, 1.25], "texture": "#0"},
				"west": {"uv": [7.875, 1.125, 7.99374, 1.25], "texture": "#0"},
				"up": {"uv": [7.875, 1.125, 7.99374, 1.25], "texture": "#0"},
				"down": {"uv": [7.875, 1.125, 7.99374, 1.25], "texture": "#0"}
			}
		},
		{
			"from": [8.15, 0.45, 7.95],
			"to": [8.15, 9.475, 8.775],
			"rotation": {"angle": 45, "axis": "y", "origin": [7.625, 13.3625, 8.375]},
			"faces": {
				"north": {"uv": [0, 0, 0, 10.35], "texture": "#0"},
				"east": {"uv": [2.60312, 0.91876, 3.24062, 10.39376], "texture": "#0"},
				"south": {"uv": [0, 0, 0, 10.35], "texture": "#0"},
				"west": {"uv": [2.60312, 0.91876, 3.24062, 10.39376], "texture": "#0"},
				"up": {"uv": [0, 0, 0, 0.6], "texture": "#0"},
				"down": {"uv": [0, 0, 0, 0.6], "texture": "#0"}
			}
		}
	],
	"display": {
		"thirdperson_righthand": {
			"rotation": [0, -45, 0],
			"translation": [0, 26, 0],
			"scale": [3, 3, 3]
		},
		"firstperson_righthand": {
			"rotation": [-11, 0, 0],
			"translation": [0.75, 14, -1],
			"scale": [1.5, 1.5, 1.5]
		},
		"firstperson_lefthand": {
			"rotation": [-11, -90, 0],
			"translation": [0.75, 14, -1],
			"scale": [1.5, 1.5, 1.5]
		},
		"ground": {
			"translation": [0, 32.25, 0],
			"scale": [3, 3, 3]
		},
		"gui": {
			"rotation": [0, 0, -45],
			"translation": [7.5, 8, 0],
			"scale": [2, 2, 2]
		},
		"fixed": {
			"rotation": [0, 0, 45],
			"translation": [-7.75, 7.75, 0],
			"scale": [2, 2, 2]
		}
	}
}