{
	"credit": "Made with Blockbench",
	"texture_size": [32, 32],
	"textures": {
		"0": "item/lightsabers/starkiller",
		"1": "item/lightsabers/purple_saber",
		"2": "item/lightsabers/purple_saber_beam",
		"particle": "item/lightsabers/starkiller"
	},
	"elements": [
		{
			"from": [7.875, -3, 7.875],
			"to": [8.125, 0, 8.125],
			"rotation": {"angle": 0, "axis": "y", "origin": [7.5, 16, 7.475]},
			"faces": {
				"north": {"uv": [0.5, 1, 0.625, 2.5], "texture": "#0"},
				"east": {"uv": [11.125, 1, 11.25, 2.5], "texture": "#0"},
				"south": {"uv": [11.75, 0, 11.875, 1.5], "texture": "#0"},
				"west": {"uv": [1.5, 1.5, 1.625, 3], "texture": "#0"},
				"up": {"uv": [1.625, 7.125, 1.5, 7], "texture": "#0"},
				"down": {"uv": [7.125, 1.5, 7, 1.625], "texture": "#0"}
			}
		},
		{
			"from": [7.775, -0.3, 7.775],
			"to": [8.225, 0, 8.225],
			"faces": {
				"north": {"uv": [6.5, 0, 6.75, 0.125], "texture": "#0"},
				"east": {"uv": [0.5, 6.5, 0.75, 6.625], "texture": "#0"},
				"south": {"uv": [6.5, 0.5, 6.75, 0.625], "texture": "#0"},
				"west": {"uv": [1, 6.5, 1.25, 6.625], "texture": "#0"},
				"up": {"uv": [1.25, 4.75, 1, 4.5], "texture": "#0"},
				"down": {"uv": [1.75, 4.5, 1.5, 4.75], "texture": "#0"}
			}
		},
		{
			"from": [7.775, -1.075, 7.775],
			"to": [8.225, -0.35, 8.225],
			"faces": {
				"north": {"uv": [2.5, 0.5, 2.75, 0.875], "texture": "#0"},
				"east": {"uv": [1, 2.5, 1.25, 2.875], "texture": "#0"},
				"south": {"uv": [2.5, 1, 2.75, 1.375], "texture": "#0"},
				"west": {"uv": [2.5, 1.5, 2.75, 1.875], "texture": "#0"},
				"up": {"uv": [5.25, 0.25, 5, 0], "texture": "#0"},
				"down": {"uv": [5.25, 0.5, 5, 0.75], "texture": "#0"}
			}
		},
		{
			"from": [7.775, -2.5, 7.775],
			"to": [7.875, -1.075, 8.225],
			"faces": {
				"north": {"uv": [6, 1, 6.0625, 1.6875], "texture": "#0"},
				"east": {"uv": [0, 2, 0.25, 2.6875], "texture": "#0"},
				"south": {"uv": [1.5, 6, 1.5625, 6.6875], "texture": "#0"},
				"west": {"uv": [2, 0, 2.25, 0.6875], "texture": "#0"},
				"up": {"uv": [3.5625, 7.25, 3.5, 7], "texture": "#0"},
				"down": {"uv": [7.0625, 3.5, 7, 3.75], "texture": "#0"}
			}
		},
		{
			"from": [8.15, -2.5, 8.15],
			"to": [8.2, -1.075, 8.2],
			"faces": {
				"north": {"uv": [6, 3, 6.0625, 3.6875], "texture": "#0"},
				"east": {"uv": [3.5, 6, 3.5625, 6.6875], "texture": "#0"},
				"south": {"uv": [6, 4, 6.0625, 4.6875], "texture": "#0"},
				"west": {"uv": [4.5, 6, 4.5625, 6.6875], "texture": "#0"},
				"up": {"uv": [6.5625, 8.0625, 6.5, 8], "texture": "#0"},
				"down": {"uv": [8.0625, 6.5, 8, 6.5625], "texture": "#0"}
			}
		},
		{
			"from": [7.875, -2.5, 7.775],
			"to": [8.225, -1.075, 7.875],
			"faces": {
				"north": {"uv": [2, 1, 2.1875, 1.6875], "texture": "#0"},
				"east": {"uv": [6, 2, 6.0625, 2.6875], "texture": "#0"},
				"south": {"uv": [2, 2, 2.1875, 2.6875], "texture": "#0"},
				"west": {"uv": [3, 6, 3.0625, 6.6875], "texture": "#0"},
				"up": {"uv": [6.1875, 7.0625, 6, 7], "texture": "#0"},
				"down": {"uv": [7.1875, 6, 7, 6.0625], "texture": "#0"}
			}
		},
		{
			"from": [7.8, -0.35, 7.8],
			"to": [8.2, -0.3, 8.2],
			"faces": {
				"north": {"uv": [5, 7, 5.1875, 7.0625], "texture": "#0"},
				"east": {"uv": [7, 5, 7.1875, 5.0625], "texture": "#0"},
				"south": {"uv": [5.5, 7, 5.6875, 7.0625], "texture": "#0"},
				"west": {"uv": [7, 5.5, 7.1875, 5.5625], "texture": "#0"},
				"up": {"uv": [5.1875, 6.1875, 5, 6], "texture": "#0"},
				"down": {"uv": [6.1875, 5, 6, 5.1875], "texture": "#0"}
			}
		},
		{
			"from": [7.725, -2.125, 7.775],
			"to": [7.775, 0.15, 7.9],
			"faces": {
				"north": {"uv": [0.5, 3, 0.5625, 4.125], "texture": "#0"},
				"east": {"uv": [3, 0.5, 3.0625, 1.625], "texture": "#0"},
				"south": {"uv": [1, 3, 1.0625, 4.125], "texture": "#0"},
				"west": {"uv": [1.5, 3, 1.5625, 4.125], "texture": "#0"},
				"up": {"uv": [7.5625, 4.0625, 7.5, 4], "texture": "#0"},
				"down": {"uv": [4.5625, 7.5, 4.5, 7.5625], "texture": "#0"}
			}
		},
		{
			"from": [7.725, -2.075, 7.9],
			"to": [7.775, 0.05, 8],
			"faces": {
				"north": {"uv": [3.5, 2, 3.5625, 3.0625], "texture": "#0"},
				"east": {"uv": [3, 3.5, 3.0625, 4.5625], "texture": "#0"},
				"south": {"uv": [3.5, 3.5, 3.5625, 4.5625], "texture": "#0"},
				"west": {"uv": [4, 0, 4.0625, 1.0625], "texture": "#0"},
				"up": {"uv": [7.5625, 5.0625, 7.5, 5], "texture": "#0"},
				"down": {"uv": [5.5625, 7.5, 5.5, 7.5625], "texture": "#0"}
			}
		},
		{
			"from": [7.725, -2, 8],
			"to": [7.775, -0.05, 8.1],
			"faces": {
				"north": {"uv": [4.5, 1.5, 4.5625, 2.5], "texture": "#0"},
				"east": {"uv": [2, 4.5, 2.0625, 5.5], "texture": "#0"},
				"south": {"uv": [2.5, 4.5, 2.5625, 5.5], "texture": "#0"},
				"west": {"uv": [4.5, 2.5, 4.5625, 3.5], "texture": "#0"},
				"up": {"uv": [7.5625, 6.0625, 7.5, 6], "texture": "#0"},
				"down": {"uv": [6.5625, 7.5, 6.5, 7.5625], "texture": "#0"}
			}
		},
		{
			"from": [7.725, -1.075, 8.1],
			"to": [7.775, -0.15, 8.225],
			"faces": {
				"north": {"uv": [2.5, 6.5, 2.5625, 6.9375], "texture": "#0"},
				"east": {"uv": [6.5, 2.5, 6.5625, 2.9375], "texture": "#0"},
				"south": {"uv": [6.5, 3, 6.5625, 3.4375], "texture": "#0"},
				"west": {"uv": [6.5, 3.5, 6.5625, 3.9375], "texture": "#0"},
				"up": {"uv": [7.5625, 6.5625, 7.5, 6.5], "texture": "#0"},
				"down": {"uv": [7.0625, 7.5, 7, 7.5625], "texture": "#0"}
			}
		},
		{
			"from": [7.725, -1.075, 8.225],
			"to": [7.9, -0.25, 8.275],
			"faces": {
				"north": {"uv": [6.5, 5, 6.5625, 5.4375], "texture": "#0"},
				"east": {"uv": [5.5, 6.5, 5.5625, 6.9375], "texture": "#0"},
				"south": {"uv": [6.5, 5.5, 6.5625, 5.9375], "texture": "#0"},
				"west": {"uv": [6, 6.5, 6.0625, 6.9375], "texture": "#0"},
				"up": {"uv": [0.5625, 8.0625, 0.5, 8], "texture": "#0"},
				"down": {"uv": [8.0625, 0.5, 8, 0.5625], "texture": "#0"}
			}
		},
		{
			"from": [7.9, -1.075, 8.225],
			"to": [8.275, -0.35, 8.275],
			"faces": {
				"north": {"uv": [3.5, 0, 3.6875, 0.375], "texture": "#0"},
				"east": {"uv": [0.5, 7, 0.5625, 7.375], "texture": "#0"},
				"south": {"uv": [3.5, 0.5, 3.6875, 0.875], "texture": "#0"},
				"west": {"uv": [7, 0.5, 7.0625, 0.875], "texture": "#0"},
				"up": {"uv": [4.1875, 7.0625, 4, 7], "texture": "#0"},
				"down": {"uv": [7.1875, 4, 7, 4.0625], "texture": "#0"}
			}
		},
		{
			"from": [8.225, -1.075, 7.9],
			"to": [8.275, -0.35, 8.225],
			"faces": {
				"north": {"uv": [1, 7, 1.0625, 7.375], "texture": "#0"},
				"east": {"uv": [3.5, 1, 3.6875, 1.375], "texture": "#0"},
				"south": {"uv": [7, 1, 7.0625, 1.375], "texture": "#0"},
				"west": {"uv": [3.5, 1.5, 3.6875, 1.875], "texture": "#0"},
				"up": {"uv": [4.5625, 7.1875, 4.5, 7], "texture": "#0"},
				"down": {"uv": [7.0625, 4.5, 7, 4.6875], "texture": "#0"}
			}
		},
		{
			"from": [8.225, -1.075, 7.725],
			"to": [8.275, -0.25, 7.9],
			"faces": {
				"north": {"uv": [6.5, 6, 6.5625, 6.4375], "texture": "#0"},
				"east": {"uv": [6.5, 6.5, 6.5625, 6.9375], "texture": "#0"},
				"south": {"uv": [0, 7, 0.0625, 7.4375], "texture": "#0"},
				"west": {"uv": [7, 0, 7.0625, 0.4375], "texture": "#0"},
				"up": {"uv": [1.0625, 8.0625, 1, 8], "texture": "#0"},
				"down": {"uv": [8.0625, 1, 8, 1.0625], "texture": "#0"}
			}
		},
		{
			"from": [7.725, -2.125, 7.725],
			"to": [7.9, 0.15, 7.775],
			"faces": {
				"north": {"uv": [2, 3, 2.0625, 4.125], "texture": "#0"},
				"east": {"uv": [3, 2, 3.0625, 3.125], "texture": "#0"},
				"south": {"uv": [2.5, 3, 2.5625, 4.125], "texture": "#0"},
				"west": {"uv": [0, 3.5, 0.0625, 4.625], "texture": "#0"},
				"up": {"uv": [7.5625, 4.5625, 7.5, 4.5], "texture": "#0"},
				"down": {"uv": [5.0625, 7.5, 5, 7.5625], "texture": "#0"}
			}
		},
		{
			"from": [7.9, -2.075, 7.725],
			"to": [8, 0.05, 7.775],
			"faces": {
				"north": {"uv": [4, 1.5, 4.0625, 2.5625], "texture": "#0"},
				"east": {"uv": [4, 3, 4.0625, 4.0625], "texture": "#0"},
				"south": {"uv": [4.5, 0, 4.5625, 1.0625], "texture": "#0"},
				"west": {"uv": [0.5, 4.5, 0.5625, 5.5625], "texture": "#0"},
				"up": {"uv": [7.5625, 5.5625, 7.5, 5.5], "texture": "#0"},
				"down": {"uv": [6.0625, 7.5, 6, 7.5625], "texture": "#0"}
			}
		},
		{
			"from": [8, -2, 7.725],
			"to": [8.1, -0.05, 7.775],
			"faces": {
				"north": {"uv": [4.5, 3.5, 4.5625, 4.5], "texture": "#0"},
				"east": {"uv": [4, 4.5, 4.0625, 5.5], "texture": "#0"},
				"south": {"uv": [4.5, 4.5, 4.5625, 5.5], "texture": "#0"},
				"west": {"uv": [0, 5, 0.0625, 6], "texture": "#0"},
				"up": {"uv": [7.5625, 7.0625, 7.5, 7], "texture": "#0"},
				"down": {"uv": [7.5625, 7.5, 7.5, 7.5625], "texture": "#0"}
			}
		},
		{
			"from": [8.1, -1.075, 7.725],
			"to": [8.225, -0.15, 7.775],
			"faces": {
				"north": {"uv": [4, 6.5, 4.0625, 6.9375], "texture": "#0"},
				"east": {"uv": [6.5, 4, 6.5625, 4.4375], "texture": "#0"},
				"south": {"uv": [6.5, 4.5, 6.5625, 4.9375], "texture": "#0"},
				"west": {"uv": [5, 6.5, 5.0625, 6.9375], "texture": "#0"},
				"up": {"uv": [0.0625, 8.0625, 0, 8], "texture": "#0"},
				"down": {"uv": [8.0625, 0, 8, 0.0625], "texture": "#0"}
			}
		},
		{
			"from": [7.725, -4.4, 7.725],
			"to": [8.275, -2.5, 8.275],
			"faces": {
				"north": {"uv": [0, 0, 0.25, 0.9375], "texture": "#0"},
				"east": {"uv": [0.5, 0, 0.75, 0.9375], "texture": "#0"},
				"south": {"uv": [0, 1, 0.25, 1.9375], "texture": "#0"},
				"west": {"uv": [1, 0, 1.25, 0.9375], "texture": "#0"},
				"up": {"uv": [1.25, 5.25, 1, 5], "texture": "#0"},
				"down": {"uv": [5.25, 1, 5, 1.25], "texture": "#0"}
			}
		},
		{
			"from": [7.675, -4.9, 7.675],
			"to": [8.325, -4.4, 8.325],
			"faces": {
				"north": {"uv": [2.5, 2, 2.8125, 2.25], "texture": "#0"},
				"east": {"uv": [2.5, 2.5, 2.8125, 2.75], "texture": "#0"},
				"south": {"uv": [0, 3, 0.3125, 3.25], "texture": "#0"},
				"west": {"uv": [3, 0, 3.3125, 0.25], "texture": "#0"},
				"up": {"uv": [2.8125, 0.3125, 2.5, 0], "texture": "#0"},
				"down": {"uv": [0.8125, 2.5, 0.5, 2.8125], "texture": "#0"}
			}
		},
		{
			"from": [7.675, -4.4, 7.675],
			"to": [7.775, -2.55, 7.775],
			"faces": {
				"north": {"uv": [1.5, 5, 1.5625, 5.9375], "texture": "#0"},
				"east": {"uv": [5, 1.5, 5.0625, 2.4375], "texture": "#0"},
				"south": {"uv": [5, 2.5, 5.0625, 3.4375], "texture": "#0"},
				"west": {"uv": [3, 5, 3.0625, 5.9375], "texture": "#0"},
				"up": {"uv": [1.5625, 8.0625, 1.5, 8], "texture": "#0"},
				"down": {"uv": [8.0625, 1.5, 8, 1.5625], "texture": "#0"}
			}
		},
		{
			"from": [7.675, -4.4, 8.225],
			"to": [7.775, -2.55, 8.325],
			"faces": {
				"north": {"uv": [3.5, 5, 3.5625, 5.9375], "texture": "#0"},
				"east": {"uv": [5, 3.5, 5.0625, 4.4375], "texture": "#0"},
				"south": {"uv": [5, 4.5, 5.0625, 5.4375], "texture": "#0"},
				"west": {"uv": [5.5, 0, 5.5625, 0.9375], "texture": "#0"},
				"up": {"uv": [2.0625, 8.0625, 2, 8], "texture": "#0"},
				"down": {"uv": [8.0625, 2, 8, 2.0625], "texture": "#0"}
			}
		},
		{
			"from": [8.225, -4.4, 8.225],
			"to": [8.325, -2.55, 8.325],
			"faces": {
				"north": {"uv": [1, 5.5, 1.0625, 6.4375], "texture": "#0"},
				"east": {"uv": [5.5, 1, 5.5625, 1.9375], "texture": "#0"},
				"south": {"uv": [2, 5.5, 2.0625, 6.4375], "texture": "#0"},
				"west": {"uv": [5.5, 2, 5.5625, 2.9375], "texture": "#0"},
				"up": {"uv": [2.5625, 8.0625, 2.5, 8], "texture": "#0"},
				"down": {"uv": [8.0625, 2.5, 8, 2.5625], "texture": "#0"}
			}
		},
		{
			"from": [8.225, -4.4, 7.675],
			"to": [8.325, -2.55, 7.775],
			"faces": {
				"north": {"uv": [2.5, 5.5, 2.5625, 6.4375], "texture": "#0"},
				"east": {"uv": [5.5, 3, 5.5625, 3.9375], "texture": "#0"},
				"south": {"uv": [4, 5.5, 4.0625, 6.4375], "texture": "#0"},
				"west": {"uv": [5.5, 4, 5.5625, 4.9375], "texture": "#0"},
				"up": {"uv": [3.0625, 8.0625, 3, 8], "texture": "#0"},
				"down": {"uv": [8.0625, 3, 8, 3.0625], "texture": "#0"}
			}
		},
		{
			"from": [8.125, -0.85, 8.125],
			"to": [8.325, -0.625, 8.325],
			"faces": {
				"north": {"uv": [2, 7, 2.125, 7.125], "texture": "#0"},
				"east": {"uv": [7, 2, 7.125, 2.125], "texture": "#0"},
				"south": {"uv": [2.5, 7, 2.625, 7.125], "texture": "#0"},
				"west": {"uv": [7, 2.5, 7.125, 2.625], "texture": "#0"},
				"up": {"uv": [3.125, 7.125, 3, 7], "texture": "#0"},
				"down": {"uv": [7.125, 3, 7, 3.125], "texture": "#0"}
			}
		},
		{
			"from": [7.675, -0.65, 7.675],
			"to": [7.775, -0.425, 7.775],
			"faces": {
				"north": {"uv": [6.5, 7, 6.5625, 7.125], "texture": "#0"},
				"east": {"uv": [7, 6.5, 7.0625, 6.625], "texture": "#0"},
				"south": {"uv": [7, 7, 7.0625, 7.125], "texture": "#0"},
				"west": {"uv": [0, 7.5, 0.0625, 7.625], "texture": "#0"},
				"up": {"uv": [3.5625, 8.0625, 3.5, 8], "texture": "#0"},
				"down": {"uv": [8.0625, 3.5, 8, 3.5625], "texture": "#0"}
			}
		},
		{
			"from": [7.625, -1.85, 7.65],
			"to": [7.8, -0.825, 7.8],
			"rotation": {"angle": -45, "axis": "y", "origin": [7.725, -1.3375, 7.725]},
			"faces": {
				"north": {"uv": [6.5, 1, 6.5625, 1.5], "texture": "#0"},
				"east": {"uv": [6.5, 1.5, 6.5625, 2], "texture": "#0"},
				"south": {"uv": [2, 6.5, 2.0625, 7], "texture": "#0"},
				"west": {"uv": [6.5, 2, 6.5625, 2.5], "texture": "#0"},
				"up": {"uv": [6.0625, 8.0625, 6, 8], "texture": "#0"},
				"down": {"uv": [8.0625, 6, 8, 6.0625], "texture": "#0"}
			}
		},
		{
			"from": [7.625, -0.2, 7.775],
			"to": [7.775, 0.025, 7.825],
			"faces": {
				"north": {"uv": [7.5, 0, 7.5625, 0.125], "texture": "#0"},
				"east": {"uv": [0.5, 7.5, 0.5625, 7.625], "texture": "#0"},
				"south": {"uv": [7.5, 0.5, 7.5625, 0.625], "texture": "#0"},
				"west": {"uv": [1, 7.5, 1.0625, 7.625], "texture": "#0"},
				"up": {"uv": [4.0625, 8.0625, 4, 8], "texture": "#0"},
				"down": {"uv": [8.0625, 4, 8, 4.0625], "texture": "#0"}
			}
		},
		{
			"from": [7.775, -0.2, 7.625],
			"to": [7.825, 0.025, 7.725],
			"faces": {
				"north": {"uv": [7.5, 1, 7.5625, 1.125], "texture": "#0"},
				"east": {"uv": [1.5, 7.5, 1.5625, 7.625], "texture": "#0"},
				"south": {"uv": [7.5, 1.5, 7.5625, 1.625], "texture": "#0"},
				"west": {"uv": [2, 7.5, 2.0625, 7.625], "texture": "#0"},
				"up": {"uv": [4.5625, 8.0625, 4.5, 8], "texture": "#0"},
				"down": {"uv": [8.0625, 4.5, 8, 4.5625], "texture": "#0"}
			}
		},
		{
			"from": [7.75, -0.2, 7.5],
			"to": [7.8, 0.025, 7.65],
			"rotation": {"angle": 45, "axis": "y", "origin": [7.775, -0.0875, 7.6]},
			"faces": {
				"north": {"uv": [7.5, 2, 7.5625, 2.125], "texture": "#0"},
				"east": {"uv": [2.5, 7.5, 2.5625, 7.625], "texture": "#0"},
				"south": {"uv": [7.5, 2.5, 7.5625, 2.625], "texture": "#0"},
				"west": {"uv": [3, 7.5, 3.0625, 7.625], "texture": "#0"},
				"up": {"uv": [5.0625, 8.0625, 5, 8], "texture": "#0"},
				"down": {"uv": [8.0625, 5, 8, 5.0625], "texture": "#0"}
			}
		},
		{
			"from": [7.5, -0.2, 7.5],
			"to": [7.55, 0.025, 7.65],
			"rotation": {"angle": 45, "axis": "y", "origin": [7.775, -0.0875, 7.6]},
			"faces": {
				"north": {"uv": [7.5, 3, 7.5625, 3.125], "texture": "#0"},
				"east": {"uv": [3.5, 7.5, 3.5625, 7.625], "texture": "#0"},
				"south": {"uv": [7.5, 3.5, 7.5625, 3.625], "texture": "#0"},
				"west": {"uv": [4, 7.5, 4.0625, 7.625], "texture": "#0"},
				"up": {"uv": [5.5625, 8.0625, 5.5, 8], "texture": "#0"},
				"down": {"uv": [8.0625, 5.5, 8, 5.5625], "texture": "#0"}
			}
		},
		{
			"from": [7.825, -2.6, 7.825],
			"to": [8.15, -2, 8.15],
			"faces": {
				"north": {"uv": [4.5, 5.5, 4.6875, 5.8125], "texture": "#0"},
				"east": {"uv": [5, 5.5, 5.1875, 5.8125], "texture": "#0"},
				"south": {"uv": [5.5, 5, 5.6875, 5.3125], "texture": "#0"},
				"west": {"uv": [5.5, 5.5, 5.6875, 5.8125], "texture": "#0"},
				"up": {"uv": [5.6875, 6.1875, 5.5, 6], "texture": "#0"},
				"down": {"uv": [6.1875, 5.5, 6, 5.6875], "texture": "#0"}
			}
		},
		{
			"from": [7.825, -1.5, 7.825],
			"to": [8.15, -0.9, 8.15],
			"faces": {
				"north": {"uv": [0, 6, 0.1875, 6.3125], "texture": "#0"},
				"east": {"uv": [6, 0, 6.1875, 0.3125], "texture": "#0"},
				"south": {"uv": [0.5, 6, 0.6875, 6.3125], "texture": "#0"},
				"west": {"uv": [6, 0.5, 6.1875, 0.8125], "texture": "#0"},
				"up": {"uv": [6.1875, 6.1875, 6, 6], "texture": "#0"},
				"down": {"uv": [0.1875, 6.5, 0, 6.6875], "texture": "#0"}
			}
		},
		{
			"name": "blade",
			"from": [7.825, 0, 7.825],
			"to": [8.175, 8.45, 8.175],
			"rotation": {"angle": 0, "axis": "y", "origin": [8, 8, 8]},
			"faces": {
				"north": {"uv": [7.875, 1.125, 8.125, 8.875], "texture": "#1"},
				"east": {"uv": [7.75, 1.125, 8, 8.875], "texture": "#1"},
				"south": {"uv": [7.875, 1.125, 8.125, 8.875], "texture": "#1"},
				"west": {"uv": [7.75, 1.125, 8, 8.875], "texture": "#1"},
				"up": {"uv": [3, 1.5, 2.875, 1.375], "texture": "#1"},
				"down": {"uv": [2.125, 6.5, 2, 6.625], "texture": "#1"}
			}
		},
		{
			"from": [8.15, 0, 7.95],
			"to": [8.15, 9.025, 8.775],
			"rotation": {"angle": 45, "axis": "y", "origin": [7.625, 13.3625, 8.375]},
			"faces": {
				"north": {"uv": [0, 0, 0, 5.175], "texture": "#2"},
				"east": {"uv": [2.69218, 0.89688, 3.19844, 7.88438], "texture": "#2"},
				"south": {"uv": [0, 0, 0, 5.175], "texture": "#2"},
				"west": {"uv": [2.67656, 0.89688, 3.18281, 7.88438], "texture": "#2"},
				"up": {"uv": [0, 0, 0, 0.3], "texture": "#2"},
				"down": {"uv": [0, 0, 0, 0.3], "texture": "#2"}
			}
		},
		{
			"from": [7.85, 8.275, 7.85],
			"to": [8.15, 8.475, 8.15],
			"faces": {
				"north": {"uv": [7.875, 1.125, 7.99687, 1.25], "texture": "#1"},
				"east": {"uv": [7.875, 1.125, 7.99687, 1.25], "texture": "#1"},
				"south": {"uv": [7.875, 1.125, 7.99687, 1.25], "texture": "#1"},
				"west": {"uv": [7.875, 1.125, 7.99687, 1.25], "texture": "#1"},
				"up": {"uv": [7.875, 1.125, 7.99687, 1.25], "texture": "#1"},
				"down": {"uv": [7.875, 1.125, 7.99687, 1.25], "texture": "#1"}
			}
		}
	],
	"display": {
		"thirdperson_righthand": {
			"rotation": [0, -45, 0],
			"translation": [0, 30.25, 0],
			"scale": [3, 3, 3]
		},
		"thirdperson_lefthand": {
			"rotation": [0, 45, 0],
			"translation": [0, 30.25, 0],
			"scale": [3, 3, 3]
		},
		"firstperson_righthand": {
			"rotation": [-11, 0, 0],
			"translation": [0.75, 16, -1],
			"scale": [1.5, 1.5, 1.5]
		},
		"firstperson_lefthand": {
			"rotation": [-11, 88, 0],
			"translation": [0.75, 16, -1],
			"scale": [1.5, 1.5, 1.5]
		},
		"ground": {
			"translation": [0, 34, 0],
			"scale": [3, 3, 3]
		},
		"gui": {
			"rotation": [0, 0, -45],
			"translation": [8.75, 9, 0],
			"scale": [2, 2, 2]
		},
		"fixed": {
			"rotation": [0, 0, 45],
			"translation": [-9, 9.25, 0],
			"scale": [2, 2, 2]
		}
	}
}