{
	"credit": "Made with Blockbench",
	"textures": {
		"1": "item/lightsabers/red_saber",
		"2": "item/lightsabers/red_saber_beam",
		"3": "item/lightsabers/vader",
		"particle": "item/lightsabers/vader"
	},
	"elements": [
		{
			"from": [7.875, -3, 7.875],
			"to": [8.125, -0.35, 8.125],
			"rotation": {"angle": 0, "axis": "y", "origin": [7.5, 16, 7.475]},
			"faces": {
				"north": {"uv": [5, 2, 5.25, 4.625], "texture": "#3"},
				"east": {"uv": [5, 5, 5.25, 7.625], "texture": "#3"},
				"south": {"uv": [0, 6, 0.25, 8.625], "texture": "#3"},
				"west": {"uv": [6, 0, 6.25, 2.625], "texture": "#3"},
				"up": {"uv": [13.25, 1.25, 13, 1], "texture": "#3"},
				"down": {"uv": [2.25, 13, 2, 13.25], "texture": "#3"}
			}
		},
		{
			"from": [7.775, -1.075, 7.775],
			"to": [8.225, -0.4, 8.225],
			"faces": {
				"north": {"uv": [3, 7, 3.5, 7.625], "texture": "#3"},
				"east": {"uv": [4, 7, 4.5, 7.625], "texture": "#3"},
				"south": {"uv": [7, 4, 7.5, 4.625], "texture": "#3"},
				"west": {"uv": [7, 5, 7.5, 5.625], "texture": "#3"},
				"up": {"uv": [6.5, 7.5, 6, 7], "texture": "#3"},
				"down": {"uv": [7.5, 6, 7, 6.5], "texture": "#3"}
			}
		},
		{
			"from": [7.75, -2.575, 7.75],
			"to": [8.25, -0.85, 8.25],
			"faces": {
				"north": {"uv": [4, 2, 4.5, 3.75], "texture": "#3"},
				"east": {"uv": [3, 4, 3.5, 5.75], "texture": "#3"},
				"south": {"uv": [4, 4, 4.5, 5.75], "texture": "#3"},
				"west": {"uv": [5, 0, 5.5, 1.75], "texture": "#3"},
				"up": {"uv": [7.5, 7.5, 7, 7], "texture": "#3"},
				"down": {"uv": [8.5, 0, 8, 0.5], "texture": "#3"}
			}
		},
		{
			"from": [7.725, -0.85, 7.775],
			"to": [7.775, 0.15, 7.9],
			"faces": {
				"north": {"uv": [1, 11, 1.125, 12], "texture": "#3"},
				"east": {"uv": [11, 1, 11.125, 2], "texture": "#3"},
				"south": {"uv": [2, 11, 2.125, 12], "texture": "#3"},
				"west": {"uv": [11, 2, 11.125, 3], "texture": "#3"},
				"up": {"uv": [1.125, 14.125, 1, 14], "texture": "#3"},
				"down": {"uv": [14.125, 1, 14, 1.125], "texture": "#3"}
			}
		},
		{
			"from": [7.725, -0.85, 7.9],
			"to": [7.775, 0.05, 8],
			"faces": {
				"north": {"uv": [11, 5, 11.125, 5.875], "texture": "#3"},
				"east": {"uv": [6, 11, 6.125, 11.875], "texture": "#3"},
				"south": {"uv": [11, 6, 11.125, 6.875], "texture": "#3"},
				"west": {"uv": [7, 11, 7.125, 11.875], "texture": "#3"},
				"up": {"uv": [2.125, 14.125, 2, 14], "texture": "#3"},
				"down": {"uv": [14.125, 2, 14, 2.125], "texture": "#3"}
			}
		},
		{
			"from": [7.725, -0.85, 8],
			"to": [7.775, -0.05, 8.1],
			"faces": {
				"north": {"uv": [11, 9, 11.125, 9.75], "texture": "#3"},
				"east": {"uv": [10, 11, 10.125, 11.75], "texture": "#3"},
				"south": {"uv": [11, 10, 11.125, 10.75], "texture": "#3"},
				"west": {"uv": [11, 11, 11.125, 11.75], "texture": "#3"},
				"up": {"uv": [3.125, 14.125, 3, 14], "texture": "#3"},
				"down": {"uv": [14.125, 3, 14, 3.125], "texture": "#3"}
			}
		},
		{
			"from": [7.725, -0.85, 8.1],
			"to": [7.775, -0.15, 8.225],
			"faces": {
				"north": {"uv": [0, 12, 0.125, 12.75], "texture": "#3"},
				"east": {"uv": [12, 0, 12.125, 0.75], "texture": "#3"},
				"south": {"uv": [1, 12, 1.125, 12.75], "texture": "#3"},
				"west": {"uv": [12, 1, 12.125, 1.75], "texture": "#3"},
				"up": {"uv": [4.125, 14.125, 4, 14], "texture": "#3"},
				"down": {"uv": [14.125, 4, 14, 4.125], "texture": "#3"}
			}
		},
		{
			"from": [7.725, -0.85, 8.225],
			"to": [7.9, -0.25, 8.275],
			"faces": {
				"north": {"uv": [10, 12, 10.125, 12.625], "texture": "#3"},
				"east": {"uv": [12, 10, 12.125, 10.625], "texture": "#3"},
				"south": {"uv": [11, 12, 11.125, 12.625], "texture": "#3"},
				"west": {"uv": [12, 11, 12.125, 11.625], "texture": "#3"},
				"up": {"uv": [5.125, 14.125, 5, 14], "texture": "#3"},
				"down": {"uv": [14.125, 5, 14, 5.125], "texture": "#3"}
			}
		},
		{
			"from": [7.9, -0.85, 8.225],
			"to": [8.275, -0.35, 8.275],
			"faces": {
				"north": {"uv": [3, 8, 3.375, 8.5], "texture": "#3"},
				"east": {"uv": [13, 2, 13.125, 2.5], "texture": "#3"},
				"south": {"uv": [8, 3, 8.375, 3.5], "texture": "#3"},
				"west": {"uv": [3, 13, 3.125, 13.5], "texture": "#3"},
				"up": {"uv": [13.375, 7.125, 13, 7], "texture": "#3"},
				"down": {"uv": [8.375, 13, 8, 13.125], "texture": "#3"}
			}
		},
		{
			"from": [8.225, -0.85, 7.9],
			"to": [8.275, -0.35, 8.225],
			"faces": {
				"north": {"uv": [13, 3, 13.125, 3.5], "texture": "#3"},
				"east": {"uv": [4, 8, 4.375, 8.5], "texture": "#3"},
				"south": {"uv": [4, 13, 4.125, 13.5], "texture": "#3"},
				"west": {"uv": [8, 4, 8.375, 4.5], "texture": "#3"},
				"up": {"uv": [13.125, 8.375, 13, 8], "texture": "#3"},
				"down": {"uv": [9.125, 13, 9, 13.375], "texture": "#3"}
			}
		},
		{
			"from": [8.225, -0.85, 7.725],
			"to": [8.275, -0.25, 7.9],
			"faces": {
				"north": {"uv": [12, 12, 12.125, 12.625], "texture": "#3"},
				"east": {"uv": [0, 13, 0.125, 13.625], "texture": "#3"},
				"south": {"uv": [13, 0, 13.125, 0.625], "texture": "#3"},
				"west": {"uv": [1, 13, 1.125, 13.625], "texture": "#3"},
				"up": {"uv": [6.125, 14.125, 6, 14], "texture": "#3"},
				"down": {"uv": [14.125, 6, 14, 6.125], "texture": "#3"}
			}
		},
		{
			"from": [7.725, -0.85, 7.725],
			"to": [7.9, 0.15, 7.775],
			"faces": {
				"north": {"uv": [3, 11, 3.125, 12], "texture": "#3"},
				"east": {"uv": [11, 3, 11.125, 4], "texture": "#3"},
				"south": {"uv": [4, 11, 4.125, 12], "texture": "#3"},
				"west": {"uv": [11, 4, 11.125, 5], "texture": "#3"},
				"up": {"uv": [7.125, 14.125, 7, 14], "texture": "#3"},
				"down": {"uv": [14.125, 7, 14, 7.125], "texture": "#3"}
			}
		},
		{
			"from": [7.9, -0.85, 7.725],
			"to": [8, 0.05, 7.775],
			"faces": {
				"north": {"uv": [11, 7, 11.125, 7.875], "texture": "#3"},
				"east": {"uv": [8, 11, 8.125, 11.875], "texture": "#3"},
				"south": {"uv": [11, 8, 11.125, 8.875], "texture": "#3"},
				"west": {"uv": [9, 11, 9.125, 11.875], "texture": "#3"},
				"up": {"uv": [8.125, 14.125, 8, 14], "texture": "#3"},
				"down": {"uv": [14.125, 8, 14, 8.125], "texture": "#3"}
			}
		},
		{
			"from": [7.7, -1.25, 7.7],
			"to": [7.9, -0.85, 7.775],
			"faces": {
				"north": {"uv": [9, 12, 9.25, 12.375], "texture": "#3"},
				"east": {"uv": [13, 11, 13.125, 11.375], "texture": "#3"},
				"south": {"uv": [12, 9, 12.25, 9.375], "texture": "#3"},
				"west": {"uv": [12, 13, 12.125, 13.375], "texture": "#3"},
				"up": {"uv": [0.25, 14.125, 0, 14], "texture": "#3"},
				"down": {"uv": [14.25, 0, 14, 0.125], "texture": "#3"}
			}
		},
		{
			"from": [7.7, -1.25, 7.775],
			"to": [7.775, -0.85, 7.9],
			"faces": {
				"north": {"uv": [13, 9, 13.125, 9.375], "texture": "#3"},
				"east": {"uv": [10, 13, 10.125, 13.375], "texture": "#3"},
				"south": {"uv": [13, 10, 13.125, 10.375], "texture": "#3"},
				"west": {"uv": [11, 13, 11.125, 13.375], "texture": "#3"},
				"up": {"uv": [15.125, 6.125, 15, 6], "texture": "#3"},
				"down": {"uv": [7.125, 15, 7, 15.125], "texture": "#3"}
			}
		},
		{
			"from": [7.7, -1.025, 7.9],
			"to": [7.775, -0.85, 8],
			"faces": {
				"north": {"uv": [15, 3, 15.125, 3.125], "texture": "#3"},
				"east": {"uv": [4, 15, 4.125, 15.125], "texture": "#3"},
				"south": {"uv": [15, 4, 15.125, 4.125], "texture": "#3"},
				"west": {"uv": [5, 15, 5.125, 15.125], "texture": "#3"},
				"up": {"uv": [15.125, 5.125, 15, 5], "texture": "#3"},
				"down": {"uv": [6.125, 15, 6, 15.125], "texture": "#3"}
			}
		},
		{
			"from": [7.9, -1.025, 7.7],
			"to": [8, -0.85, 7.775],
			"faces": {
				"north": {"uv": [15, 0, 15.125, 0.125], "texture": "#3"},
				"east": {"uv": [1, 15, 1.125, 15.125], "texture": "#3"},
				"south": {"uv": [15, 1, 15.125, 1.125], "texture": "#3"},
				"west": {"uv": [2, 15, 2.125, 15.125], "texture": "#3"},
				"up": {"uv": [15.125, 2.125, 15, 2], "texture": "#3"},
				"down": {"uv": [3.125, 15, 3, 15.125], "texture": "#3"}
			}
		},
		{
			"from": [8, -0.85, 7.725],
			"to": [8.1, -0.05, 7.775],
			"faces": {
				"north": {"uv": [2, 12, 2.125, 12.75], "texture": "#3"},
				"east": {"uv": [12, 2, 12.125, 2.75], "texture": "#3"},
				"south": {"uv": [3, 12, 3.125, 12.75], "texture": "#3"},
				"west": {"uv": [12, 3, 12.125, 3.75], "texture": "#3"},
				"up": {"uv": [9.125, 14.125, 9, 14], "texture": "#3"},
				"down": {"uv": [14.125, 9, 14, 9.125], "texture": "#3"}
			}
		},
		{
			"from": [8.1, -0.85, 7.725],
			"to": [8.225, -0.15, 7.775],
			"faces": {
				"north": {"uv": [4, 12, 4.125, 12.75], "texture": "#3"},
				"east": {"uv": [12, 4, 12.125, 4.75], "texture": "#3"},
				"south": {"uv": [5, 12, 5.125, 12.75], "texture": "#3"},
				"west": {"uv": [12, 5, 12.125, 5.75], "texture": "#3"},
				"up": {"uv": [10.125, 14.125, 10, 14], "texture": "#3"},
				"down": {"uv": [14.125, 10, 14, 10.125], "texture": "#3"}
			}
		},
		{
			"from": [7.725, -4.575, 7.725],
			"to": [8.275, -2.625, 8.275],
			"faces": {
				"north": {"uv": [1, 2, 1.5, 4], "texture": "#3"},
				"east": {"uv": [2, 2, 2.5, 4], "texture": "#3"},
				"south": {"uv": [3, 0, 3.5, 2], "texture": "#3"},
				"west": {"uv": [3, 2, 3.5, 4], "texture": "#3"},
				"up": {"uv": [8.5, 1.5, 8, 1], "texture": "#3"},
				"down": {"uv": [8.5, 2, 8, 2.5], "texture": "#3"}
			}
		},
		{
			"from": [7.7, -2.625, 7.7],
			"to": [8.3, -1.775, 8.3],
			"faces": {
				"north": {"uv": [1, 6, 1.625, 6.875], "texture": "#3"},
				"east": {"uv": [2, 6, 2.625, 6.875], "texture": "#3"},
				"south": {"uv": [3, 6, 3.625, 6.875], "texture": "#3"},
				"west": {"uv": [6, 3, 6.625, 3.875], "texture": "#3"},
				"up": {"uv": [4.625, 6.625, 4, 6], "texture": "#3"},
				"down": {"uv": [6.625, 4, 6, 4.625], "texture": "#3"}
			}
		},
		{
			"from": [7.675, -4.4, 7.675],
			"to": [7.775, -2.85, 7.775],
			"faces": {
				"north": {"uv": [5, 8, 5.125, 9.5], "texture": "#3"},
				"east": {"uv": [8, 5, 8.125, 6.5], "texture": "#3"},
				"south": {"uv": [6, 8, 6.125, 9.5], "texture": "#3"},
				"west": {"uv": [7, 8, 7.125, 9.5], "texture": "#3"},
				"up": {"uv": [11.125, 14.125, 11, 14], "texture": "#3"},
				"down": {"uv": [14.125, 11, 14, 11.125], "texture": "#3"}
			}
		},
		{
			"from": [7.675, -4.4, 8.225],
			"to": [7.775, -2.85, 8.325],
			"faces": {
				"north": {"uv": [8, 7, 8.125, 8.5], "texture": "#3"},
				"east": {"uv": [0, 9, 0.125, 10.5], "texture": "#3"},
				"south": {"uv": [9, 0, 9.125, 1.5], "texture": "#3"},
				"west": {"uv": [1, 9, 1.125, 10.5], "texture": "#3"},
				"up": {"uv": [12.125, 14.125, 12, 14], "texture": "#3"},
				"down": {"uv": [14.125, 12, 14, 12.125], "texture": "#3"}
			}
		},
		{
			"from": [7.6, -4.4, 7.95],
			"to": [8.375, -2.85, 8.05],
			"faces": {
				"north": {"uv": [0, 0, 0.75, 1.5], "texture": "#3"},
				"east": {"uv": [10, 0, 10.125, 1.5], "texture": "#3"},
				"south": {"uv": [1, 0, 1.75, 1.5], "texture": "#3"},
				"west": {"uv": [10, 2, 10.125, 3.5], "texture": "#3"},
				"up": {"uv": [6.75, 12.125, 6, 12], "texture": "#3"},
				"down": {"uv": [12.75, 6, 12, 6.125], "texture": "#3"}
			}
		},
		{
			"from": [7.65, -4.4, 7.9],
			"to": [8.325, -2.85, 8.1],
			"faces": {
				"north": {"uv": [0, 4, 0.625, 5.5], "texture": "#3"},
				"east": {"uv": [7, 0, 7.25, 1.5], "texture": "#3"},
				"south": {"uv": [4, 0, 4.625, 1.5], "texture": "#3"},
				"west": {"uv": [1, 7, 1.25, 8.5], "texture": "#3"},
				"up": {"uv": [10.625, 9.25, 10, 9], "texture": "#3"},
				"down": {"uv": [10.625, 10, 10, 10.25], "texture": "#3"}
			}
		},
		{
			"from": [7.9375, -4.4, 7.6125],
			"to": [8.0375, -2.85, 8.3875],
			"rotation": {"angle": 0, "axis": "y", "origin": [7.9875, -3.625, 8]},
			"faces": {
				"north": {"uv": [10, 4, 10.125, 5.5], "texture": "#3"},
				"east": {"uv": [0, 2, 0.75, 3.5], "texture": "#3"},
				"south": {"uv": [5, 10, 5.125, 11.5], "texture": "#3"},
				"west": {"uv": [2, 0, 2.75, 1.5], "texture": "#3"},
				"up": {"uv": [7.125, 12.75, 7, 12], "texture": "#3"},
				"down": {"uv": [12.125, 7, 12, 7.75], "texture": "#3"}
			}
		},
		{
			"from": [7.8875, -4.4, 7.6625],
			"to": [8.0875, -2.85, 8.3375],
			"rotation": {"angle": 0, "axis": "y", "origin": [7.9875, -3.625, 8]},
			"faces": {
				"north": {"uv": [2, 7, 2.25, 8.5], "texture": "#3"},
				"east": {"uv": [1, 4, 1.625, 5.5], "texture": "#3"},
				"south": {"uv": [7, 2, 7.25, 3.5], "texture": "#3"},
				"west": {"uv": [2, 4, 2.625, 5.5], "texture": "#3"},
				"up": {"uv": [0.25, 11.625, 0, 11], "texture": "#3"},
				"down": {"uv": [11.25, 0, 11, 0.625], "texture": "#3"}
			}
		},
		{
			"from": [8.225, -4.4, 8.225],
			"to": [8.325, -2.85, 8.325],
			"faces": {
				"north": {"uv": [2, 9, 2.125, 10.5], "texture": "#3"},
				"east": {"uv": [9, 2, 9.125, 3.5], "texture": "#3"},
				"south": {"uv": [3, 9, 3.125, 10.5], "texture": "#3"},
				"west": {"uv": [4, 9, 4.125, 10.5], "texture": "#3"},
				"up": {"uv": [13.125, 14.125, 13, 14], "texture": "#3"},
				"down": {"uv": [14.125, 13, 14, 13.125], "texture": "#3"}
			}
		},
		{
			"from": [8.2, -2.575, 8.225],
			"to": [8.35, -1.825, 8.425],
			"rotation": {"angle": 45, "axis": "y", "origin": [8.275, -2.2, 8.275]},
			"faces": {
				"north": {"uv": [8, 12, 8.125, 12.75], "texture": "#3"},
				"east": {"uv": [6, 10, 6.25, 10.75], "texture": "#3"},
				"south": {"uv": [12, 8, 12.125, 8.75], "texture": "#3"},
				"west": {"uv": [10, 6, 10.25, 6.75], "texture": "#3"},
				"up": {"uv": [13.125, 12.25, 13, 12], "texture": "#3"},
				"down": {"uv": [13.125, 13, 13, 13.25], "texture": "#3"}
			}
		},
		{
			"from": [8.225, -4.4, 7.675],
			"to": [8.325, -2.85, 7.775],
			"faces": {
				"north": {"uv": [9, 4, 9.125, 5.5], "texture": "#3"},
				"east": {"uv": [9, 6, 9.125, 7.5], "texture": "#3"},
				"south": {"uv": [8, 9, 8.125, 10.5], "texture": "#3"},
				"west": {"uv": [9, 8, 9.125, 9.5], "texture": "#3"},
				"up": {"uv": [14.125, 14.125, 14, 14], "texture": "#3"},
				"down": {"uv": [0.125, 15, 0, 15.125], "texture": "#3"}
			}
		},
		{
			"from": [7.7, -0.85, 7.7],
			"to": [8.3, -0.6, 8.3],
			"faces": {
				"north": {"uv": [7, 10, 7.625, 10.25], "texture": "#3"},
				"east": {"uv": [10, 7, 10.625, 7.25], "texture": "#3"},
				"south": {"uv": [10, 8, 10.625, 8.25], "texture": "#3"},
				"west": {"uv": [9, 10, 9.625, 10.25], "texture": "#3"},
				"up": {"uv": [6.625, 5.625, 6, 5], "texture": "#3"},
				"down": {"uv": [6.625, 6, 6, 6.625], "texture": "#3"}
			}
		},
		{
			"name": "blade",
			"from": [7.825, -0.375, 7.825],
			"to": [8.175, 8.425, 8.175],
			"rotation": {"angle": 0, "axis": "y", "origin": [8, 7.625, 8]},
			"faces": {
				"north": {"uv": [7.875, 1.125, 8.125, 9.75], "texture": "#1"},
				"east": {"uv": [7.75, 1.125, 8, 9.75], "texture": "#1"},
				"south": {"uv": [7.875, 1.125, 8.125, 9.75], "texture": "#1"},
				"west": {"uv": [7.75, 1.125, 8, 9.75], "texture": "#1"},
				"up": {"uv": [3, 1.5, 2.875, 1.375], "texture": "#1"},
				"down": {"uv": [2.125, 6.5, 2, 6.625], "texture": "#1"}
			}
		},
		{
			"from": [8.15, -0.375, 7.95],
			"to": [8.15, 9, 8.775],
			"rotation": {"angle": 45, "axis": "y", "origin": [7.625, 12.9875, 8.375]},
			"faces": {
				"north": {"uv": [0, 0, 0, 5.175], "texture": "#2"},
				"east": {"uv": [2.69218, 0.89688, 3.19844, 8.63438], "texture": "#2"},
				"south": {"uv": [0, 0, 0, 5.175], "texture": "#2"},
				"west": {"uv": [2.67656, 0.89688, 3.18281, 8.63438], "texture": "#2"},
				"up": {"uv": [0, 0, 0, 0.3], "texture": "#2"},
				"down": {"uv": [0, 0, 0, 0.3], "texture": "#2"}
			}
		},
		{
			"from": [7.85, 8.275, 7.85],
			"to": [8.15, 8.475, 8.15],
			"faces": {
				"north": {"uv": [7.875, 1.125, 8, 1.25], "texture": "#1"},
				"east": {"uv": [7.875, 1.125, 8, 1.25], "texture": "#1"},
				"south": {"uv": [7.875, 1.125, 8, 1.25], "texture": "#1"},
				"west": {"uv": [7.875, 1.125, 8, 1.25], "texture": "#1"},
				"up": {"uv": [7.875, 1.125, 8, 1.25], "texture": "#1"},
				"down": {"uv": [7.875, 1.125, 8, 1.25], "texture": "#1"}
			}
		}
	],
	"display": {
		"thirdperson_righthand": {
			"rotation": [0, -45, 0],
			"translation": [0, 29.75, 0],
			"scale": [3, 3, 3]
		},
		"thirdperson_lefthand": {
			"rotation": [0, 45, 0],
			"translation": [0, 29.75, 0],
			"scale": [3, 3, 3]
		},
		"firstperson_righthand": {
			"rotation": [-11, 0, 0],
			"translation": [0.75, 16, -1],
			"scale": [1.5, 1.5, 1.5]
		},
		"firstperson_lefthand": {
			"rotation": [-11, 88, 0],
			"translation": [0.75, 16, -1],
			"scale": [1.5, 1.5, 1.5]
		},
		"ground": {
			"translation": [0, 34, 0],
			"scale": [3, 3, 3]
		},
		"gui": {
			"rotation": [0, 0, -45],
			"translation": [8.75, 9, 0],
			"scale": [2, 2, 2]
		},
		"head": {
			"translation": [0, 19.25, 0]
		},
		"fixed": {
			"rotation": [0, 0, 45],
			"translation": [-9, 9.25, 0],
			"scale": [2, 2, 2]
		}
	}
}