{
  "editorLastVersion": "0.6.8b",
  "playerSettings": {},
  "globalSettings": {},
  "blockedList": {},
  "serverSettings": {},
  "editorUVAreaAlpha": 0.8,
  "editorSelectMouseButton": 0.0,
  "titleScreenButton": true,
  "friendSettings": {},
  "keybinds": {},
  "editorDragMouseButton": -1.0,
  "editorMenuMouseButton": 1.0,
  "editorRotateMouseButton": 2.0,
  "safetyProfiles": {},
  "editorRecentProjects": [
    "X:\\MultiMC\\instances\\1.20\\.minecraft\\player_models\\Mr._Bones.cpmproject",
    "X:\\MultiMC\\instances\\1.20\\.minecraft\\player_models\\BobaFett.cpmproject",
    "X:\\MultiMC\\instances\\1.20\\.minecraft\\test1.cpmproject"
  ]
}