{
  "CONFIG_VERSION_DONT_TOUCH_THIS": 1,
  "_comment": "Before changing anything, see https://github.com/Patbox/StyledNicknames#configuration",
  "allowByDefault": true,
  "nicknameFormat": "#${nickname}",
  "maxLength": 48,
  "changeDisplayName": true,
  "changePlayerListName": false,
  "allowLegacyFormatting": false,
  "nicknameChangedMessage": "Your nickname has been changed to ${nickname}",
  "nicknameResetMessage": "Your nickname has been removed!",
  "defaultEnabledFormatting": {
    "dark_red": true,
    "color": false,
    "underline": true,
    "yellow": true,
    "hard_gradient": false,
    "italic": true,
    "dark_blue": true,
    "dark_purple": true,
    "gold": true,
    "red": true,
    "aqua": true,
    "hover": false,
    "gray": true,
    "light_purple": true,
    "white": true,
    "dark_gray": true,
    "strikethrough": true,
    "obfuscated": true,
    "change_page": false,
    "green": true,
    "dark_green": true,
    "gradient": false,
    "black": false,
    "bold": true,
    "rainbow": false,
    "blue": true,
    "dark_aqua": true,
    "reset": true
  },
  "tooLongMessage": "This nickname is too long!"
}