{
	"credit": "Made with Blockbench",
	"texture_size": [32, 32],
	"textures": {
		"0": "item/magicraft/penetratorv1",
		"particle": "item/magicraft/penetratorv1"
	},
	"elements": [
		{
			"name": "shaft",
			"from": [6.75, -0.1, 6.75],
			"to": [9.25, 16, 9.25],
			"faces": {
				"north": {"uv": [0, 0, 1.5, 8], "texture": "#0"},
				"east": {"uv": [1.5, 0, 3, 8], "texture": "#0"},
				"south": {"uv": [3, 0, 4.5, 8], "texture": "#0"},
				"west": {"uv": [4.5, 0, 6, 8], "texture": "#0"},
				"up": {"uv": [9, 1.5, 7.5, 0], "texture": "#0"},
				"down": {"uv": [9, 1.5, 7.5, 3], "texture": "#0"}
			}
		},
		{
			"name": "ball-r",
			"from": [6, 0.001, 4.75],
			"to": [8.5, 1.991, 8.9],
			"rotation": {"angle": 22.5, "axis": "y", "origin": [7.25, 1, 6.5]},
			"faces": {
				"north": {"uv": [6, 8, 7.5, 9], "texture": "#0"},
				"east": {"uv": [9, 0, 11, 1], "texture": "#0"},
				"south": {"uv": [9, 4, 10.5, 5], "texture": "#0"},
				"west": {"uv": [9, 1, 11, 2], "texture": "#0"},
				"up": {"uv": [7.5, 2, 6, 0], "texture": "#0"},
				"down": {"uv": [7.5, 2, 6, 4], "texture": "#0"}
			}
		},
		{
			"name": "ball-l",
			"from": [7.5, 0, 4.75],
			"to": [10, 2, 8.9],
			"rotation": {"angle": -22.5, "axis": "y", "origin": [8.75, 1, 6.5]},
			"faces": {
				"north": {"uv": [9, 5, 10.5, 6], "texture": "#0"},
				"east": {"uv": [9, 2, 11, 3], "texture": "#0"},
				"south": {"uv": [6, 9, 7.5, 10], "texture": "#0"},
				"west": {"uv": [9, 3, 11, 4], "texture": "#0"},
				"up": {"uv": [7.5, 6, 6, 4], "texture": "#0"},
				"down": {"uv": [7.5, 6, 6, 8], "texture": "#0"}
			}
		},
		{
			"name": "head",
			"from": [6.5, 15.5, 6.625],
			"to": [9.5, 18.5, 9.725],
			"rotation": {"angle": 0, "axis": "y", "origin": [0, 0, 0.125]},
			"faces": {
				"north": {"uv": [7.5, 3, 9, 4.5], "texture": "#0"},
				"east": {"uv": [7.5, 4.5, 9, 6], "texture": "#0"},
				"south": {"uv": [7.5, 6, 9, 7.5], "texture": "#0"},
				"west": {"uv": [7.5, 7.5, 9, 9], "texture": "#0"},
				"up": {"uv": [1.5, 9.5, 0, 8], "texture": "#0"},
				"down": {"uv": [3, 8, 1.5, 9.5], "texture": "#0"}
			}
		},
		{
			"name": "flare",
			"from": [6.501, 14.9, 6.55],
			"to": [9.491, 16.075, 9.4],
			"rotation": {"angle": 22.5, "axis": "x", "origin": [8, 15, 8.125]},
			"faces": {
				"north": {"uv": [9.5, 6, 11, 6.5], "texture": "#0"},
				"east": {"uv": [9.5, 6.5, 11, 7], "texture": "#0"},
				"south": {"uv": [9.5, 7, 11, 7.5], "texture": "#0"},
				"west": {"uv": [9.5, 7.5, 11, 8], "texture": "#0"},
				"up": {"uv": [4.5, 9.5, 3, 8], "texture": "#0"},
				"down": {"uv": [6, 8, 4.5, 9.5], "texture": "#0"}
			}
		},
		{
			"name": "handle",
			"from": [7.5, -6, 7.5],
			"to": [8.5, 0, 8.5],
			"faces": {
				"north": {"uv": [9, 6, 9.5, 9], "texture": "#0"},
				"east": {"uv": [7.5, 9, 8, 12], "texture": "#0"},
				"south": {"uv": [8, 9, 8.5, 12], "texture": "#0"},
				"west": {"uv": [8.5, 9, 9, 12], "texture": "#0"},
				"up": {"uv": [5.5, 10, 5, 9.5], "texture": "#0"},
				"down": {"uv": [6, 9.5, 5.5, 10], "texture": "#0"}
			}
		},
		{
			"name": "pommel",
			"from": [7.25, -7.25, 7.25],
			"to": [8.75, -5.75, 8.75],
			"faces": {
				"north": {"uv": [9, 9, 10, 10], "texture": "#0"},
				"east": {"uv": [0, 9.5, 1, 10.5], "texture": "#0"},
				"south": {"uv": [1, 9.5, 2, 10.5], "texture": "#0"},
				"west": {"uv": [2, 9.5, 3, 10.5], "texture": "#0"},
				"up": {"uv": [4, 10.5, 3, 9.5], "texture": "#0"},
				"down": {"uv": [5, 9.5, 4, 10.5], "texture": "#0"}
			}
		}
	],
	"display": {
		"thirdperson_righthand": {
			"rotation": [0, 20, 0],
			"translation": [0, 8.75, 1]
		},
		"thirdperson_lefthand": {
			"rotation": [0, 20, 0],
			"translation": [0, 8.75, 1]
		},
		"firstperson_righthand": {
			"rotation": [-11, 30, 0],
			"translation": [0, 7.5, 1.25]
		},
		"firstperson_lefthand": {
			"rotation": [-11, 30, 0],
			"translation": [0, 7.5, 1.25]
		},
		"ground": {
			"translation": [0, 27, 0],
			"scale": [2, 2, 2]
		},
		"gui": {
			"rotation": [-76.93, -44.76, -82.99],
			"translation": [1, 1, 0],
			"scale": [0.75, 0.75, 0.75]
		},
		"head": {
			"rotation": [-45, 0, 0],
			"translation": [0, 17.25, -17.25],
			"scale": [2, 2, 2]
		},
		"fixed": {
			"rotation": [-60, 0, 0],
			"translation": [0, 17.25, -23],
			"scale": [4, 4, 4]
		}
	}
}