{
	"credit": "Made by Magiya using Blockbench",
	"parent": "block/orientable",
	"textures": {
		"1": "magicraft/brassgoggles",
		"particle": "magicraft/brassgoggles"
	},
	"elements": [
		{
			"name": "goggle_frame_lh2",
			"from": [9, 3, 4],
			"to": [11, 4, 5],
			"faces": {
				"north": {"uv": [0, 5, 2, 6], "texture": "#1"},
				"east": {"uv": [0, 5, 1, 6], "texture": "#1"},
				"south": {"uv": [0, 5, 2, 6], "texture": "#1"},
				"west": {"uv": [1, 5, 2, 6], "texture": "#1"},
				"up": {"uv": [2, 5, 0, 6], "texture": "#1"},
				"down": {"uv": [2, 5, 0, 6], "texture": "#1"}
			}
		},
		{
			"name": "goggle_frame_lh1",
			"from": [9, 0, 4],
			"to": [11, 1, 5],
			"faces": {
				"north": {"uv": [0, 2, 2, 3], "texture": "#1"},
				"east": {"uv": [0, 4, 1, 5], "texture": "#1"},
				"south": {"uv": [2, 4, 0, 5], "texture": "#1"},
				"west": {"uv": [1, 4, 2, 5], "texture": "#1"},
				"up": {"uv": [2, 4, 0, 5], "texture": "#1"},
				"down": {"uv": [2, 3, 0, 4], "texture": "#1"}
			}
		},
		{
			"name": "goggle_frame_lv1",
			"from": [11, 1, 4],
			"to": [12, 3, 5],
			"faces": {
				"north": {"uv": [0, 2, 1, 4], "texture": "#1"},
				"east": {"uv": [0, 2, 1, 4], "texture": "#1"},
				"south": {"uv": [0, 2, 1, 4], "texture": "#1"},
				"west": {"uv": [0, 2, 1, 4], "texture": "#1"},
				"up": {"uv": [0, 2, 1, 3], "texture": "#1"},
				"down": {"uv": [0, 3, 1, 4], "texture": "#1"}
			}
		},
		{
			"name": "goggle_frame_lv2",
			"from": [8, 1, 4],
			"to": [9, 3, 5],
			"faces": {
				"north": {"uv": [1, 2, 2, 4], "texture": "#1"},
				"east": {"uv": [1, 2, 2, 4], "texture": "#1"},
				"south": {"uv": [1, 2, 2, 4], "texture": "#1"},
				"west": {"uv": [1, 2, 2, 4], "texture": "#1"},
				"up": {"uv": [1, 2, 2, 3], "texture": "#1"},
				"down": {"uv": [1, 3, 2, 4], "texture": "#1"}
			}
		},
		{
			"name": "lens_l",
			"from": [9, 1, 5],
			"to": [11, 3, 5],
			"faces": {
				"north": {"uv": [0, 0, 2, 2], "texture": "#1"},
				"east": {"uv": [0, 0, 0, 2], "texture": "#1"},
				"south": {"uv": [2, 0, 0, 2], "texture": "#1"},
				"west": {"uv": [0, 0, 0, 2], "texture": "#1"},
				"up": {"uv": [2, 0, 0, 0], "texture": "#1"},
				"down": {"uv": [2, 0, 0, 0], "texture": "#1"}
			}
		},
		{
			"name": "back",
			"from": [4, 1, 11],
			"to": [12, 2, 12],
			"faces": {
				"north": {"uv": [10, 0, 2, 1], "texture": "#1"},
				"east": {"uv": [9, 0, 10, 1], "texture": "#1"},
				"south": {"uv": [2, 0, 10, 1], "texture": "#1"},
				"west": {"uv": [2, 0, 3, 1], "texture": "#1"},
				"up": {"uv": [2, 0, 10, 1], "texture": "#1"},
				"down": {"uv": [2, 0, 10, 1], "texture": "#1"}
			}
		},
		{
			"name": "top_r",
			"from": [4, 2, 5],
			"to": [5, 3, 8],
			"faces": {
				"north": {"uv": [5, 1, 6, 2], "texture": "#1"},
				"east": {"uv": [8, 1, 5, 2], "texture": "#1"},
				"south": {"uv": [7, 1, 8, 2], "texture": "#1"},
				"west": {"uv": [5, 1, 8, 2], "texture": "#1"},
				"up": {"uv": [5, 5, 6, 2], "texture": "#1"},
				"down": {"uv": [5, 2, 6, 5], "texture": "#1"}
			}
		},
		{
			"name": "low_r",
			"from": [4, 1, 8],
			"to": [5, 2, 11],
			"faces": {
				"north": {"uv": [2, 1, 3, 2], "texture": "#1"},
				"east": {"uv": [2, 1, 5, 2], "texture": "#1"},
				"south": {"uv": [2, 1, 3, 2], "texture": "#1"},
				"west": {"uv": [2, 1, 5, 2], "texture": "#1"},
				"up": {"uv": [2, 2, 3, 5], "texture": "#1"},
				"down": {"uv": [2, 2, 3, 5], "texture": "#1"}
			}
		},
		{
			"name": "low_l",
			"from": [11, 1, 8],
			"to": [12, 2, 11],
			"faces": {
				"north": {"uv": [2, 1, 3, 2], "texture": "#1"},
				"east": {"uv": [2, 1, 5, 2], "texture": "#1"},
				"south": {"uv": [2, 1, 3, 2], "texture": "#1"},
				"west": {"uv": [2, 1, 5, 2], "texture": "#1"},
				"up": {"uv": [2, 2, 3, 5], "texture": "#1"},
				"down": {"uv": [2, 2, 3, 5], "texture": "#1"}
			}
		},
		{
			"name": "top_l",
			"from": [11, 2, 5],
			"to": [12, 3, 8],
			"faces": {
				"north": {"uv": [5, 1, 6, 2], "texture": "#1"},
				"east": {"uv": [8, 1, 5, 2], "texture": "#1"},
				"south": {"uv": [7, 1, 8, 2], "texture": "#1"},
				"west": {"uv": [5, 1, 8, 2], "texture": "#1"},
				"up": {"uv": [5, 5, 6, 2], "texture": "#1"},
				"down": {"uv": [5, 2, 6, 5], "texture": "#1"}
			}
		},
		{
			"name": "goggle_frame_rh2",
			"from": [5, 3, 4],
			"to": [7, 4, 5],
			"faces": {
				"north": {"uv": [0, 5, 2, 6], "texture": "#1"},
				"east": {"uv": [0, 5, 1, 6], "texture": "#1"},
				"south": {"uv": [2, 5, 0, 6], "texture": "#1"},
				"west": {"uv": [1, 5, 2, 6], "texture": "#1"},
				"up": {"uv": [2, 5, 0, 6], "texture": "#1"},
				"down": {"uv": [2, 5, 0, 6], "texture": "#1"}
			}
		},
		{
			"name": "goggle_frame_rh1",
			"from": [5, 0, 4],
			"to": [7, 1, 5],
			"faces": {
				"north": {"uv": [0, 4, 2, 5], "texture": "#1"},
				"east": {"uv": [0, 4, 1, 5], "texture": "#1"},
				"south": {"uv": [2, 4, 0, 5], "texture": "#1"},
				"west": {"uv": [1, 4, 2, 5], "texture": "#1"},
				"up": {"uv": [2, 4, 0, 5], "texture": "#1"},
				"down": {"uv": [2, 4, 0, 5], "texture": "#1"}
			}
		},
		{
			"name": "goggle_frame_rv1",
			"from": [7, 1, 4],
			"to": [8, 3, 5],
			"faces": {
				"north": {"uv": [0, 2, 1, 4], "texture": "#1"},
				"east": {"uv": [0, 2, 1, 4], "texture": "#1"},
				"south": {"uv": [0, 2, 1, 4], "texture": "#1"},
				"west": {"uv": [0, 2, 1, 4], "texture": "#1"},
				"up": {"uv": [0, 2, 1, 3], "texture": "#1"},
				"down": {"uv": [0, 3, 1, 4], "texture": "#1"}
			}
		},
		{
			"name": "goggle_frame_rv2",
			"from": [4, 1, 4],
			"to": [5, 3, 5],
			"faces": {
				"north": {"uv": [1, 2, 2, 4], "texture": "#1"},
				"east": {"uv": [1, 2, 2, 4], "texture": "#1"},
				"south": {"uv": [1, 2, 2, 4], "texture": "#1"},
				"west": {"uv": [1, 2, 2, 4], "texture": "#1"},
				"up": {"uv": [1, 2, 2, 3], "texture": "#1"},
				"down": {"uv": [1, 3, 2, 4], "texture": "#1"}
			}
		},
		{
			"name": "lens_r",
			"from": [5, 1, 5],
			"to": [7, 3, 5],
			"faces": {
				"north": {"uv": [0, 0, 2, 2], "texture": "#1"},
				"east": {"uv": [0, 0, 0, 2], "texture": "#1"},
				"south": {"uv": [2, 0, 0, 2], "texture": "#1"},
				"west": {"uv": [0, 0, 0, 2], "texture": "#1"},
				"up": {"uv": [2, 0, 0, 0], "texture": "#1"},
				"down": {"uv": [2, 0, 0, 0], "texture": "#1"}
			}
		}
	],
	"display": {
		"thirdperson_righthand": {
			"translation": [0, 2, 0],
			"scale": [0.65, 0.65, 0.65]
		},
		"thirdperson_lefthand": {
			"translation": [0, 2, 0],
			"scale": [0.65, 0.65, 0.65]
		},
		"firstperson_righthand": {
			"translation": [1, 8.25, 0]
		},
		"firstperson_lefthand": {
			"translation": [1, 8.25, 0]
		},
		"ground": {
			"translation": [0, 4.5, 0]
		},
		"gui": {
			"rotation": [30, 150, 0],
			"translation": [0, 7.25, 0],
			"scale": [1.35, 1.35, 1.35]
		},
		"head": {
			"translation": [0, 15, -0.5],
			"scale": [2, 2, 2]
		},
		"fixed": {
			"translation": [0, 9.5, 0],
			"scale": [1.5, 1.5, 1.5]
		}
	},
	"groups": [
		{
			"name": "goggle l",
			"origin": [0, 0, 0],
			"color": 0,
			"children": [0, 1, 2, 3, 4]
		},
		{
			"name": "band",
			"origin": [0, 0, 0],
			"color": 0,
			"children": [5, 6, 7, 8, 9]
		},
		{
			"name": "goggle r",
			"origin": [0, 0, 0],
			"color": 0,
			"children": [10, 11, 12, 13, 14]
		}
	]
}