{
	"credit": "Made by Magiya using Blockbench",
	"texture_size": [32, 32],
	"textures": {
		"1": "magicraft/head",
		"particle": "magicraft/head"
	},
	"elements": [
		{
			"name": "top",
			"from": [4.625, 8.80552, 1.9],
			"to": [11.375, 11.80552, 8.4],
			"rotation": {"angle": 22.5, "axis": "x", "origin": [8, 7.80552, 4.96404]},
			"faces": {
				"north": {"uv": [0, 0, 3.375, 1.5], "texture": "#0"},
				"east": {"uv": [0, 0, 3.25, 1.5], "texture": "#0"},
				"south": {"uv": [0, 0, 3.375, 1.5], "texture": "#0"},
				"west": {"uv": [0, 0, 3.25, 1.5], "texture": "#0"},
				"up": {"uv": [7.875, 3.25, 4.5, 0], "texture": "#0"},
				"down": {"uv": [7.875, 0, 4.5, 3.25], "texture": "#0"}
			}
		},
		{
			"name": "brow",
			"from": [4.25, 5.825, 1.5],
			"to": [11.75, 6.825, 2],
			"faces": {
				"north": {"uv": [0.125, 1.5, 3.875, 2], "texture": "#0"},
				"east": {"uv": [0.5, 1.5, 0.75, 2], "texture": "#0"},
				"south": {"uv": [0.125, 1.5, 3.875, 2], "texture": "#0"},
				"west": {"uv": [0.5, 1.5, 0.75, 2], "texture": "#0"},
				"up": {"uv": [0.125, 1.5, 3.875, 1.75], "texture": "#0"},
				"down": {"uv": [0.125, 1.5, 3.875, 1.75], "texture": "#0"}
			}
		},
		{
			"name": "central",
			"from": [4, 0, 2],
			"to": [12, 10, 10],
			"rotation": {"angle": 0, "axis": "y", "origin": [8, 4, 5]},
			"faces": {
				"north": {"uv": [0, 0, 4, 5], "texture": "#0"},
				"east": {"uv": [4, 5, 0, 10], "texture": "#0"},
				"south": {"uv": [4, 0, 8, 5], "texture": "#0"},
				"west": {"uv": [0, 5, 4, 10], "texture": "#0"},
				"up": {"uv": [10, 8, 6, 5], "texture": "#0"},
				"down": {"uv": [12, 0, 8, 3], "texture": "#0"}
			}
		},
		{
			"name": "ear_r",
			"from": [11, 4, 4],
			"to": [12, 6, 6],
			"rotation": {"angle": 22.5, "axis": "y", "origin": [12.5, 5, 5]},
			"faces": {
				"north": {"uv": [1, 7, 1.5, 8], "texture": "#0"},
				"east": {"uv": [1, 7, 2, 8], "texture": "#0"},
				"south": {"uv": [0.5, 7, 1, 8], "texture": "#0"},
				"west": {"uv": [1, 7, 2, 8], "texture": "#0"},
				"up": {"uv": [0.5, 7, 1, 8], "texture": "#0"},
				"down": {"uv": [0.5, 7, 1, 8], "texture": "#0"}
			}
		},
		{
			"name": "ear_l",
			"from": [4, 4, 4],
			"to": [5, 6, 6],
			"rotation": {"angle": -22.5, "axis": "y", "origin": [3.5, 5, 5]},
			"faces": {
				"north": {"uv": [1, 7, 2, 8], "texture": "#0"},
				"east": {"uv": [1, 7, 2, 8], "texture": "#0"},
				"south": {"uv": [0.5, 7, 1, 8], "texture": "#0"},
				"west": {"uv": [2, 7, 1, 8], "texture": "#0"},
				"up": {"uv": [0.5, 7, 1, 8], "texture": "#0"},
				"down": {"uv": [0.5, 7, 1, 8], "texture": "#0"}
			}
		},
		{
			"name": "mouth",
			"from": [5.5, 0.5, 0.825],
			"to": [10.5, 4.5, 1.95],
			"rotation": {"angle": 0, "axis": "x", "origin": [8, 2.5, 1.3875]},
			"faces": {
				"north": {"uv": [8, 3, 10.5, 5], "texture": "#0"},
				"east": {"uv": [12, 0, 13, 2], "texture": "#0"},
				"south": {"uv": [8, 3, 10.5, 5], "texture": "#0"},
				"west": {"uv": [12, 0, 13, 2], "texture": "#0"},
				"up": {"uv": [13, 4, 10.5, 3], "texture": "#0"},
				"down": {"uv": [13, 4, 10.5, 5], "texture": "#0"}
			}
		}
	],
	"display": {
		"thirdperson_righthand": {
			"rotation": [56, 0, 0],
			"scale": [0.475, 0.475, 0.475]
		},
		"thirdperson_lefthand": {
			"rotation": [56, 0, 0],
			"scale": [0.475, 0.475, 0.475]
		},
		"firstperson_righthand": {
			"rotation": [-30, 136, 30],
			"translation": [0, 5.25, 0.75],
			"scale": [0.475, 0.475, 0.475]
		},
		"firstperson_lefthand": {
			"rotation": [-30, 136, 30],
			"translation": [0, 5.25, 0.75],
			"scale": [0.475, 0.475, 0.475]
		},
		"ground": {
			"translation": [0, 2.25, 1.75],
			"scale": [0.75, 0.75, 0.75]
		},
		"gui": {
			"rotation": [0, -180, 0],
			"translation": [0, 2, 0],
			"scale": [1.25, 1.25, 1.25]
		},
		"head": {
			"translation": [0, 7.5, 4],
			"scale": [1.85, 1.85, 1.85]
		},
		"fixed": {
			"translation": [0, 3, 0]
		}
	},
	"groups": [
		{
			"name": "gorilla",
			"origin": [8, 8, 8],
			"color": 0,
			"children": [
				{
					"name": "head",
					"origin": [8, 8, 8],
					"color": 0,
					"children": [0, 1, 2, 3, 4, 5]
				}
			]
		}
	]
}