{
	"credit": "Made with Blockbench",
	"texture_size": [32, 32],
	"textures": {
		"0": "item/magicraft/gorilla/head",
		"1": "item/magicraft/gorilla/arm",
		"3": "item/magicraft/gorilla/hips",
		"4": "item/magicraft/gorilla/chest",
		"particle": "item/magicraft/gorilla/head"
	},
	"elements": [
		{
			"name": "top",
			"from": [4.625, 25.80552, -1.1],
			"to": [11.375, 28.80552, 5.4],
			"rotation": {"angle": 22.5, "axis": "x", "origin": [8, 24.80552, 1.96404]},
			"faces": {
				"north": {"uv": [0, 0, 3.375, 1.5], "texture": "#0"},
				"east": {"uv": [0, 0, 3.25, 1.5], "texture": "#0"},
				"south": {"uv": [0, 0, 3.375, 1.5], "texture": "#0"},
				"west": {"uv": [0, 0, 3.25, 1.5], "texture": "#0"},
				"up": {"uv": [7.875, 3.25, 4.5, 0], "texture": "#0"},
				"down": {"uv": [7.875, 0, 4.5, 3.25], "texture": "#0"}
			}
		},
		{
			"name": "brow",
			"from": [4.25, 22.825, -1.5],
			"to": [11.75, 23.825, -1],
			"rotation": {"angle": 0, "axis": "y", "origin": [0, 17, -3]},
			"faces": {
				"north": {"uv": [0.125, 1.5, 3.875, 2], "texture": "#0"},
				"east": {"uv": [0.5, 1.5, 0.75, 2], "texture": "#0"},
				"south": {"uv": [0.125, 1.5, 3.875, 2], "texture": "#0"},
				"west": {"uv": [0.5, 1.5, 0.75, 2], "texture": "#0"},
				"up": {"uv": [0.125, 1.5, 3.875, 1.75], "texture": "#0"},
				"down": {"uv": [0.125, 1.5, 3.875, 1.75], "texture": "#0"}
			}
		},
		{
			"name": "central",
			"from": [4, 17, -1],
			"to": [12, 27, 7],
			"rotation": {"angle": 0, "axis": "y", "origin": [8, 21, 2]},
			"faces": {
				"north": {"uv": [0, 0, 4, 5], "texture": "#0"},
				"east": {"uv": [4, 5, 0, 10], "texture": "#0"},
				"south": {"uv": [4, 0, 8, 5], "texture": "#0"},
				"west": {"uv": [0, 5, 4, 10], "texture": "#0"},
				"up": {"uv": [10, 8, 6, 5], "texture": "#0"},
				"down": {"uv": [12, 0, 8, 3], "texture": "#0"}
			}
		},
		{
			"name": "ear_r",
			"from": [11.07612, 21, 1.38268],
			"to": [12.07612, 23, 3.38268],
			"rotation": {"angle": 22.5, "axis": "y", "origin": [11.57612, 22, 2.38268]},
			"faces": {
				"north": {"uv": [1, 7, 1.5, 8], "texture": "#0"},
				"east": {"uv": [2, 7, 1, 8], "texture": "#0"},
				"south": {"uv": [0.5, 7, 1, 8], "texture": "#0"},
				"west": {"uv": [1, 7, 2, 8], "texture": "#0"},
				"up": {"uv": [0.5, 7, 1, 8], "texture": "#0"},
				"down": {"uv": [0.5, 7, 1, 8], "texture": "#0"}
			}
		},
		{
			"name": "ear_l",
			"from": [4, 21, 1],
			"to": [5, 23, 3],
			"rotation": {"angle": -22.5, "axis": "y", "origin": [3.5, 22, 2]},
			"faces": {
				"north": {"uv": [1, 7, 2, 8], "texture": "#0"},
				"east": {"uv": [1, 7, 2, 8], "texture": "#0"},
				"south": {"uv": [0.5, 7, 1, 8], "texture": "#0"},
				"west": {"uv": [1, 7, 2, 8], "texture": "#0"},
				"up": {"uv": [0.5, 7, 1, 8], "texture": "#0"},
				"down": {"uv": [0.5, 7, 1, 8], "texture": "#0"}
			}
		},
		{
			"name": "mouth",
			"from": [5.5, 17.5, -2.175],
			"to": [10.5, 21.5, -1.05],
			"rotation": {"angle": 0, "axis": "y", "origin": [8, 19.5, -1.6125]},
			"faces": {
				"north": {"uv": [8, 3, 10.5, 5], "texture": "#0"},
				"east": {"uv": [12, 0, 13, 2], "texture": "#0"},
				"south": {"uv": [8, 3, 10.5, 5], "texture": "#0"},
				"west": {"uv": [12, 0, 13, 2], "texture": "#0"},
				"up": {"uv": [13, 4, 10.5, 3], "texture": "#0"},
				"down": {"uv": [13, 4, 10.5, 5], "texture": "#0"}
			}
		},
		{
			"name": "upperarm_r",
			"from": [-1.25, 6.75, -2],
			"to": [3.75, 16.75, 2],
			"rotation": {"angle": 22.5, "axis": "x", "origin": [1.25, 5.25, 1.35]},
			"faces": {
				"north": {"uv": [6, 0, 8.5, 5], "texture": "#1"},
				"east": {"uv": [6, 0, 8, 5], "texture": "#1"},
				"south": {"uv": [6, 0, 8.5, 5], "texture": "#1"},
				"west": {"uv": [6, 0, 8, 5], "texture": "#1"},
				"up": {"uv": [6, 0, 8.5, 2], "texture": "#1"},
				"down": {"uv": [6, 0, 8.5, 2], "rotation": 180, "texture": "#1"}
			}
		},
		{
			"name": "forearm_r",
			"from": [-1.75, 2.75, -1.5],
			"to": [4.25, 8.75, 4.2],
			"rotation": {"angle": 0, "axis": "y", "origin": [1.25, 5.25, 1.35]},
			"faces": {
				"north": {"uv": [6, 0, 9, 3], "texture": "#1"},
				"east": {"uv": [6, 0, 8.85, 3], "texture": "#1"},
				"south": {"uv": [6, 0, 9, 3], "texture": "#1"},
				"west": {"uv": [6, 0, 8.85, 3], "texture": "#1"},
				"up": {"uv": [6, 0, 9, 2.85], "texture": "#1"},
				"down": {"uv": [6, 0, 9, 2.85], "rotation": 180, "texture": "#1"}
			}
		},
		{
			"name": "knuckles_r",
			"from": [-1.7, 1.25, -1.4],
			"to": [4.2, 3.25, 0.3],
			"rotation": {"angle": 0, "axis": "y", "origin": [1.25, 5.25, 1.35]},
			"faces": {
				"north": {"uv": [6, 0, 12, 2], "texture": "#1"},
				"east": {"uv": [6, 0, 8, 2], "texture": "#1"},
				"south": {"uv": [6, 0, 12, 2], "texture": "#1"},
				"west": {"uv": [6, 0, 8, 2], "texture": "#1"},
				"up": {"uv": [6, 0, 12, 2], "texture": "#1"},
				"down": {"uv": [6, 0, 12, 2], "texture": "#1"}
			}
		},
		{
			"name": "wrist_r",
			"from": [-1.65, 1, 1],
			"to": [4.15, 4, 4.75],
			"rotation": {"angle": 22.5, "axis": "x", "origin": [1.25, 5, 1.5]},
			"faces": {
				"north": {"uv": [6, 0, 11.8, 3], "texture": "#1"},
				"east": {"uv": [6, 0, 10.75, 3], "texture": "#1"},
				"south": {"uv": [6, 0, 11.8, 3], "texture": "#1"},
				"west": {"uv": [6, 0, 10.75, 3], "texture": "#1"},
				"up": {"uv": [6, 0, 11.8, 4.75], "texture": "#1"},
				"down": {"uv": [6, 0, 11.8, 4.75], "texture": "#1"}
			}
		},
		{
			"name": "hand_r",
			"from": [-1.25, 0, -1.15],
			"to": [3.75, 3, 2.85],
			"rotation": {"angle": 0, "axis": "y", "origin": [1.25, 1.5, 1.5]},
			"faces": {
				"north": {"uv": [3, 0, 6, 2], "texture": "#1"},
				"east": {"uv": [3, 2, 6, 4], "texture": "#1"},
				"south": {"uv": [3, 4, 6, 6], "texture": "#1"},
				"west": {"uv": [0, 6, 3, 8], "texture": "#1"},
				"up": {"uv": [3, 3, 0, 0], "texture": "#1"},
				"down": {"uv": [3, 3, 0, 6], "texture": "#1"}
			}
		},
		{
			"name": "upperarm_l",
			"from": [12.25, 6.75, -2],
			"to": [17.25, 16.75, 2],
			"rotation": {"angle": 22.5, "axis": "x", "origin": [14.75, 5.25, 1.35]},
			"faces": {
				"north": {"uv": [6, 0, 8.5, 5], "texture": "#1"},
				"east": {"uv": [6, 0, 8, 5], "texture": "#1"},
				"south": {"uv": [6, 0, 8.5, 5], "texture": "#1"},
				"west": {"uv": [6, 0, 8, 5], "texture": "#1"},
				"up": {"uv": [6, 0, 8.5, 2], "texture": "#1"},
				"down": {"uv": [6, 0, 8.5, 2], "rotation": 180, "texture": "#1"}
			}
		},
		{
			"name": "forearm_l",
			"from": [11.75, 2.75, -1.5],
			"to": [17.75, 8.75, 4.2],
			"rotation": {"angle": 0, "axis": "y", "origin": [14.75, 5.25, 1.35]},
			"faces": {
				"north": {"uv": [6, 0, 9, 3], "texture": "#1"},
				"east": {"uv": [6, 0, 8.85, 3], "texture": "#1"},
				"south": {"uv": [6, 0, 9, 3], "texture": "#1"},
				"west": {"uv": [6, 0, 8.85, 3], "texture": "#1"},
				"up": {"uv": [6, 0, 9, 2.85], "texture": "#1"},
				"down": {"uv": [6, 0, 9, 2.85], "rotation": 180, "texture": "#1"}
			}
		},
		{
			"name": "knuckles_l",
			"from": [11.8, 1.25, -1.4],
			"to": [17.7, 3.25, 0.3],
			"rotation": {"angle": 0, "axis": "y", "origin": [14.75, 5.25, 1.35]},
			"faces": {
				"north": {"uv": [6, 0, 12, 2], "texture": "#1"},
				"east": {"uv": [6, 0, 8, 2], "texture": "#1"},
				"south": {"uv": [6, 0, 12, 2], "texture": "#1"},
				"west": {"uv": [6, 0, 8, 2], "texture": "#1"},
				"up": {"uv": [6, 0, 12, 2], "texture": "#1"},
				"down": {"uv": [6, 0, 12, 2], "texture": "#1"}
			}
		},
		{
			"name": "wrist_l",
			"from": [11.85, 1, 1],
			"to": [17.65, 4, 4.75],
			"rotation": {"angle": 22.5, "axis": "x", "origin": [14.75, 5, 1.5]},
			"faces": {
				"north": {"uv": [6, 0, 11.8, 3], "texture": "#1"},
				"east": {"uv": [6, 0, 10.75, 3], "texture": "#1"},
				"south": {"uv": [6, 0, 11.8, 3], "texture": "#1"},
				"west": {"uv": [6, 0, 10.75, 3], "texture": "#1"},
				"up": {"uv": [6, 0, 11.8, 4.75], "texture": "#1"},
				"down": {"uv": [6, 0, 11.8, 4.75], "texture": "#1"}
			}
		},
		{
			"name": "hand_l",
			"from": [12.25, 0, -1.15],
			"to": [17.25, 3, 2.85],
			"rotation": {"angle": 0, "axis": "y", "origin": [14.75, 1.5, 1.5]},
			"faces": {
				"north": {"uv": [6, 0, 3, 2], "texture": "#1"},
				"east": {"uv": [0, 6, 3, 8], "texture": "#1"},
				"south": {"uv": [3, 4, 6, 6], "texture": "#1"},
				"west": {"uv": [3, 2, 6, 4], "texture": "#1"},
				"up": {"uv": [3, 3, 0, 0], "texture": "#1"},
				"down": {"uv": [0, 3, 3, 6], "texture": "#1"}
			}
		},
		{
			"name": "chest",
			"from": [2, 10, 6],
			"to": [14, 22, 14],
			"rotation": {"angle": -45, "axis": "x", "origin": [8, 13, 10.5]},
			"faces": {
				"north": {"uv": [0, 0, 6, 6], "texture": "#4"},
				"east": {"uv": [0, 6, 4, 12], "texture": "#4"},
				"south": {"uv": [6, 0, 12, 6], "texture": "#4"},
				"west": {"uv": [4, 6, 8, 12], "texture": "#4"},
				"up": {"uv": [14, 10, 8, 6], "texture": "#4"},
				"down": {"uv": [14, 10, 8, 14], "texture": "#4"}
			}
		},
		{
			"name": "hips",
			"from": [3, 5, 8.75],
			"to": [13, 13, 14.75],
			"rotation": {"angle": 0, "axis": "y", "origin": [0, -3, -3]},
			"faces": {
				"north": {"uv": [0, 0, 5, 4], "texture": "#3"},
				"east": {"uv": [5, 6, 8, 10], "texture": "#3"},
				"south": {"uv": [0, 4, 5, 8], "texture": "#3"},
				"west": {"uv": [0, 8, 3, 12], "texture": "#3"},
				"up": {"uv": [10, 3, 5, 0], "texture": "#3"},
				"down": {"uv": [10, 3, 5, 6], "texture": "#3"}
			}
		}
	],
	"display": {
		"thirdperson_righthand": {
			"rotation": [56, 0, 0],
			"scale": [0.475, 0.475, 0.475]
		},
		"thirdperson_lefthand": {
			"rotation": [56, 0, 0],
			"scale": [0.475, 0.475, 0.475]
		},
		"firstperson_righthand": {
			"rotation": [-30, 136, 30],
			"translation": [0, 5.25, 0.75],
			"scale": [0.475, 0.475, 0.475]
		},
		"firstperson_lefthand": {
			"rotation": [-30, 136, 30],
			"translation": [0, 5.25, 0.75],
			"scale": [0.475, 0.475, 0.475]
		},
		"ground": {
			"translation": [0, 2.25, 1.75],
			"scale": [0.75, 0.75, 0.75]
		},
		"gui": {
			"rotation": [0, -180, 0],
			"translation": [0, 2, 0],
			"scale": [1.25, 1.25, 1.25]
		},
		"head": {
			"translation": [0, 10.5, 1],
			"scale": [0.5, 0.5, 0.5]
		},
		"fixed": {
			"translation": [0, 3, 0]
		}
	},
	"groups": [
		{
			"name": "gorilla",
			"origin": [8, 8, 8],
			"color": 0,
			"children": [
				{
					"name": "head",
					"origin": [8, 8, 8],
					"color": 0,
					"children": [0, 1, 2, 3, 4, 5]
				},
				{
					"name": "arm_r",
					"origin": [8, 8, 8],
					"color": 0,
					"children": [6, 7, 8, 9, 10]
				},
				{
					"name": "arm_l",
					"origin": [8, 8, 8],
					"color": 0,
					"children": [11, 12, 13, 14, 15]
				},
				{
					"name": "body",
					"origin": [8, 16, 13.5],
					"color": 0,
					"children": [16, 17]
				}
			]
		}
	]
}