{
	"credit": "Made by Magiya using Blockbench",
	"texture_size": [32, 32],
	"textures": {
		"0": "magicraft/mando_helm_d",
		"particle": "magicraft/mando_helm_d"
	},
	"elements": [
		{
			"name": "base-black",
			"from": [4, 0, 4],
			"to": [12, 8, 12],
			"rotation": {"angle": 0, "axis": "y", "origin": [8, 4, 8]},
			"faces": {
				"north": {"uv": [4, 4, 8, 8], "texture": "#0"},
				"east": {"uv": [0, 4, 4, 8], "texture": "#0"},
				"south": {"uv": [12, 4, 16, 8], "texture": "#0"},
				"west": {"uv": [8, 4, 12, 8], "texture": "#0"},
				"up": {"uv": [8, 4, 4, 0], "texture": "#0"},
				"down": {"uv": [12, 0, 8, 4], "texture": "#0"}
			}
		},
		{
			"name": "base-transparent",
			"from": [4, 0, 4],
			"to": [12, 8, 12],
			"rotation": {"angle": 0, "axis": "y", "origin": [8, 4, 8]},
			"faces": {
				"north": {"uv": [4, 4, 8, 8], "texture": "#0"},
				"east": {"uv": [0, 4, 4, 8], "texture": "#0"},
				"south": {"uv": [12, 4, 16, 8], "texture": "#0"},
				"west": {"uv": [8, 4, 12, 8], "texture": "#0"},
				"up": {"uv": [8, 4, 4, 0], "texture": "#0"},
				"down": {"uv": [12, 0, 8, 4], "texture": "#0"}
			}
		},
		{
			"name": "n-l-1",
			"from": [6, 0, 3.5],
			"to": [7, 4, 4],
			"faces": {
				"north": {"uv": [6.5, 14, 7, 16], "texture": "#0"},
				"east": {"uv": [6.5, 14, 7, 16], "texture": "#0"},
				"south": {"uv": [6.5, 14, 7, 16], "texture": "#0"},
				"west": {"uv": [6.5, 14, 7, 16], "texture": "#0"},
				"up": {"uv": [6.5, 14, 7, 14.5], "texture": "#0"},
				"down": {"uv": [6.5, 15.5, 7, 16], "texture": "#0"}
			}
		},
		{
			"name": "n-l-2",
			"from": [4, 3, 3.5],
			"to": [6, 4, 4],
			"faces": {
				"north": {"uv": [7, 14, 8, 14.5], "texture": "#0"},
				"east": {"uv": [7, 14, 7.5, 14.5], "texture": "#0"},
				"south": {"uv": [8, 14, 7, 14.5], "texture": "#0"},
				"west": {"uv": [7.5, 14, 8, 14.5], "texture": "#0"},
				"up": {"uv": [8, 14, 7, 14.5], "texture": "#0"},
				"down": {"uv": [8, 14, 7, 14.5], "texture": "#0"}
			}
		},
		{
			"name": "n-brow",
			"from": [4, 5, 3.5],
			"to": [12, 6, 4],
			"faces": {
				"north": {"uv": [4, 13, 8, 13.5], "texture": "#0"},
				"east": {"uv": [4, 13, 4.5, 13.5], "texture": "#0"},
				"south": {"uv": [8, 13, 4, 13.5], "texture": "#0"},
				"west": {"uv": [7.5, 13, 8, 13.5], "texture": "#0"},
				"up": {"uv": [8, 13, 4, 13.5], "texture": "#0"},
				"down": {"uv": [8, 13, 4, 13.5], "texture": "#0"}
			}
		},
		{
			"name": "n-r-1",
			"from": [9, 0, 3.5],
			"to": [10, 4, 4],
			"faces": {
				"north": {"uv": [5, 14, 5.5, 16], "texture": "#0"},
				"east": {"uv": [5, 14, 5.5, 16], "texture": "#0"},
				"south": {"uv": [5, 14, 5.5, 16], "texture": "#0"},
				"west": {"uv": [5, 14, 5.5, 16], "texture": "#0"},
				"up": {"uv": [5, 14, 5.5, 14.5], "texture": "#0"},
				"down": {"uv": [5, 15.5, 5.5, 16], "texture": "#0"}
			}
		},
		{
			"name": "n-r-2",
			"from": [10, 3, 3.5],
			"to": [12, 4, 4],
			"faces": {
				"north": {"uv": [4, 14, 5, 14.5], "texture": "#0"},
				"east": {"uv": [4, 14, 4.5, 14.5], "texture": "#0"},
				"south": {"uv": [5, 14, 4, 14.5], "texture": "#0"},
				"west": {"uv": [4.5, 14, 5, 14.5], "texture": "#0"},
				"up": {"uv": [5, 14, 4, 14.5], "texture": "#0"},
				"down": {"uv": [5, 14, 4, 14.5], "texture": "#0"}
			}
		},
		{
			"name": "n-r-1",
			"from": [7, 6, 3.5],
			"to": [9, 8, 4],
			"faces": {
				"north": {"uv": [5.5, 12, 6.5, 13], "texture": "#0"},
				"east": {"uv": [5.5, 12, 6, 13], "texture": "#0"},
				"south": {"uv": [6.5, 12, 5.5, 13], "texture": "#0"},
				"west": {"uv": [6, 12, 6.5, 13], "texture": "#0"},
				"up": {"uv": [6.5, 12, 5.5, 12.5], "texture": "#0"},
				"down": {"uv": [6.5, 12.5, 5.5, 13], "texture": "#0"}
			}
		},
		{
			"name": "e-m-1",
			"from": [12, 3, 4],
			"to": [12.5, 4, 5],
			"faces": {
				"north": {"uv": [3.5, 14, 4, 14.5], "texture": "#0"},
				"east": {"uv": [3.5, 14, 4, 14.5], "texture": "#0"},
				"south": {"uv": [3.5, 14, 4, 14.5], "texture": "#0"},
				"west": {"uv": [3.5, 14, 4, 14.5], "texture": "#0"},
				"up": {"uv": [3.5, 14, 4, 14.5], "texture": "#0"},
				"down": {"uv": [3.5, 14, 4, 14.5], "texture": "#0"}
			}
		},
		{
			"name": "e-m-2",
			"from": [12, 4, 5],
			"to": [12.5, 6, 9],
			"faces": {
				"north": {"uv": [3, 13, 3.5, 14], "texture": "#0"},
				"east": {"uv": [1.5, 13, 3.5, 14], "texture": "#0"},
				"south": {"uv": [1.5, 13, 2, 14], "texture": "#0"},
				"west": {"uv": [3.5, 13, 1.5, 14], "texture": "#0"},
				"up": {"uv": [3.5, 13, 1.5, 13.5], "rotation": 90, "texture": "#0"},
				"down": {"uv": [1.5, 13.5, 3.5, 14], "rotation": 90, "texture": "#0"}
			}
		},
		{
			"name": "e-u-1",
			"from": [12, 5, 4],
			"to": [12.5, 6, 5],
			"faces": {
				"north": {"uv": [3.5, 13, 4, 13.5], "texture": "#0"},
				"east": {"uv": [3.5, 13, 4, 13.5], "texture": "#0"},
				"south": {"uv": [3.5, 13, 4, 13.5], "texture": "#0"},
				"west": {"uv": [3.5, 13, 4, 13.5], "texture": "#0"},
				"up": {"uv": [3.5, 13, 4, 13.5], "texture": "#0"},
				"down": {"uv": [3.5, 13, 4, 13.5], "texture": "#0"}
			}
		},
		{
			"name": "e-l-1",
			"from": [12, 0, 7],
			"to": [12.5, 4, 8],
			"faces": {
				"north": {"uv": [2, 14, 2.5, 16], "texture": "#0"},
				"east": {"uv": [2, 14, 2.5, 16], "texture": "#0"},
				"south": {"uv": [2, 14, 2.5, 16], "texture": "#0"},
				"west": {"uv": [2, 14, 2.5, 16], "texture": "#0"},
				"up": {"uv": [2, 14, 2.5, 14.5], "texture": "#0"},
				"down": {"uv": [2, 15.5, 2.5, 16], "texture": "#0"}
			}
		},
		{
			"name": "w-m-1",
			"from": [3.5, 3, 4],
			"to": [4, 4, 5],
			"faces": {
				"north": {"uv": [8, 14, 8.5, 14.5], "texture": "#0"},
				"east": {"uv": [8, 14, 8.5, 14.5], "texture": "#0"},
				"south": {"uv": [8, 14, 8.5, 14.5], "texture": "#0"},
				"west": {"uv": [8, 14, 8.5, 14.5], "texture": "#0"},
				"up": {"uv": [8, 14, 8.5, 14.5], "texture": "#0"},
				"down": {"uv": [8, 14, 8.5, 14.5], "texture": "#0"}
			}
		},
		{
			"name": "w-m-2",
			"from": [3.5, 4, 5],
			"to": [4, 6, 9],
			"faces": {
				"north": {"uv": [9, 13, 8.5, 14], "texture": "#0"},
				"east": {"uv": [10.5, 13, 8.5, 14], "texture": "#0"},
				"south": {"uv": [10.5, 13, 10, 14], "texture": "#0"},
				"west": {"uv": [8.5, 13, 10.5, 14], "texture": "#0"},
				"up": {"uv": [8.5, 13, 10.5, 13.5], "rotation": 90, "texture": "#0"},
				"down": {"uv": [10.5, 13.5, 8.5, 14], "rotation": 90, "texture": "#0"}
			}
		},
		{
			"name": "w-u-1",
			"from": [3.5, 5, 4],
			"to": [4, 6, 5],
			"faces": {
				"north": {"uv": [8, 13, 8.5, 13.5], "rotation": 180, "texture": "#0"},
				"east": {"uv": [8, 13, 8.5, 13.5], "rotation": 180, "texture": "#0"},
				"south": {"uv": [8, 13, 8.5, 13.5], "rotation": 180, "texture": "#0"},
				"west": {"uv": [8, 13, 8.5, 13.5], "rotation": 180, "texture": "#0"},
				"up": {"uv": [8, 13, 8.5, 13.5], "rotation": 180, "texture": "#0"},
				"down": {"uv": [8, 13, 8.5, 13.5], "rotation": 180, "texture": "#0"}
			}
		},
		{
			"name": "w-l-1",
			"from": [3.5, 0, 7],
			"to": [4, 4, 8],
			"faces": {
				"north": {"uv": [9.5, 14, 10, 16], "texture": "#0"},
				"east": {"uv": [9.5, 14, 10, 16], "texture": "#0"},
				"south": {"uv": [9.5, 14, 10, 16], "texture": "#0"},
				"west": {"uv": [9.5, 14, 10, 16], "texture": "#0"},
				"up": {"uv": [9.5, 14, 10, 14.5], "texture": "#0"},
				"down": {"uv": [9.5, 15.5, 10, 16], "texture": "#0"}
			}
		},
		{
			"name": "up-1",
			"from": [7, 8, 4],
			"to": [9, 8.5, 12],
			"faces": {
				"north": {"uv": [5.5, 11.5, 6.5, 12], "texture": "#0"},
				"east": {"uv": [5.5, 12, 6, 8], "rotation": 90, "texture": "#0"},
				"south": {"uv": [6.5, 8, 5.5, 8.5], "texture": "#0"},
				"west": {"uv": [6, 8, 6.5, 12], "rotation": 90, "texture": "#0"},
				"up": {"uv": [6.5, 12, 5.5, 8], "texture": "#0"},
				"down": {"uv": [6.5, 8, 5.5, 12], "texture": "#0"}
			}
		},
		{
			"name": "up-2",
			"from": [7, 8, 6],
			"to": [9, 9, 10],
			"faces": {
				"north": {"uv": [5.5, 10.5, 6.5, 11], "texture": "#0"},
				"east": {"uv": [5.5, 11, 6, 9], "rotation": 90, "texture": "#0"},
				"south": {"uv": [6.5, 9, 5.5, 9.5], "texture": "#0"},
				"west": {"uv": [6, 9, 6.5, 11], "rotation": 90, "texture": "#0"},
				"up": {"uv": [6.5, 11, 5.5, 9], "texture": "#0"},
				"down": {"uv": [6.5, 11, 5.5, 9], "texture": "#0"}
			}
		},
		{
			"name": "south",
			"from": [7, 7, 12],
			"to": [9, 8, 12.5],
			"faces": {
				"north": {"uv": [13.5, 12, 14.5, 12.5], "texture": "#0"},
				"east": {"uv": [14, 12, 13.5, 12.5], "texture": "#0"},
				"south": {"uv": [14.5, 12, 13.5, 12.5], "texture": "#0"},
				"west": {"uv": [14.5, 12, 14, 12.5], "texture": "#0"},
				"up": {"uv": [14.5, 12, 13.5, 12.5], "texture": "#0"},
				"down": {"uv": [14.5, 12, 13.5, 12.5], "texture": "#0"}
			}
		}
	],
	"display": {
		"thirdperson_righthand": {
			"rotation": [75, 45, 0],
			"translation": [0, 2.5, 0],
			"scale": [0.375, 0.375, 0.375]
		},
		"thirdperson_lefthand": {
			"rotation": [75, 45, 0],
			"translation": [0, 2.5, 0],
			"scale": [0.375, 0.375, 0.375]
		},
		"firstperson_righthand": {
			"rotation": [0, 120, 0],
			"translation": [0, 5, 0],
			"scale": [0.5, 0.5, 0.5]
		},
		"firstperson_lefthand": {
			"rotation": [0, 120, 0],
			"translation": [0, 5, 0],
			"scale": [0.5, 0.5, 0.5]
		},
		"ground": {
			"translation": [0, 3, 0],
			"scale": [0.35, 0.35, 0.35]
		},
		"gui": {
			"rotation": [0, 180, 0],
			"translation": [0, 6, 0],
			"scale": [1.5, 1.5, 1.5]
		},
		"head": {
			"translation": [0, 7.7, 0],
			"scale": [1.8, 1.8, 1.8]
		},
		"fixed": {
			"translation": [0, 6, 0],
			"scale": [1.5, 1.5, 1.5]
		}
	},
	"groups": [
		0,
		1,
		{
			"name": "base-full3d",
			"origin": [8, 4, 8],
			"color": 0,
			"children": []
		},
		{
			"name": "north",
			"origin": [0, 0, 0],
			"color": 0,
			"children": [2, 3, 4, 5, 6, 7]
		},
		{
			"name": "east",
			"origin": [8, 8, 8],
			"color": 0,
			"children": [8, 9, 10, 11]
		},
		{
			"name": "west",
			"origin": [8, 8, 8],
			"color": 0,
			"children": [12, 13, 14, 15]
		},
		{
			"name": "up",
			"origin": [0, 0, 0],
			"color": 0,
			"children": [16, 17]
		},
		18
	]
}