{
	"credit": "Made by Magiya using Blockbench",
	"texture_size": [32, 32],
	"textures": {
		"3": "item/mjolnir_texture",
		"particle": "item/mjolnir_texture"
	},
	"elements": [
		{
			"name": "center",
			"from": [4, 0, 8],
			"to": [12, 4, 13],
			"faces": {
				"north": {"uv": [4, 0, 8, 2], "texture": "#3"},
				"east": {"uv": [4, 4, 6.5, 6], "texture": "#3"},
				"south": {"uv": [4, 2, 8, 4], "texture": "#3"},
				"west": {"uv": [0, 5, 2.5, 7], "texture": "#3"},
				"up": {"uv": [4, 2.5, 0, 0], "texture": "#3"},
				"down": {"uv": [4, 2.5, 0, 5], "texture": "#3"}
			}
		},
		{
			"name": "side2",
			"from": [12, 1, 9],
			"to": [13, 3, 12],
			"faces": {
				"north": {"uv": [4, 8, 4.5, 9], "texture": "#3"},
				"east": {"uv": [6.5, 5, 8, 6], "texture": "#3"},
				"south": {"uv": [8, 4, 8.5, 5], "texture": "#3"},
				"west": {"uv": [2, 7, 3.5, 8], "texture": "#3"},
				"up": {"uv": [3, 9.5, 2.5, 8], "texture": "#3"},
				"down": {"uv": [8.5, 2.5, 8, 4], "texture": "#3"}
			}
		},
		{
			"name": "side1",
			"from": [3, 1, 9],
			"to": [4, 3, 12],
			"faces": {
				"north": {"uv": [3, 8, 3.5, 9], "texture": "#3"},
				"east": {"uv": [2.5, 5, 4, 6], "texture": "#3"},
				"south": {"uv": [3.5, 8, 4, 9], "texture": "#3"},
				"west": {"uv": [6.5, 4, 8, 5], "texture": "#3"},
				"up": {"uv": [8.5, 2.5, 8, 1], "texture": "#3"},
				"down": {"uv": [2.5, 8, 2, 9.5], "texture": "#3"}
			}
		},
		{
			"name": "top",
			"from": [7, 1, 13],
			"to": [9, 3, 14],
			"faces": {
				"north": {"uv": [7.5, 7, 8.5, 8], "texture": "#3"},
				"east": {"uv": [6.5, 8, 7, 9], "texture": "#3"},
				"south": {"uv": [8, 0, 9, 1], "texture": "#3"},
				"west": {"uv": [7, 8, 7.5, 9], "texture": "#3"},
				"up": {"uv": [9, 6, 8, 5.5], "texture": "#3"},
				"down": {"uv": [8.5, 8, 7.5, 8.5], "texture": "#3"}
			}
		},
		{
			"name": "pommel",
			"from": [7, 1, 0],
			"to": [9, 3, 1],
			"faces": {
				"north": {"uv": [7.5, 7, 8.5, 8], "texture": "#3"},
				"east": {"uv": [6.5, 8, 7, 9], "texture": "#3"},
				"south": {"uv": [8, 0, 9, 1], "texture": "#3"},
				"west": {"uv": [7, 8, 7.5, 9], "texture": "#3"},
				"up": {"uv": [9, 6, 8, 5.5], "texture": "#3"},
				"down": {"uv": [8.5, 8, 7.5, 8.5], "texture": "#3"}
			}
		},
		{
			"name": "top nub",
			"from": [7, 1, 13],
			"to": [9, 3, 14],
			"faces": {
				"north": {"uv": [5.5, 7, 6.5, 8], "texture": "#3"},
				"east": {"uv": [4.5, 8, 5, 9], "texture": "#3"},
				"south": {"uv": [6.5, 7, 7.5, 8], "texture": "#3"},
				"west": {"uv": [5, 8, 5.5, 9], "texture": "#3"},
				"up": {"uv": [9, 5.5, 8, 5], "texture": "#3"},
				"down": {"uv": [6.5, 8, 5.5, 8.5], "texture": "#3"}
			}
		},
		{
			"name": "main",
			"from": [7, 1, 1],
			"to": [9, 3, 8],
			"faces": {
				"north": {"uv": [3.5, 7, 4.5, 8], "texture": "#3"},
				"east": {"uv": [2.5, 6, 6, 7], "texture": "#3"},
				"south": {"uv": [4.5, 7, 5.5, 8], "texture": "#3"},
				"west": {"uv": [6, 6, 9.5, 7], "texture": "#3"},
				"up": {"uv": [1, 10.5, 0, 7], "texture": "#3"},
				"down": {"uv": [2, 7, 1, 10.5], "texture": "#3"}
			}
		}
	],
	"display": {
		"thirdperson_righthand": {
			"rotation": [-90, 0, -90],
			"translation": [6, 2, -1]
		},
		"thirdperson_lefthand": {
			"rotation": [-90, 0, -90],
			"translation": [6, 2, -1]
		},
		"firstperson_righthand": {
			"rotation": [-90, 0, -90],
			"translation": [6, 2, -1]
		},
		"firstperson_lefthand": {
			"rotation": [-90, 0, -90],
			"translation": [6, 2, -1]
		},
		"ground": {
			"rotation": [100, 0, 0],
			"translation": [0, 0, 8]
		},
		"gui": {
			"rotation": [-90, 45, 0],
			"scale": [1.2, 1.2, 1.2]
		},
		"head": {
			"rotation": [-90, -180, 0],
			"translation": [0, 14, -9],
			"scale": [1.5, 1.5, 1.5]
		},
		"fixed": {
			"rotation": [85, -180, 0],
			"translation": [0, 3, 6],
			"scale": [1.5, 1.5, 1.5]
		}
	}
}