{
	"credit": "Made by Magiya using Blockbench",
	"texture_size": [32, 32],
	"textures": {
		"0": "magicraft/dragonscale_axe",
		"particle": "magicraft/dragonscale_axe"
	},
	"elements": [
		{
			"name": "spike3",
			"from": [7, -9, 7],
			"to": [9, -8, 9],
			"rotation": {"angle": 0, "axis": "y", "origin": [8, -12, 8]},
			"faces": {
				"north": {"uv": [0, 12, 2, 13], "texture": "#0"},
				"east": {"uv": [0, 12, 2, 13], "texture": "#0"},
				"south": {"uv": [0, 12, 2, 13], "texture": "#0"},
				"west": {"uv": [0, 12, 2, 13], "texture": "#0"},
				"up": {"uv": [0, 11, 2, 13], "rotation": 90, "texture": "#0"},
				"down": {"uv": [0, 11, 2, 13], "rotation": 270, "texture": "#0"}
			}
		},
		{
			"name": "spike2",
			"from": [7.5, -11, 7.5],
			"to": [8.5, -9, 8.5],
			"rotation": {"angle": 0, "axis": "y", "origin": [8, -12, 8]},
			"faces": {
				"north": {"uv": [0, 15, 2, 16], "texture": "#0"},
				"east": {"uv": [0, 15, 2, 16], "texture": "#0"},
				"south": {"uv": [0, 15, 2, 16], "texture": "#0"},
				"west": {"uv": [0, 15, 2, 16], "texture": "#0"},
				"up": {"uv": [0, 15, 1, 16], "rotation": 90, "texture": "#0"},
				"down": {"uv": [1, 15, 2, 16], "rotation": 270, "texture": "#0"}
			}
		},
		{
			"name": "spike1",
			"from": [7.75, -13, 7.75],
			"to": [8.25, -11, 8.25],
			"rotation": {"angle": 0, "axis": "y", "origin": [8, -12, 8]},
			"faces": {
				"north": {"uv": [2, 15, 4, 16], "texture": "#0"},
				"east": {"uv": [2, 15, 4, 16], "texture": "#0"},
				"south": {"uv": [2, 15, 4, 16], "texture": "#0"},
				"west": {"uv": [2, 15, 4, 16], "texture": "#0"},
				"up": {"uv": [2, 15, 3, 16], "rotation": 90, "texture": "#0"},
				"down": {"uv": [3, 15, 4, 16], "rotation": 270, "texture": "#0"}
			}
		},
		{
			"name": "shaft",
			"from": [7.6, -8, 7.6],
			"to": [8.4, 19, 8.4],
			"rotation": {"angle": 0, "axis": "y", "origin": [8, -12, 8]},
			"faces": {
				"north": {"uv": [0, 14, 16, 15], "texture": "#0"},
				"east": {"uv": [0, 14, 16, 15], "texture": "#0"},
				"south": {"uv": [0, 14, 16, 15], "texture": "#0"},
				"west": {"uv": [0, 14, 16, 15], "texture": "#0"},
				"up": {"uv": [15, 14, 16, 15], "rotation": 90, "texture": "#0"},
				"down": {"uv": [0, 14, 1, 15], "rotation": 270, "texture": "#0"}
			}
		},
		{
			"name": "head_collar",
			"from": [7.5, 19, 7],
			"to": [8.5, 20, 9],
			"rotation": {"angle": 0, "axis": "y", "origin": [8, -12, 8]},
			"faces": {
				"north": {"uv": [0, 12, 2, 13], "texture": "#0"},
				"east": {"uv": [0, 12, 2, 13], "texture": "#0"},
				"south": {"uv": [0, 12, 2, 13], "texture": "#0"},
				"west": {"uv": [0, 12, 2, 13], "texture": "#0"},
				"up": {"uv": [0, 11, 2, 13], "rotation": 90, "texture": "#0"},
				"down": {"uv": [0, 11, 2, 13], "rotation": 270, "texture": "#0"}
			}
		},
		{
			"name": "v1_head",
			"from": [7.25, 20, 6.5],
			"to": [8.75, 32, 9.5],
			"rotation": {"angle": 0, "axis": "y", "origin": [8, -12, 8]},
			"faces": {
				"north": {"uv": [0, 0, 3, 12], "texture": "#0"},
				"east": {"uv": [0, 0, 3, 12], "texture": "#0"},
				"south": {"uv": [0, 0, 3, 12], "texture": "#0"},
				"west": {"uv": [0, 0, 3, 12], "texture": "#0"},
				"up": {"uv": [0, 1, 3, 0], "rotation": 90, "texture": "#0"},
				"down": {"uv": [0, 11, 3, 12], "rotation": 270, "texture": "#0"}
			}
		},
		{
			"name": "lspike1_head",
			"from": [7.75, 21, 10.5],
			"to": [8.25, 22, 11.5],
			"rotation": {"angle": 0, "axis": "y", "origin": [8, -12, 8]},
			"faces": {
				"north": {"uv": [12, 0, 13, 1], "texture": "#0"},
				"east": {"uv": [12, 0, 13, 1], "texture": "#0"},
				"south": {"uv": [12, 0, 13, 1], "texture": "#0"},
				"west": {"uv": [12, 0, 13, 1], "texture": "#0"},
				"up": {"uv": [12, 0, 13, 1], "rotation": 90, "texture": "#0"},
				"down": {"uv": [12, 0, 13, 1], "rotation": 270, "texture": "#0"}
			}
		},
		{
			"name": "lspike2_head",
			"from": [7.5, 20.5, 9.5],
			"to": [8.5, 22.5, 10.5],
			"rotation": {"angle": 0, "axis": "y", "origin": [8, -12, 8]},
			"faces": {
				"north": {"uv": [11, 0, 12, 2], "texture": "#0"},
				"east": {"uv": [11, 0, 12, 2], "texture": "#0"},
				"south": {"uv": [11, 0, 12, 2], "texture": "#0"},
				"west": {"uv": [11, 0, 12, 2], "texture": "#0"},
				"up": {"uv": [11, 0, 12, 1], "rotation": 90, "texture": "#0"},
				"down": {"uv": [11, 0, 12, 1], "rotation": 270, "texture": "#0"}
			}
		},
		{
			"name": "uspike_head",
			"from": [7.75, 30.25, 10.5],
			"to": [8.25, 31.25, 11.5],
			"rotation": {"angle": 0, "axis": "y", "origin": [8, -12, 8]},
			"faces": {
				"north": {"uv": [12, 0, 13, 1], "texture": "#0"},
				"east": {"uv": [12, 0, 13, 1], "texture": "#0"},
				"south": {"uv": [12, 0, 13, 1], "texture": "#0"},
				"west": {"uv": [12, 0, 13, 1], "texture": "#0"},
				"up": {"uv": [12, 0, 13, 1], "rotation": 90, "texture": "#0"},
				"down": {"uv": [12, 0, 13, 1], "rotation": 270, "texture": "#0"}
			}
		},
		{
			"name": "uspike2_head",
			"from": [7.5, 29.75, 9.5],
			"to": [8.5, 31.75, 10.5],
			"rotation": {"angle": 0, "axis": "y", "origin": [8, -12, 8]},
			"faces": {
				"north": {"uv": [11, 0, 12, 2], "texture": "#0"},
				"east": {"uv": [11, 0, 12, 2], "texture": "#0"},
				"south": {"uv": [11, 0, 12, 2], "texture": "#0"},
				"west": {"uv": [11, 0, 12, 2], "texture": "#0"},
				"up": {"uv": [11, 0, 12, 1], "rotation": 90, "texture": "#0"},
				"down": {"uv": [11, 0, 12, 1], "rotation": 270, "texture": "#0"}
			}
		},
		{
			"name": "h1_head",
			"from": [7.25, 30, 1.5],
			"to": [8.75, 32, 6.5],
			"rotation": {"angle": 0, "axis": "y", "origin": [8, -12, 8]},
			"faces": {
				"north": {"uv": [7, 0, 9, 2], "texture": "#0"},
				"east": {"uv": [3, 0, 9, 2], "texture": "#0"},
				"south": {"uv": [3, 0, 5, 2], "texture": "#0"},
				"west": {"uv": [3, 0, 9, 2], "texture": "#0"},
				"up": {"uv": [3, 0, 9, 2], "rotation": 90, "texture": "#0"},
				"down": {"uv": [3, 0, 9, 2], "rotation": 270, "texture": "#0"}
			}
		},
		{
			"name": "vhcorner1_head",
			"from": [7.5, 29, 5.5],
			"to": [8.5, 30, 6.5],
			"rotation": {"angle": 0, "axis": "y", "origin": [8, -12, 8]},
			"faces": {
				"north": {"uv": [3, 2, 4, 3], "texture": "#0"},
				"east": {"uv": [3, 2, 4, 3], "texture": "#0"},
				"south": {"uv": [3, 2, 4, 3], "texture": "#0"},
				"west": {"uv": [3, 2, 4, 3], "texture": "#0"},
				"up": {"uv": [3, 2, 4, 3], "rotation": 90, "texture": "#0"},
				"down": {"uv": [3, 2, 4, 3], "rotation": 270, "texture": "#0"}
			}
		},
		{
			"name": "hvcorner1_head",
			"from": [7.5, 29, 1.5],
			"to": [8.5, 30, 3.5],
			"rotation": {"angle": 0, "axis": "y", "origin": [8, -12, 8]},
			"faces": {
				"north": {"uv": [6, 2, 7, 3], "texture": "#0"},
				"east": {"uv": [6, 2, 8, 3], "texture": "#0"},
				"south": {"uv": [7, 2, 8, 3], "texture": "#0"},
				"west": {"uv": [6, 2, 8, 3], "texture": "#0"},
				"up": {"uv": [6, 2, 8, 3], "rotation": 90, "texture": "#0"},
				"down": {"uv": [6, 2, 8, 3], "rotation": 270, "texture": "#0"}
			}
		},
		{
			"name": "hvcorner2_head",
			"from": [7.75, 27, 1.5],
			"to": [8.25, 29, 2.5],
			"rotation": {"angle": 0, "axis": "y", "origin": [8, -12, 8]},
			"faces": {
				"north": {"uv": [7, 3, 8, 5], "texture": "#0"},
				"east": {"uv": [7, 3, 8, 5], "texture": "#0"},
				"south": {"uv": [7, 3, 8, 5], "texture": "#0"},
				"west": {"uv": [7, 3, 8, 5], "texture": "#0"},
				"up": {"uv": [7, 3, 8, 4], "rotation": 90, "texture": "#0"},
				"down": {"uv": [7, 4, 8, 5], "rotation": 270, "texture": "#0"}
			}
		},
		{
			"name": "v2_head",
			"from": [7.5, 21, 0.5],
			"to": [8.5, 32, 1.5],
			"rotation": {"angle": 0, "axis": "y", "origin": [8, -12, 8]},
			"faces": {
				"north": {"uv": [8, 0, 9, 11], "texture": "#0"},
				"east": {"uv": [8, 0, 9, 11], "texture": "#0"},
				"south": {"uv": [8, 0, 9, 11], "texture": "#0"},
				"west": {"uv": [8, 0, 9, 11], "texture": "#0"},
				"up": {"uv": [8, 0, 9, 1], "rotation": 90, "texture": "#0"},
				"down": {"uv": [8, 10, 9, 11], "rotation": 270, "texture": "#0"}
			}
		},
		{
			"name": "v3_head",
			"from": [7.75, 21, -0.5],
			"to": [8.25, 32, 0.5],
			"rotation": {"angle": 0, "axis": "y", "origin": [8, -12, 8]},
			"faces": {
				"north": {"uv": [10, 0, 11, 11], "texture": "#0"},
				"east": {"uv": [10, 0, 11, 11], "texture": "#0"},
				"south": {"uv": [9, 0, 10, 11], "texture": "#0"},
				"west": {"uv": [10, 0, 11, 11], "texture": "#0"},
				"up": {"uv": [10, 0, 11, 1], "rotation": 90, "texture": "#0"},
				"down": {"uv": [10, 10, 11, 11], "rotation": 270, "texture": "#0"}
			}
		},
		{
			"name": "v2corner1_head",
			"from": [7.75, 20, 0.5],
			"to": [8.25, 21, 1.5],
			"rotation": {"angle": 0, "axis": "y", "origin": [8, -12, 8]},
			"faces": {
				"north": {"uv": [10, 11, 11, 12], "texture": "#0"},
				"east": {"uv": [10, 11, 11, 12], "texture": "#0"},
				"south": {"uv": [10, 11, 11, 12], "texture": "#0"},
				"west": {"uv": [10, 11, 11, 12], "texture": "#0"},
				"up": {"uv": [10, 11, 11, 12], "rotation": 90, "texture": "#0"},
				"down": {"uv": [10, 11, 11, 12], "rotation": 270, "texture": "#0"}
			}
		},
		{
			"name": "v2corner2_head",
			"from": [7.75, 19, 1.5],
			"to": [8.25, 20, 2.5],
			"rotation": {"angle": 0, "axis": "y", "origin": [8, -12, 8]},
			"faces": {
				"north": {"uv": [10, 12, 11, 13], "texture": "#0"},
				"east": {"uv": [10, 12, 11, 13], "texture": "#0"},
				"south": {"uv": [10, 12, 11, 13], "texture": "#0"},
				"west": {"uv": [10, 12, 11, 13], "texture": "#0"},
				"up": {"uv": [10, 12, 11, 13], "rotation": 90, "texture": "#0"},
				"down": {"uv": [10, 12, 11, 13], "rotation": 270, "texture": "#0"}
			}
		},
		{
			"name": "v2corner3_head",
			"from": [7.5, 20, 1.5],
			"to": [8.5, 23, 2.5],
			"rotation": {"angle": 0, "axis": "y", "origin": [8, -12, 8]},
			"faces": {
				"north": {"uv": [7, 10, 8, 13], "texture": "#0"},
				"east": {"uv": [7, 10, 8, 13], "texture": "#0"},
				"south": {"uv": [7, 10, 8, 13], "texture": "#0"},
				"west": {"uv": [7, 10, 8, 13], "texture": "#0"},
				"up": {"uv": [7, 10, 8, 11], "rotation": 90, "texture": "#0"},
				"down": {"uv": [7, 12, 8, 13], "rotation": 270, "texture": "#0"}
			}
		},
		{
			"name": "runes_n",
			"from": [8.76, 22, 7],
			"to": [8.76, 29, 9],
			"rotation": {"angle": 0, "axis": "y", "origin": [8, -12, 8]},
			"faces": {
				"north": {"uv": [12, 5, 14, 12], "texture": "#0"},
				"east": {"uv": [4, 5, 6, 12], "texture": "#0"},
				"south": {"uv": [12, 5, 14, 12], "texture": "#0"},
				"west": {"uv": [12, 5, 14, 12], "texture": "#0"},
				"up": {"uv": [12, 5, 14, 12], "rotation": 90, "texture": "#0"},
				"down": {"uv": [12, 5, 14, 12], "rotation": 270, "texture": "#0"}
			}
		},
		{
			"name": "runes_n",
			"from": [7.24, 22, 7],
			"to": [7.24, 29, 9],
			"rotation": {"angle": 0, "axis": "y", "origin": [8, -12, 8]},
			"faces": {
				"north": {"uv": [12, 5, 14, 12], "texture": "#0"},
				"east": {"uv": [12, 5, 14, 12], "texture": "#0"},
				"south": {"uv": [12, 5, 14, 12], "texture": "#0"},
				"west": {"uv": [6, 5, 4, 12], "texture": "#0"},
				"up": {"uv": [12, 5, 14, 12], "rotation": 90, "texture": "#0"},
				"down": {"uv": [12, 5, 14, 12], "rotation": 270, "texture": "#0"}
			}
		}
	],
	"display": {
		"thirdperson_righthand": {
			"translation": [0, 3.25, 0.75]
		},
		"thirdperson_lefthand": {
			"translation": [0, 3.25, 0.75]
		},
		"firstperson_righthand": {
			"translation": [0, -9, 0.75]
		},
		"firstperson_lefthand": {
			"translation": [0, -9, 0.75]
		},
		"ground": {
			"translation": [0, 16.25, 0]
		},
		"gui": {
			"rotation": [-118.89, 42.05, 125.94],
			"translation": [1, -0.75, 0],
			"scale": [0.43, 0.43, 0.43]
		},
		"head": {
			"rotation": [-120.64, -27.86, 38.2],
			"translation": [0, 23, 3]
		},
		"fixed": {
			"rotation": [-90, -60, -90],
			"translation": [0, -1.25, -0.25],
			"scale": [0.5, 0.5, 0.5]
		}
	},
	"groups": [
		{
			"name": "spike",
			"origin": [8, 1, 8],
			"color": 0,
			"children": [0, 1, 2]
		},
		3,
		{
			"name": "head_c",
			"origin": [0, 0, 0],
			"color": 0,
			"children": [4, 5, 6, 7, 8, 9, 10, 11, 12, 13, 14, 15, 16, 17, 18, 19, 20]
		}
	]
}