{
	"credit": "Made by Magiya using Blockbench",
	"texture_size": [32, 32],
	"textures": {
		"0": "magicraft/toothbrush_texture",
		"particle": "magicraft/toothbrush_texture"
	},
	"elements": [
		{
			"name": "handle",
			"from": [7.25, 0.25, 0.5],
			"to": [8.75, 1.75, 10.5],
			"faces": {
				"north": {"uv": [0, 2, 1, 3], "texture": "#0"},
				"east": {"uv": [0, 2, 1, 7], "rotation": 90, "texture": "#0"},
				"south": {"uv": [0, 3, 1, 4], "texture": "#0"},
				"west": {"uv": [0, 0, 0, 0], "texture": "#0"},
				"up": {"uv": [1, 7, 0, 2], "texture": "#0"},
				"down": {"uv": [1, 2, 0, 7], "texture": "#0"}
			}
		},
		{
			"name": "head",
			"from": [6.25, 0, 10.25],
			"to": [9.75, 2, 15.75],
			"faces": {
				"north": {"uv": [0, 2.5, 1.5, 3.5], "texture": "#0"},
				"east": {"uv": [0, 1, 1, 3.5], "rotation": 90, "texture": "#0"},
				"south": {"uv": [0, 1, 1.5, 2], "texture": "#0"},
				"west": {"uv": [0, 0, 0, 0], "texture": "#0"},
				"up": {"uv": [1.5, 3.5, 0, 1], "texture": "#0"},
				"down": {"uv": [1.5, 1, 0, 3.5], "texture": "#0"}
			}
		},
		{
			"name": "f1",
			"from": [7.5, 1.75, 10.5],
			"to": [8.5, 3.75, 11.5],
			"faces": {
				"north": {"uv": [0, 0, 0.5, 1], "texture": "#0"},
				"east": {"uv": [0, 0, 0.5, 1], "texture": "#0"},
				"south": {"uv": [0, 0, 0.5, 1], "texture": "#0"},
				"west": {"uv": [0, 0, 0.5, 1], "texture": "#0"},
				"up": {"uv": [0.5, 0.5, 0, 0], "texture": "#0"},
				"down": {"uv": [0.5, 0, 0, 0.5], "texture": "#0"}
			}
		},
		{
			"name": "f2",
			"from": [8.5, 1.75, 11.5],
			"to": [9.5, 3.75, 12.5],
			"faces": {
				"north": {"uv": [0, 0, 0.5, 1], "texture": "#0"},
				"east": {"uv": [0, 0, 0.5, 1], "texture": "#0"},
				"south": {"uv": [0, 0, 0.5, 1], "texture": "#0"},
				"west": {"uv": [0, 0, 0.5, 1], "texture": "#0"},
				"up": {"uv": [0.5, 0.5, 0, 0], "texture": "#0"},
				"down": {"uv": [0.5, 0, 0, 0.5], "texture": "#0"}
			}
		},
		{
			"name": "f3",
			"from": [6.5, 1.75, 11.5],
			"to": [7.5, 3.75, 12.5],
			"faces": {
				"north": {"uv": [0, 0, 0.5, 1], "texture": "#0"},
				"east": {"uv": [0, 0, 0.5, 1], "texture": "#0"},
				"south": {"uv": [0, 0, 0.5, 1], "texture": "#0"},
				"west": {"uv": [0, 0, 0.5, 1], "texture": "#0"},
				"up": {"uv": [0.5, 0.5, 0, 0], "texture": "#0"},
				"down": {"uv": [0.5, 0, 0, 0.5], "texture": "#0"}
			}
		},
		{
			"name": "f4",
			"from": [6.5, 1.75, 13.5],
			"to": [7.5, 3.75, 14.5],
			"faces": {
				"north": {"uv": [0, 0, 0.5, 1], "texture": "#0"},
				"east": {"uv": [0, 0, 0.5, 1], "texture": "#0"},
				"south": {"uv": [0, 0, 0.5, 1], "texture": "#0"},
				"west": {"uv": [0, 0, 0.5, 1], "texture": "#0"},
				"up": {"uv": [0.5, 0.5, 0, 0], "texture": "#0"},
				"down": {"uv": [0.5, 0, 0, 0.5], "texture": "#0"}
			}
		},
		{
			"name": "f5",
			"from": [7.5, 1.75, 12.5],
			"to": [8.5, 3.75, 13.5],
			"faces": {
				"north": {"uv": [0, 0, 0.5, 1], "texture": "#0"},
				"east": {"uv": [0, 0, 0.5, 1], "texture": "#0"},
				"south": {"uv": [0, 0, 0.5, 1], "texture": "#0"},
				"west": {"uv": [0, 0, 0.5, 1], "texture": "#0"},
				"up": {"uv": [0.5, 0.5, 0, 0], "texture": "#0"},
				"down": {"uv": [0.5, 0, 0, 0.5], "texture": "#0"}
			}
		},
		{
			"name": "f6",
			"from": [8.5, 1.75, 13.5],
			"to": [9.5, 3.75, 14.5],
			"faces": {
				"north": {"uv": [0, 0, 0.5, 1], "texture": "#0"},
				"east": {"uv": [0, 0, 0.5, 1], "texture": "#0"},
				"south": {"uv": [0, 0, 0.5, 1], "texture": "#0"},
				"west": {"uv": [0, 0, 0.5, 1], "texture": "#0"},
				"up": {"uv": [0.5, 0.5, 0, 0], "texture": "#0"},
				"down": {"uv": [0.5, 0, 0, 0.5], "texture": "#0"}
			}
		},
		{
			"name": "f7",
			"from": [7.5, 1.75, 14.5],
			"to": [8.5, 3.75, 15.5],
			"faces": {
				"north": {"uv": [0, 0, 0.5, 1], "texture": "#0"},
				"east": {"uv": [0, 0, 0.5, 1], "texture": "#0"},
				"south": {"uv": [0, 0, 0.5, 1], "texture": "#0"},
				"west": {"uv": [0, 0, 0.5, 1], "texture": "#0"},
				"up": {"uv": [0.5, 0.5, 0, 0], "texture": "#0"},
				"down": {"uv": [0.5, 0, 0, 0.5], "texture": "#0"}
			}
		},
		{
			"name": "r1",
			"from": [6.5, 2, 10.5],
			"to": [7.5, 4, 11.5],
			"faces": {
				"north": {"uv": [1, 0, 1.5, 1], "texture": "#0"},
				"east": {"uv": [0.5, 0, 1, 1], "texture": "#0"},
				"south": {"uv": [0.5, 0, 1, 1], "texture": "#0"},
				"west": {"uv": [0.5, 0, 0.5, 0], "texture": "#0"},
				"up": {"uv": [1, 0.5, 0.5, 0], "texture": "#0"},
				"down": {"uv": [1, 0, 0.5, 0.5], "texture": "#0"}
			}
		},
		{
			"name": "r2",
			"from": [8.5, 2, 10.5],
			"to": [9.5, 4, 11.5],
			"faces": {
				"north": {"uv": [1, 0, 1.5, 1], "texture": "#0"},
				"east": {"uv": [0.5, 0, 1, 1], "texture": "#0"},
				"south": {"uv": [0.5, 0, 1, 1], "texture": "#0"},
				"west": {"uv": [0.5, 0, 0.5, 0], "texture": "#0"},
				"up": {"uv": [1, 0.5, 0.5, 0], "texture": "#0"},
				"down": {"uv": [1, 0, 0.5, 0.5], "texture": "#0"}
			}
		},
		{
			"name": "r3",
			"from": [7.5, 2, 11.5],
			"to": [8.5, 4, 12.5],
			"faces": {
				"north": {"uv": [1, 0, 1.5, 1], "texture": "#0"},
				"east": {"uv": [0.5, 0, 1, 1], "texture": "#0"},
				"south": {"uv": [0.5, 0, 1, 1], "texture": "#0"},
				"west": {"uv": [0.5, 0, 0.5, 0], "texture": "#0"},
				"up": {"uv": [1, 0.5, 0.5, 0], "texture": "#0"},
				"down": {"uv": [1, 0, 0.5, 0.5], "texture": "#0"}
			}
		},
		{
			"name": "r4",
			"from": [8.5, 2, 12.5],
			"to": [9.5, 4, 13.5],
			"faces": {
				"north": {"uv": [1, 0, 1.5, 1], "texture": "#0"},
				"east": {"uv": [0.5, 0, 1, 1], "texture": "#0"},
				"south": {"uv": [0.5, 0, 1, 1], "texture": "#0"},
				"west": {"uv": [0.5, 0, 0.5, 0], "texture": "#0"},
				"up": {"uv": [1, 0.5, 0.5, 0], "texture": "#0"},
				"down": {"uv": [1, 0, 0.5, 0.5], "texture": "#0"}
			}
		},
		{
			"name": "r5",
			"from": [6.5, 2, 12.5],
			"to": [7.5, 4, 13.5],
			"faces": {
				"north": {"uv": [1, 0, 1.5, 1], "texture": "#0"},
				"east": {"uv": [0.5, 0, 1, 1], "texture": "#0"},
				"south": {"uv": [0.5, 0, 1, 1], "texture": "#0"},
				"west": {"uv": [0.5, 0, 0.5, 0], "texture": "#0"},
				"up": {"uv": [1, 0.5, 0.5, 0], "texture": "#0"},
				"down": {"uv": [1, 0, 0.5, 0.5], "texture": "#0"}
			}
		},
		{
			"name": "r6",
			"from": [7.5, 2, 13.5],
			"to": [8.5, 4, 14.5],
			"faces": {
				"north": {"uv": [1, 0, 1.5, 1], "texture": "#0"},
				"east": {"uv": [0.5, 0, 1, 1], "texture": "#0"},
				"south": {"uv": [0.5, 0, 1, 1], "texture": "#0"},
				"west": {"uv": [0.5, 0, 0.5, 0], "texture": "#0"},
				"up": {"uv": [1, 0.5, 0.5, 0], "texture": "#0"},
				"down": {"uv": [1, 0, 0.5, 0.5], "texture": "#0"}
			}
		},
		{
			"name": "r7",
			"from": [8.5, 2, 14.5],
			"to": [9.5, 4, 15.5],
			"faces": {
				"north": {"uv": [1, 0, 1.5, 1], "texture": "#0"},
				"east": {"uv": [0.5, 0, 1, 1], "texture": "#0"},
				"south": {"uv": [0.5, 0, 1, 1], "texture": "#0"},
				"west": {"uv": [0.5, 0, 0.5, 0], "texture": "#0"},
				"up": {"uv": [1, 0.5, 0.5, 0], "texture": "#0"},
				"down": {"uv": [1, 0, 0.5, 0.5], "texture": "#0"}
			}
		},
		{
			"name": "r8",
			"from": [6.5, 2, 14.5],
			"to": [7.5, 4, 15.5],
			"faces": {
				"north": {"uv": [1, 0, 1.5, 1], "texture": "#0"},
				"east": {"uv": [0.5, 0, 1, 1], "texture": "#0"},
				"south": {"uv": [0.5, 0, 1, 1], "texture": "#0"},
				"west": {"uv": [0.5, 0, 0.5, 0], "texture": "#0"},
				"up": {"uv": [1, 0.5, 0.5, 0], "texture": "#0"},
				"down": {"uv": [1, 0, 0.5, 0.5], "texture": "#0"}
			}
		}
	],
	"gui_light": "front",
	"display": {
		"thirdperson_righthand": {
			"rotation": [-87.32, 8.56, 17.57],
			"translation": [-1.75, 3, -5]
		},
		"thirdperson_lefthand": {
			"rotation": [-87.32, 8.56, 17.57],
			"translation": [-1.75, 3, -5]
		},
		"firstperson_righthand": {
			"rotation": [-87.32, 8.56, 17.57],
			"translation": [-1.75, 3, -5]
		},
		"firstperson_lefthand": {
			"rotation": [-87.32, 8.56, 17.57],
			"translation": [-1.75, 3, -5]
		},
		"ground": {
			"rotation": [-87.32, 8.56, 17.57],
			"translation": [-1.75, 3.25, -5]
		},
		"gui": {
			"rotation": [-90.83, -36.41, 140.53],
			"translation": [-3.25, -2.75, -9.5]
		},
		"head": {
			"rotation": [-87.32, 0, 0],
			"translation": [0, 14, -7]
		},
		"fixed": {
			"rotation": [-90, 0, 0],
			"translation": [0, 0, -9.5],
			"scale": [1.2, 1.2, 1.2]
		}
	},
	"groups": [
		0,
		1,
		{
			"name": "flat_bristles",
			"origin": [8, 8, 8],
			"color": 0,
			"children": [2, 3, 4, 5, 6, 7, 8]
		},
		{
			"name": "raised_bristles",
			"origin": [0, 0, 0],
			"color": 0,
			"children": [9, 10, 11, 12, 13, 14, 15, 16]
		}
	]
}